2026-08-08 00:00:00.002 [scheduling-1] INFO  c.s.s.s.board.PostSyncScheduler - ==== Redis -> DB 동기화 스케줄러 시작 ====
2026-08-08 00:00:00.202 [scheduling-1] INFO  c.s.s.s.board.PostSyncScheduler - ==== Redis -> DB 동기화 완료 ====
2026-08-08 00:00:00.205 [scheduling-1] INFO  c.s.s.s.board.PostScoreScheduler - Starting scheduled task to update Post Popularity Scores...
2026-08-08 00:00:00.211 [scheduling-1] INFO  c.s.s.s.board.PostScoreScheduler - Finished updating popularity scores for 21 posts.
2026-08-08 00:03:39.420 [http-nio-8383-exec-3] TRACE o.s.security.web.FilterChainProxy - Trying to match request against DefaultSecurityFilterChain [RequestMatcher=any request, Filters=[org.springframework.security.web.session.DisableEncodeUrlFilter@79fad1c1, org.springframework.security.web.context.request.async.WebAsyncManagerIntegrationFilter@60da37b0, org.springframework.security.web.context.SecurityContextHolderFilter@81028f5, org.springframework.security.web.header.HeaderWriterFilter@11091385, org.springframework.web.filter.CorsFilter@536ca333, org.springframework.security.web.authentication.logout.LogoutFilter@5fde3b6d, org.springframework.security.oauth2.client.web.OAuth2AuthorizationRequestRedirectFilter@b274e3e, org.springframework.security.oauth2.client.web.OAuth2LoginAuthenticationFilter@7c7a1f75, com.sleepyproject.sleepy_backend.config.JwtFilter@73a347e8, org.springframework.security.web.savedrequest.RequestCacheAwareFilter@7214fd1b, org.springframework.security.web.servletapi.SecurityContextHolderAwareRequestFilter@52f387a8, org.springframework.security.web.authentication.AnonymousAuthenticationFilter@7a7c889, org.springframework.security.web.session.SessionManagementFilter@4555583b, org.springframework.security.web.access.ExceptionTranslationFilter@6cce35ea, org.springframework.security.web.access.intercept.AuthorizationFilter@76100385]] (1/1)
2026-08-08 00:03:39.420 [http-nio-8383-exec-3] DEBUG o.s.security.web.FilterChainProxy - Securing GET /api/products/list?category=%EC%99%81%EB%BF%8C&keyword=&sellerId=&page=0&size=20&sort=createdAt,desc
2026-08-08 00:03:39.420 [http-nio-8383-exec-3] TRACE o.s.security.web.FilterChainProxy - Invoking DisableEncodeUrlFilter (1/15)
2026-08-08 00:03:39.420 [http-nio-8383-exec-3] TRACE o.s.security.web.FilterChainProxy - Invoking WebAsyncManagerIntegrationFilter (2/15)
2026-08-08 00:03:39.420 [http-nio-8383-exec-3] TRACE o.s.security.web.FilterChainProxy - Invoking SecurityContextHolderFilter (3/15)
2026-08-08 00:03:39.420 [http-nio-8383-exec-3] TRACE o.s.security.web.FilterChainProxy - Invoking HeaderWriterFilter (4/15)
2026-08-08 00:03:39.420 [http-nio-8383-exec-3] TRACE o.s.security.web.FilterChainProxy - Invoking CorsFilter (5/15)
2026-08-08 00:03:39.420 [http-nio-8383-exec-3] TRACE o.s.security.web.FilterChainProxy - Invoking LogoutFilter (6/15)
2026-08-08 00:03:39.420 [http-nio-8383-exec-3] TRACE o.s.s.w.a.logout.LogoutFilter - Did not match request to Or [Ant [pattern='/logout', GET], Ant [pattern='/logout', POST], Ant [pattern='/logout', PUT], Ant [pattern='/logout', DELETE]]
2026-08-08 00:03:39.420 [http-nio-8383-exec-3] TRACE o.s.security.web.FilterChainProxy - Invoking OAuth2AuthorizationRequestRedirectFilter (7/15)
2026-08-08 00:03:39.421 [http-nio-8383-exec-3] TRACE o.s.security.web.FilterChainProxy - Invoking OAuth2LoginAuthenticationFilter (8/15)
2026-08-08 00:03:39.421 [http-nio-8383-exec-3] TRACE o.s.s.o.c.w.OAuth2LoginAuthenticationFilter - Did not match request to Ant [pattern='/login/oauth2/code/*']
2026-08-08 00:03:39.421 [http-nio-8383-exec-3] TRACE o.s.security.web.FilterChainProxy - Invoking JwtFilter (9/15)
2026-08-08 00:03:39.421 [http-nio-8383-exec-3] TRACE o.s.security.web.FilterChainProxy - Invoking RequestCacheAwareFilter (10/15)
2026-08-08 00:03:39.421 [http-nio-8383-exec-3] TRACE o.s.security.web.FilterChainProxy - Invoking SecurityContextHolderAwareRequestFilter (11/15)
2026-08-08 00:03:39.421 [http-nio-8383-exec-3] TRACE o.s.security.web.FilterChainProxy - Invoking AnonymousAuthenticationFilter (12/15)
2026-08-08 00:03:39.421 [http-nio-8383-exec-3] TRACE o.s.security.web.FilterChainProxy - Invoking SessionManagementFilter (13/15)
2026-08-08 00:03:39.421 [http-nio-8383-exec-3] TRACE o.s.s.w.c.SupplierDeferredSecurityContext - Created SecurityContextImpl [Null authentication]
2026-08-08 00:03:39.421 [http-nio-8383-exec-3] TRACE o.s.s.w.a.AnonymousAuthenticationFilter - Set SecurityContextHolder to AnonymousAuthenticationToken [Principal=anonymousUser, Credentials=[PROTECTED], Authenticated=true, Details=WebAuthenticationDetails [RemoteIpAddress=0:0:0:0:0:0:0:1, SessionId=null], Granted Authorities=[ROLE_ANONYMOUS]]
2026-08-08 00:03:39.422 [http-nio-8383-exec-3] TRACE o.s.security.web.FilterChainProxy - Invoking ExceptionTranslationFilter (14/15)
2026-08-08 00:03:39.422 [http-nio-8383-exec-3] TRACE o.s.security.web.FilterChainProxy - Invoking AuthorizationFilter (15/15)
2026-08-08 00:03:39.422 [http-nio-8383-exec-3] TRACE o.s.s.w.a.i.RequestMatcherDelegatingAuthorizationManager - Authorizing GET /api/products/list?category=%EC%99%81%EB%BF%8C&keyword=&sellerId=&page=0&size=20&sort=createdAt,desc
2026-08-08 00:03:39.422 [http-nio-8383-exec-3] TRACE o.s.s.w.a.i.RequestMatcherDelegatingAuthorizationManager - Checking authorization on GET /api/products/list?category=%EC%99%81%EB%BF%8C&keyword=&sellerId=&page=0&size=20&sort=createdAt,desc using org.springframework.security.config.annotation.web.configurers.AuthorizeHttpRequestsConfigurer$$Lambda/0x0000022808deed40@20f10c82
2026-08-08 00:03:39.422 [http-nio-8383-exec-3] DEBUG o.s.security.web.FilterChainProxy - Secured GET /api/products/list?category=%EC%99%81%EB%BF%8C&keyword=&sellerId=&page=0&size=20&sort=createdAt,desc
2026-08-08 00:03:39.424 [http-nio-8383-exec-3] INFO  c.s.s.service.product.ProductService - 카테고리: 왁뿌, 키워드: , 판매자: null 로 검색 진행
2026-08-08 00:03:39.438 [http-nio-8383-exec-3] TRACE o.s.s.w.h.writers.HstsHeaderWriter - Not injecting HSTS header since it did not match request to [Is Secure]
2026-08-08 00:04:30.466 [http-nio-8383-exec-9] TRACE o.s.security.web.FilterChainProxy - Trying to match request against DefaultSecurityFilterChain [RequestMatcher=any request, Filters=[org.springframework.security.web.session.DisableEncodeUrlFilter@79fad1c1, org.springframework.security.web.context.request.async.WebAsyncManagerIntegrationFilter@60da37b0, org.springframework.security.web.context.SecurityContextHolderFilter@81028f5, org.springframework.security.web.header.HeaderWriterFilter@11091385, org.springframework.web.filter.CorsFilter@536ca333, org.springframework.security.web.authentication.logout.LogoutFilter@5fde3b6d, org.springframework.security.oauth2.client.web.OAuth2AuthorizationRequestRedirectFilter@b274e3e, org.springframework.security.oauth2.client.web.OAuth2LoginAuthenticationFilter@7c7a1f75, com.sleepyproject.sleepy_backend.config.JwtFilter@73a347e8, org.springframework.security.web.savedrequest.RequestCacheAwareFilter@7214fd1b, org.springframework.security.web.servletapi.SecurityContextHolderAwareRequestFilter@52f387a8, org.springframework.security.web.authentication.AnonymousAuthenticationFilter@7a7c889, org.springframework.security.web.session.SessionManagementFilter@4555583b, org.springframework.security.web.access.ExceptionTranslationFilter@6cce35ea, org.springframework.security.web.access.intercept.AuthorizationFilter@76100385]] (1/1)
2026-08-08 00:04:30.467 [http-nio-8383-exec-9] DEBUG o.s.security.web.FilterChainProxy - Securing GET /api/products/list
2026-08-08 00:04:30.467 [http-nio-8383-exec-9] TRACE o.s.security.web.FilterChainProxy - Invoking DisableEncodeUrlFilter (1/15)
2026-08-08 00:04:30.467 [http-nio-8383-exec-9] TRACE o.s.security.web.FilterChainProxy - Invoking WebAsyncManagerIntegrationFilter (2/15)
2026-08-08 00:04:30.467 [http-nio-8383-exec-9] TRACE o.s.security.web.FilterChainProxy - Invoking SecurityContextHolderFilter (3/15)
2026-08-08 00:04:30.468 [http-nio-8383-exec-9] TRACE o.s.security.web.FilterChainProxy - Invoking HeaderWriterFilter (4/15)
2026-08-08 00:04:30.468 [http-nio-8383-exec-9] TRACE o.s.security.web.FilterChainProxy - Invoking CorsFilter (5/15)
2026-08-08 00:04:30.468 [http-nio-8383-exec-9] TRACE o.s.security.web.FilterChainProxy - Invoking LogoutFilter (6/15)
2026-08-08 00:04:30.468 [http-nio-8383-exec-9] TRACE o.s.s.w.a.logout.LogoutFilter - Did not match request to Or [Ant [pattern='/logout', GET], Ant [pattern='/logout', POST], Ant [pattern='/logout', PUT], Ant [pattern='/logout', DELETE]]
2026-08-08 00:04:30.468 [http-nio-8383-exec-9] TRACE o.s.security.web.FilterChainProxy - Invoking OAuth2AuthorizationRequestRedirectFilter (7/15)
2026-08-08 00:04:30.468 [http-nio-8383-exec-9] TRACE o.s.security.web.FilterChainProxy - Invoking OAuth2LoginAuthenticationFilter (8/15)
2026-08-08 00:04:30.468 [http-nio-8383-exec-9] TRACE o.s.s.o.c.w.OAuth2LoginAuthenticationFilter - Did not match request to Ant [pattern='/login/oauth2/code/*']
2026-08-08 00:04:30.468 [http-nio-8383-exec-9] TRACE o.s.security.web.FilterChainProxy - Invoking JwtFilter (9/15)
2026-08-08 00:04:30.468 [http-nio-8383-exec-9] TRACE o.s.security.web.FilterChainProxy - Invoking RequestCacheAwareFilter (10/15)
2026-08-08 00:04:30.468 [http-nio-8383-exec-9] TRACE o.s.security.web.FilterChainProxy - Invoking SecurityContextHolderAwareRequestFilter (11/15)
2026-08-08 00:04:30.468 [http-nio-8383-exec-9] TRACE o.s.security.web.FilterChainProxy - Invoking AnonymousAuthenticationFilter (12/15)
2026-08-08 00:04:30.468 [http-nio-8383-exec-9] TRACE o.s.security.web.FilterChainProxy - Invoking SessionManagementFilter (13/15)
2026-08-08 00:04:30.468 [http-nio-8383-exec-9] TRACE o.s.s.w.c.SupplierDeferredSecurityContext - Created SecurityContextImpl [Null authentication]
2026-08-08 00:04:30.468 [http-nio-8383-exec-9] TRACE o.s.s.w.a.AnonymousAuthenticationFilter - Set SecurityContextHolder to AnonymousAuthenticationToken [Principal=anonymousUser, Credentials=[PROTECTED], Authenticated=true, Details=WebAuthenticationDetails [RemoteIpAddress=0:0:0:0:0:0:0:1, SessionId=null], Granted Authorities=[ROLE_ANONYMOUS]]
2026-08-08 00:04:30.468 [http-nio-8383-exec-9] TRACE o.s.security.web.FilterChainProxy - Invoking ExceptionTranslationFilter (14/15)
2026-08-08 00:04:30.468 [http-nio-8383-exec-9] TRACE o.s.security.web.FilterChainProxy - Invoking AuthorizationFilter (15/15)
2026-08-08 00:04:30.468 [http-nio-8383-exec-9] TRACE o.s.s.w.a.i.RequestMatcherDelegatingAuthorizationManager - Authorizing GET /api/products/list
2026-08-08 00:04:30.468 [http-nio-8383-exec-9] TRACE o.s.s.w.a.i.RequestMatcherDelegatingAuthorizationManager - Checking authorization on GET /api/products/list using org.springframework.security.config.annotation.web.configurers.AuthorizeHttpRequestsConfigurer$$Lambda/0x0000022808deed40@20f10c82
2026-08-08 00:04:30.468 [http-nio-8383-exec-9] DEBUG o.s.security.web.FilterChainProxy - Secured GET /api/products/list
2026-08-08 00:04:30.472 [http-nio-8383-exec-9] INFO  c.s.s.service.product.ProductService - 카테고리: null, 키워드: null, 판매자: null 로 검색 진행
2026-08-08 00:04:30.493 [http-nio-8383-exec-9] TRACE o.s.s.w.h.writers.HstsHeaderWriter - Not injecting HSTS header since it did not match request to [Is Secure]
2026-08-08 00:05:00.011 [scheduling-1] INFO  c.s.s.s.board.PostSyncScheduler - ==== Redis -> DB 동기화 스케줄러 시작 ====
2026-08-08 00:05:00.183 [scheduling-1] INFO  c.s.s.s.board.PostSyncScheduler - ==== Redis -> DB 동기화 완료 ====
2026-08-08 00:05:36.720 [http-nio-8383-exec-8] TRACE o.s.security.web.FilterChainProxy - Trying to match request against DefaultSecurityFilterChain [RequestMatcher=any request, Filters=[org.springframework.security.web.session.DisableEncodeUrlFilter@79fad1c1, org.springframework.security.web.context.request.async.WebAsyncManagerIntegrationFilter@60da37b0, org.springframework.security.web.context.SecurityContextHolderFilter@81028f5, org.springframework.security.web.header.HeaderWriterFilter@11091385, org.springframework.web.filter.CorsFilter@536ca333, org.springframework.security.web.authentication.logout.LogoutFilter@5fde3b6d, org.springframework.security.oauth2.client.web.OAuth2AuthorizationRequestRedirectFilter@b274e3e, org.springframework.security.oauth2.client.web.OAuth2LoginAuthenticationFilter@7c7a1f75, com.sleepyproject.sleepy_backend.config.JwtFilter@73a347e8, org.springframework.security.web.savedrequest.RequestCacheAwareFilter@7214fd1b, org.springframework.security.web.servletapi.SecurityContextHolderAwareRequestFilter@52f387a8, org.springframework.security.web.authentication.AnonymousAuthenticationFilter@7a7c889, org.springframework.security.web.session.SessionManagementFilter@4555583b, org.springframework.security.web.access.ExceptionTranslationFilter@6cce35ea, org.springframework.security.web.access.intercept.AuthorizationFilter@76100385]] (1/1)
2026-08-08 00:05:36.720 [http-nio-8383-exec-8] DEBUG o.s.security.web.FilterChainProxy - Securing GET /api/auth/me
2026-08-08 00:05:36.720 [http-nio-8383-exec-8] TRACE o.s.security.web.FilterChainProxy - Invoking DisableEncodeUrlFilter (1/15)
2026-08-08 00:05:36.720 [http-nio-8383-exec-8] TRACE o.s.security.web.FilterChainProxy - Invoking WebAsyncManagerIntegrationFilter (2/15)
2026-08-08 00:05:36.720 [http-nio-8383-exec-8] TRACE o.s.security.web.FilterChainProxy - Invoking SecurityContextHolderFilter (3/15)
2026-08-08 00:05:36.720 [http-nio-8383-exec-8] TRACE o.s.security.web.FilterChainProxy - Invoking HeaderWriterFilter (4/15)
2026-08-08 00:05:36.720 [http-nio-8383-exec-8] TRACE o.s.security.web.FilterChainProxy - Invoking CorsFilter (5/15)
2026-08-08 00:05:36.721 [http-nio-8383-exec-8] TRACE o.s.security.web.FilterChainProxy - Invoking LogoutFilter (6/15)
2026-08-08 00:05:36.721 [http-nio-8383-exec-8] TRACE o.s.s.w.a.logout.LogoutFilter - Did not match request to Or [Ant [pattern='/logout', GET], Ant [pattern='/logout', POST], Ant [pattern='/logout', PUT], Ant [pattern='/logout', DELETE]]
2026-08-08 00:05:36.721 [http-nio-8383-exec-8] TRACE o.s.security.web.FilterChainProxy - Invoking OAuth2AuthorizationRequestRedirectFilter (7/15)
2026-08-08 00:05:36.721 [http-nio-8383-exec-8] TRACE o.s.security.web.FilterChainProxy - Invoking OAuth2LoginAuthenticationFilter (8/15)
2026-08-08 00:05:36.721 [http-nio-8383-exec-8] TRACE o.s.s.o.c.w.OAuth2LoginAuthenticationFilter - Did not match request to Ant [pattern='/login/oauth2/code/*']
2026-08-08 00:05:36.721 [http-nio-8383-exec-8] TRACE o.s.security.web.FilterChainProxy - Invoking JwtFilter (9/15)
2026-08-08 00:05:36.721 [http-nio-8383-exec-8] TRACE o.s.security.web.FilterChainProxy - Invoking RequestCacheAwareFilter (10/15)
2026-08-08 00:05:36.721 [http-nio-8383-exec-8] TRACE o.s.security.web.FilterChainProxy - Invoking SecurityContextHolderAwareRequestFilter (11/15)
2026-08-08 00:05:36.721 [http-nio-8383-exec-8] TRACE o.s.security.web.FilterChainProxy - Invoking AnonymousAuthenticationFilter (12/15)
2026-08-08 00:05:36.721 [http-nio-8383-exec-8] TRACE o.s.security.web.FilterChainProxy - Invoking SessionManagementFilter (13/15)
2026-08-08 00:05:36.721 [http-nio-8383-exec-8] TRACE o.s.s.w.c.SupplierDeferredSecurityContext - Created SecurityContextImpl [Null authentication]
2026-08-08 00:05:36.721 [http-nio-8383-exec-8] TRACE o.s.s.w.a.AnonymousAuthenticationFilter - Set SecurityContextHolder to AnonymousAuthenticationToken [Principal=anonymousUser, Credentials=[PROTECTED], Authenticated=true, Details=WebAuthenticationDetails [RemoteIpAddress=0:0:0:0:0:0:0:1, SessionId=null], Granted Authorities=[ROLE_ANONYMOUS]]
2026-08-08 00:05:36.721 [http-nio-8383-exec-8] TRACE o.s.security.web.FilterChainProxy - Invoking ExceptionTranslationFilter (14/15)
2026-08-08 00:05:36.721 [http-nio-8383-exec-8] TRACE o.s.security.web.FilterChainProxy - Invoking AuthorizationFilter (15/15)
2026-08-08 00:05:36.721 [http-nio-8383-exec-8] TRACE o.s.s.w.a.i.RequestMatcherDelegatingAuthorizationManager - Authorizing GET /api/auth/me
2026-08-08 00:05:36.722 [http-nio-8383-exec-8] TRACE o.s.s.w.a.i.RequestMatcherDelegatingAuthorizationManager - Checking authorization on GET /api/auth/me using org.springframework.security.authorization.AuthenticatedAuthorizationManager@75f447c9
2026-08-08 00:05:36.722 [http-nio-8383-exec-8] TRACE o.s.s.w.a.ExceptionTranslationFilter - Sending AnonymousAuthenticationToken [Principal=anonymousUser, Credentials=[PROTECTED], Authenticated=true, Details=WebAuthenticationDetails [RemoteIpAddress=0:0:0:0:0:0:0:1, SessionId=null], Granted Authorities=[ROLE_ANONYMOUS]] to authentication entry point since access is denied
org.springframework.security.access.AccessDeniedException: Access Denied
	at org.springframework.security.web.access.intercept.AuthorizationFilter.doFilter(AuthorizationFilter.java:98)
	at org.springframework.security.web.FilterChainProxy$VirtualFilterChain.doFilter(FilterChainProxy.java:374)
	at org.springframework.security.web.access.ExceptionTranslationFilter.doFilter(ExceptionTranslationFilter.java:126)
	at org.springframework.security.web.access.ExceptionTranslationFilter.doFilter(ExceptionTranslationFilter.java:120)
	at org.springframework.security.web.FilterChainProxy$VirtualFilterChain.doFilter(FilterChainProxy.java:374)
	at org.springframework.security.web.session.SessionManagementFilter.doFilter(SessionManagementFilter.java:131)
	at org.springframework.security.web.session.SessionManagementFilter.doFilter(SessionManagementFilter.java:85)
	at org.springframework.security.web.FilterChainProxy$VirtualFilterChain.doFilter(FilterChainProxy.java:374)
	at org.springframework.security.web.authentication.AnonymousAuthenticationFilter.doFilter(AnonymousAuthenticationFilter.java:100)
	at org.springframework.security.web.FilterChainProxy$VirtualFilterChain.doFilter(FilterChainProxy.java:374)
	at org.springframework.security.web.servletapi.SecurityContextHolderAwareRequestFilter.doFilter(SecurityContextHolderAwareRequestFilter.java:179)
	at org.springframework.security.web.FilterChainProxy$VirtualFilterChain.doFilter(FilterChainProxy.java:374)
	at org.springframework.security.web.savedrequest.RequestCacheAwareFilter.doFilter(RequestCacheAwareFilter.java:63)
	at org.springframework.security.web.FilterChainProxy$VirtualFilterChain.doFilter(FilterChainProxy.java:374)
	at com.sleepyproject.sleepy_backend.config.JwtFilter.doFilterInternal(JwtFilter.java:59)
	at org.springframework.web.filter.OncePerRequestFilter.doFilter(OncePerRequestFilter.java:116)
	at org.springframework.security.web.FilterChainProxy$VirtualFilterChain.doFilter(FilterChainProxy.java:374)
	at org.springframework.security.web.authentication.AbstractAuthenticationProcessingFilter.doFilter(AbstractAuthenticationProcessingFilter.java:227)
	at org.springframework.security.web.authentication.AbstractAuthenticationProcessingFilter.doFilter(AbstractAuthenticationProcessingFilter.java:221)
	at org.springframework.security.web.FilterChainProxy$VirtualFilterChain.doFilter(FilterChainProxy.java:374)
	at org.springframework.security.oauth2.client.web.OAuth2AuthorizationRequestRedirectFilter.doFilterInternal(OAuth2AuthorizationRequestRedirectFilter.java:198)
	at org.springframework.web.filter.OncePerRequestFilter.doFilter(OncePerRequestFilter.java:116)
	at org.springframework.security.web.FilterChainProxy$VirtualFilterChain.doFilter(FilterChainProxy.java:374)
	at org.springframework.security.web.authentication.logout.LogoutFilter.doFilter(LogoutFilter.java:107)
	at org.springframework.security.web.authentication.logout.LogoutFilter.doFilter(LogoutFilter.java:93)
	at org.springframework.security.web.FilterChainProxy$VirtualFilterChain.doFilter(FilterChainProxy.java:374)
	at org.springframework.web.filter.CorsFilter.doFilterInternal(CorsFilter.java:91)
	at org.springframework.web.filter.OncePerRequestFilter.doFilter(OncePerRequestFilter.java:116)
	at org.springframework.security.web.FilterChainProxy$VirtualFilterChain.doFilter(FilterChainProxy.java:374)
	at org.springframework.security.web.header.HeaderWriterFilter.doHeadersAfter(HeaderWriterFilter.java:90)
	at org.springframework.security.web.header.HeaderWriterFilter.doFilterInternal(HeaderWriterFilter.java:75)
	at org.springframework.web.filter.OncePerRequestFilter.doFilter(OncePerRequestFilter.java:116)
	at org.springframework.security.web.FilterChainProxy$VirtualFilterChain.doFilter(FilterChainProxy.java:374)
	at org.springframework.security.web.context.SecurityContextHolderFilter.doFilter(SecurityContextHolderFilter.java:82)
	at org.springframework.security.web.context.SecurityContextHolderFilter.doFilter(SecurityContextHolderFilter.java:69)
	at org.springframework.security.web.FilterChainProxy$VirtualFilterChain.doFilter(FilterChainProxy.java:374)
	at org.springframework.security.web.context.request.async.WebAsyncManagerIntegrationFilter.doFilterInternal(WebAsyncManagerIntegrationFilter.java:62)
	at org.springframework.web.filter.OncePerRequestFilter.doFilter(OncePerRequestFilter.java:116)
	at org.springframework.security.web.FilterChainProxy$VirtualFilterChain.doFilter(FilterChainProxy.java:374)
	at org.springframework.security.web.session.DisableEncodeUrlFilter.doFilterInternal(DisableEncodeUrlFilter.java:42)
	at org.springframework.web.filter.OncePerRequestFilter.doFilter(OncePerRequestFilter.java:116)
	at org.springframework.security.web.FilterChainProxy$VirtualFilterChain.doFilter(FilterChainProxy.java:374)
	at org.springframework.security.web.FilterChainProxy.doFilterInternal(FilterChainProxy.java:233)
	at org.springframework.security.web.FilterChainProxy.doFilter(FilterChainProxy.java:191)
	at org.springframework.web.filter.CompositeFilter$VirtualFilterChain.doFilter(CompositeFilter.java:113)
	at org.springframework.web.servlet.handler.HandlerMappingIntrospector.lambda$createCacheFilter$3(HandlerMappingIntrospector.java:195)
	at org.springframework.web.filter.CompositeFilter$VirtualFilterChain.doFilter(CompositeFilter.java:113)
	at org.springframework.web.filter.CompositeFilter.doFilter(CompositeFilter.java:74)
	at org.springframework.security.config.annotation.web.configuration.WebMvcSecurityConfiguration$CompositeFilterChainProxy.doFilter(WebMvcSecurityConfiguration.java:230)
	at org.springframework.web.filter.DelegatingFilterProxy.invokeDelegate(DelegatingFilterProxy.java:362)
	at org.springframework.web.filter.DelegatingFilterProxy.doFilter(DelegatingFilterProxy.java:278)
	at org.apache.catalina.core.ApplicationFilterChain.internalDoFilter(ApplicationFilterChain.java:164)
	at org.apache.catalina.core.ApplicationFilterChain.doFilter(ApplicationFilterChain.java:140)
	at org.springframework.web.filter.RequestContextFilter.doFilterInternal(RequestContextFilter.java:100)
	at org.springframework.web.filter.OncePerRequestFilter.doFilter(OncePerRequestFilter.java:116)
	at org.apache.catalina.core.ApplicationFilterChain.internalDoFilter(ApplicationFilterChain.java:164)
	at org.apache.catalina.core.ApplicationFilterChain.doFilter(ApplicationFilterChain.java:140)
	at org.springframework.web.filter.FormContentFilter.doFilterInternal(FormContentFilter.java:93)
	at org.springframework.web.filter.OncePerRequestFilter.doFilter(OncePerRequestFilter.java:116)
	at org.apache.catalina.core.ApplicationFilterChain.internalDoFilter(ApplicationFilterChain.java:164)
	at org.apache.catalina.core.ApplicationFilterChain.doFilter(ApplicationFilterChain.java:140)
	at org.springframework.web.filter.CharacterEncodingFilter.doFilterInternal(CharacterEncodingFilter.java:201)
	at org.springframework.web.filter.OncePerRequestFilter.doFilter(OncePerRequestFilter.java:116)
	at org.apache.catalina.core.ApplicationFilterChain.internalDoFilter(ApplicationFilterChain.java:164)
	at org.apache.catalina.core.ApplicationFilterChain.doFilter(ApplicationFilterChain.java:140)
	at org.springframework.web.filter.OncePerRequestFilter.doFilter(OncePerRequestFilter.java:101)
	at org.apache.catalina.core.ApplicationFilterChain.internalDoFilter(ApplicationFilterChain.java:164)
	at org.apache.catalina.core.ApplicationFilterChain.doFilter(ApplicationFilterChain.java:140)
	at org.apache.catalina.core.StandardWrapperValve.invoke(StandardWrapperValve.java:167)
	at org.apache.catalina.core.StandardContextValve.invoke(StandardContextValve.java:90)
	at org.apache.catalina.authenticator.AuthenticatorBase.invoke(AuthenticatorBase.java:483)
	at org.apache.catalina.core.StandardHostValve.invoke(StandardHostValve.java:115)
	at org.apache.catalina.valves.ErrorReportValve.invoke(ErrorReportValve.java:93)
	at org.apache.catalina.core.StandardEngineValve.invoke(StandardEngineValve.java:74)
	at org.apache.catalina.connector.CoyoteAdapter.service(CoyoteAdapter.java:344)
	at org.apache.coyote.http11.Http11Processor.service(Http11Processor.java:384)
	at org.apache.coyote.AbstractProcessorLight.process(AbstractProcessorLight.java:63)
	at org.apache.coyote.AbstractProtocol$ConnectionHandler.process(AbstractProtocol.java:905)
	at org.apache.tomcat.util.net.NioEndpoint$SocketProcessor.doRun(NioEndpoint.java:1741)
	at org.apache.tomcat.util.net.SocketProcessorBase.run(SocketProcessorBase.java:52)
	at org.apache.tomcat.util.threads.ThreadPoolExecutor.runWorker(ThreadPoolExecutor.java:1190)
	at org.apache.tomcat.util.threads.ThreadPoolExecutor$Worker.run(ThreadPoolExecutor.java:659)
	at org.apache.tomcat.util.threads.TaskThread$WrappingRunnable.run(TaskThread.java:63)
	at java.base/java.lang.Thread.run(Thread.java:1583)
2026-08-08 00:05:36.739 [http-nio-8383-exec-8] TRACE o.s.s.w.h.writers.HstsHeaderWriter - Not injecting HSTS header since it did not match request to [Is Secure]
2026-08-08 00:05:36.766 [http-nio-8383-exec-5] TRACE o.s.security.web.FilterChainProxy - Trying to match request against DefaultSecurityFilterChain [RequestMatcher=any request, Filters=[org.springframework.security.web.session.DisableEncodeUrlFilter@79fad1c1, org.springframework.security.web.context.request.async.WebAsyncManagerIntegrationFilter@60da37b0, org.springframework.security.web.context.SecurityContextHolderFilter@81028f5, org.springframework.security.web.header.HeaderWriterFilter@11091385, org.springframework.web.filter.CorsFilter@536ca333, org.springframework.security.web.authentication.logout.LogoutFilter@5fde3b6d, org.springframework.security.oauth2.client.web.OAuth2AuthorizationRequestRedirectFilter@b274e3e, org.springframework.security.oauth2.client.web.OAuth2LoginAuthenticationFilter@7c7a1f75, com.sleepyproject.sleepy_backend.config.JwtFilter@73a347e8, org.springframework.security.web.savedrequest.RequestCacheAwareFilter@7214fd1b, org.springframework.security.web.servletapi.SecurityContextHolderAwareRequestFilter@52f387a8, org.springframework.security.web.authentication.AnonymousAuthenticationFilter@7a7c889, org.springframework.security.web.session.SessionManagementFilter@4555583b, org.springframework.security.web.access.ExceptionTranslationFilter@6cce35ea, org.springframework.security.web.access.intercept.AuthorizationFilter@76100385]] (1/1)
2026-08-08 00:05:36.766 [http-nio-8383-exec-5] DEBUG o.s.security.web.FilterChainProxy - Securing GET /api/auth/me
2026-08-08 00:05:36.766 [http-nio-8383-exec-5] TRACE o.s.security.web.FilterChainProxy - Invoking DisableEncodeUrlFilter (1/15)
2026-08-08 00:05:36.766 [http-nio-8383-exec-5] TRACE o.s.security.web.FilterChainProxy - Invoking WebAsyncManagerIntegrationFilter (2/15)
2026-08-08 00:05:36.766 [http-nio-8383-exec-5] TRACE o.s.security.web.FilterChainProxy - Invoking SecurityContextHolderFilter (3/15)
2026-08-08 00:05:36.766 [http-nio-8383-exec-5] TRACE o.s.security.web.FilterChainProxy - Invoking HeaderWriterFilter (4/15)
2026-08-08 00:05:36.767 [http-nio-8383-exec-5] TRACE o.s.security.web.FilterChainProxy - Invoking CorsFilter (5/15)
2026-08-08 00:05:36.767 [http-nio-8383-exec-5] TRACE o.s.security.web.FilterChainProxy - Invoking LogoutFilter (6/15)
2026-08-08 00:05:36.767 [http-nio-8383-exec-5] TRACE o.s.s.w.a.logout.LogoutFilter - Did not match request to Or [Ant [pattern='/logout', GET], Ant [pattern='/logout', POST], Ant [pattern='/logout', PUT], Ant [pattern='/logout', DELETE]]
2026-08-08 00:05:36.767 [http-nio-8383-exec-5] TRACE o.s.security.web.FilterChainProxy - Invoking OAuth2AuthorizationRequestRedirectFilter (7/15)
2026-08-08 00:05:36.767 [http-nio-8383-exec-5] TRACE o.s.security.web.FilterChainProxy - Invoking OAuth2LoginAuthenticationFilter (8/15)
2026-08-08 00:05:36.767 [http-nio-8383-exec-5] TRACE o.s.s.o.c.w.OAuth2LoginAuthenticationFilter - Did not match request to Ant [pattern='/login/oauth2/code/*']
2026-08-08 00:05:36.767 [http-nio-8383-exec-5] TRACE o.s.security.web.FilterChainProxy - Invoking JwtFilter (9/15)
2026-08-08 00:05:36.767 [http-nio-8383-exec-5] TRACE o.s.security.web.FilterChainProxy - Invoking RequestCacheAwareFilter (10/15)
2026-08-08 00:05:36.767 [http-nio-8383-exec-5] TRACE o.s.security.web.FilterChainProxy - Invoking SecurityContextHolderAwareRequestFilter (11/15)
2026-08-08 00:05:36.767 [http-nio-8383-exec-5] TRACE o.s.security.web.FilterChainProxy - Invoking AnonymousAuthenticationFilter (12/15)
2026-08-08 00:05:36.767 [http-nio-8383-exec-5] TRACE o.s.security.web.FilterChainProxy - Invoking SessionManagementFilter (13/15)
2026-08-08 00:05:36.767 [http-nio-8383-exec-5] TRACE o.s.s.w.c.SupplierDeferredSecurityContext - Created SecurityContextImpl [Null authentication]
2026-08-08 00:05:36.767 [http-nio-8383-exec-5] TRACE o.s.s.w.a.AnonymousAuthenticationFilter - Set SecurityContextHolder to AnonymousAuthenticationToken [Principal=anonymousUser, Credentials=[PROTECTED], Authenticated=true, Details=WebAuthenticationDetails [RemoteIpAddress=0:0:0:0:0:0:0:1, SessionId=null], Granted Authorities=[ROLE_ANONYMOUS]]
2026-08-08 00:05:36.767 [http-nio-8383-exec-5] TRACE o.s.security.web.FilterChainProxy - Invoking ExceptionTranslationFilter (14/15)
2026-08-08 00:05:36.767 [http-nio-8383-exec-5] TRACE o.s.security.web.FilterChainProxy - Invoking AuthorizationFilter (15/15)
2026-08-08 00:05:36.767 [http-nio-8383-exec-5] TRACE o.s.s.w.a.i.RequestMatcherDelegatingAuthorizationManager - Authorizing GET /api/auth/me
2026-08-08 00:05:36.768 [http-nio-8383-exec-5] TRACE o.s.s.w.a.i.RequestMatcherDelegatingAuthorizationManager - Checking authorization on GET /api/auth/me using org.springframework.security.authorization.AuthenticatedAuthorizationManager@75f447c9
2026-08-08 00:05:36.768 [http-nio-8383-exec-7] TRACE o.s.security.web.FilterChainProxy - Trying to match request against DefaultSecurityFilterChain [RequestMatcher=any request, Filters=[org.springframework.security.web.session.DisableEncodeUrlFilter@79fad1c1, org.springframework.security.web.context.request.async.WebAsyncManagerIntegrationFilter@60da37b0, org.springframework.security.web.context.SecurityContextHolderFilter@81028f5, org.springframework.security.web.header.HeaderWriterFilter@11091385, org.springframework.web.filter.CorsFilter@536ca333, org.springframework.security.web.authentication.logout.LogoutFilter@5fde3b6d, org.springframework.security.oauth2.client.web.OAuth2AuthorizationRequestRedirectFilter@b274e3e, org.springframework.security.oauth2.client.web.OAuth2LoginAuthenticationFilter@7c7a1f75, com.sleepyproject.sleepy_backend.config.JwtFilter@73a347e8, org.springframework.security.web.savedrequest.RequestCacheAwareFilter@7214fd1b, org.springframework.security.web.servletapi.SecurityContextHolderAwareRequestFilter@52f387a8, org.springframework.security.web.authentication.AnonymousAuthenticationFilter@7a7c889, org.springframework.security.web.session.SessionManagementFilter@4555583b, org.springframework.security.web.access.ExceptionTranslationFilter@6cce35ea, org.springframework.security.web.access.intercept.AuthorizationFilter@76100385]] (1/1)
2026-08-08 00:05:36.778 [http-nio-8383-exec-7] DEBUG o.s.security.web.FilterChainProxy - Securing POST /api/auth/refresh
2026-08-08 00:05:36.778 [http-nio-8383-exec-7] TRACE o.s.security.web.FilterChainProxy - Invoking DisableEncodeUrlFilter (1/15)
2026-08-08 00:05:36.778 [http-nio-8383-exec-7] TRACE o.s.security.web.FilterChainProxy - Invoking WebAsyncManagerIntegrationFilter (2/15)
2026-08-08 00:05:36.778 [http-nio-8383-exec-7] TRACE o.s.security.web.FilterChainProxy - Invoking SecurityContextHolderFilter (3/15)
2026-08-08 00:05:36.778 [http-nio-8383-exec-7] TRACE o.s.security.web.FilterChainProxy - Invoking HeaderWriterFilter (4/15)
2026-08-08 00:05:36.768 [http-nio-8383-exec-5] TRACE o.s.s.w.a.ExceptionTranslationFilter - Sending AnonymousAuthenticationToken [Principal=anonymousUser, Credentials=[PROTECTED], Authenticated=true, Details=WebAuthenticationDetails [RemoteIpAddress=0:0:0:0:0:0:0:1, SessionId=null], Granted Authorities=[ROLE_ANONYMOUS]] to authentication entry point since access is denied
org.springframework.security.access.AccessDeniedException: Access Denied
	at org.springframework.security.web.access.intercept.AuthorizationFilter.doFilter(AuthorizationFilter.java:98)
	at org.springframework.security.web.FilterChainProxy$VirtualFilterChain.doFilter(FilterChainProxy.java:374)
	at org.springframework.security.web.access.ExceptionTranslationFilter.doFilter(ExceptionTranslationFilter.java:126)
	at org.springframework.security.web.access.ExceptionTranslationFilter.doFilter(ExceptionTranslationFilter.java:120)
	at org.springframework.security.web.FilterChainProxy$VirtualFilterChain.doFilter(FilterChainProxy.java:374)
	at org.springframework.security.web.session.SessionManagementFilter.doFilter(SessionManagementFilter.java:131)
	at org.springframework.security.web.session.SessionManagementFilter.doFilter(SessionManagementFilter.java:85)
	at org.springframework.security.web.FilterChainProxy$VirtualFilterChain.doFilter(FilterChainProxy.java:374)
	at org.springframework.security.web.authentication.AnonymousAuthenticationFilter.doFilter(AnonymousAuthenticationFilter.java:100)
	at org.springframework.security.web.FilterChainProxy$VirtualFilterChain.doFilter(FilterChainProxy.java:374)
	at org.springframework.security.web.servletapi.SecurityContextHolderAwareRequestFilter.doFilter(SecurityContextHolderAwareRequestFilter.java:179)
	at org.springframework.security.web.FilterChainProxy$VirtualFilterChain.doFilter(FilterChainProxy.java:374)
	at org.springframework.security.web.savedrequest.RequestCacheAwareFilter.doFilter(RequestCacheAwareFilter.java:63)
	at org.springframework.security.web.FilterChainProxy$VirtualFilterChain.doFilter(FilterChainProxy.java:374)
	at com.sleepyproject.sleepy_backend.config.JwtFilter.doFilterInternal(JwtFilter.java:59)
	at org.springframework.web.filter.OncePerRequestFilter.doFilter(OncePerRequestFilter.java:116)
	at org.springframework.security.web.FilterChainProxy$VirtualFilterChain.doFilter(FilterChainProxy.java:374)
	at org.springframework.security.web.authentication.AbstractAuthenticationProcessingFilter.doFilter(AbstractAuthenticationProcessingFilter.java:227)
	at org.springframework.security.web.authentication.AbstractAuthenticationProcessingFilter.doFilter(AbstractAuthenticationProcessingFilter.java:221)
	at org.springframework.security.web.FilterChainProxy$VirtualFilterChain.doFilter(FilterChainProxy.java:374)
	at org.springframework.security.oauth2.client.web.OAuth2AuthorizationRequestRedirectFilter.doFilterInternal(OAuth2AuthorizationRequestRedirectFilter.java:198)
	at org.springframework.web.filter.OncePerRequestFilter.doFilter(OncePerRequestFilter.java:116)
	at org.springframework.security.web.FilterChainProxy$VirtualFilterChain.doFilter(FilterChainProxy.java:374)
	at org.springframework.security.web.authentication.logout.LogoutFilter.doFilter(LogoutFilter.java:107)
	at org.springframework.security.web.authentication.logout.LogoutFilter.doFilter(LogoutFilter.java:93)
	at org.springframework.security.web.FilterChainProxy$VirtualFilterChain.doFilter(FilterChainProxy.java:374)
	at org.springframework.web.filter.CorsFilter.doFilterInternal(CorsFilter.java:91)
	at org.springframework.web.filter.OncePerRequestFilter.doFilter(OncePerRequestFilter.java:116)
	at org.springframework.security.web.FilterChainProxy$VirtualFilterChain.doFilter(FilterChainProxy.java:374)
	at org.springframework.security.web.header.HeaderWriterFilter.doHeadersAfter(HeaderWriterFilter.java:90)
	at org.springframework.security.web.header.HeaderWriterFilter.doFilterInternal(HeaderWriterFilter.java:75)
	at org.springframework.web.filter.OncePerRequestFilter.doFilter(OncePerRequestFilter.java:116)
	at org.springframework.security.web.FilterChainProxy$VirtualFilterChain.doFilter(FilterChainProxy.java:374)
	at org.springframework.security.web.context.SecurityContextHolderFilter.doFilter(SecurityContextHolderFilter.java:82)
	at org.springframework.security.web.context.SecurityContextHolderFilter.doFilter(SecurityContextHolderFilter.java:69)
	at org.springframework.security.web.FilterChainProxy$VirtualFilterChain.doFilter(FilterChainProxy.java:374)
	at org.springframework.security.web.context.request.async.WebAsyncManagerIntegrationFilter.doFilterInternal(WebAsyncManagerIntegrationFilter.java:62)
	at org.springframework.web.filter.OncePerRequestFilter.doFilter(OncePerRequestFilter.java:116)
	at org.springframework.security.web.FilterChainProxy$VirtualFilterChain.doFilter(FilterChainProxy.java:374)
	at org.springframework.security.web.session.DisableEncodeUrlFilter.doFilterInternal(DisableEncodeUrlFilter.java:42)
	at org.springframework.web.filter.OncePerRequestFilter.doFilter(OncePerRequestFilter.java:116)
	at org.springframework.security.web.FilterChainProxy$VirtualFilterChain.doFilter(FilterChainProxy.java:374)
	at org.springframework.security.web.FilterChainProxy.doFilterInternal(FilterChainProxy.java:233)
	at org.springframework.security.web.FilterChainProxy.doFilter(FilterChainProxy.java:191)
	at org.springframework.web.filter.CompositeFilter$VirtualFilterChain.doFilter(CompositeFilter.java:113)
	at org.springframework.web.servlet.handler.HandlerMappingIntrospector.lambda$createCacheFilter$3(HandlerMappingIntrospector.java:195)
	at org.springframework.web.filter.CompositeFilter$VirtualFilterChain.doFilter(CompositeFilter.java:113)
	at org.springframework.web.filter.CompositeFilter.doFilter(CompositeFilter.java:74)
	at org.springframework.security.config.annotation.web.configuration.WebMvcSecurityConfiguration$CompositeFilterChainProxy.doFilter(WebMvcSecurityConfiguration.java:230)
	at org.springframework.web.filter.DelegatingFilterProxy.invokeDelegate(DelegatingFilterProxy.java:362)
	at org.springframework.web.filter.DelegatingFilterProxy.doFilter(DelegatingFilterProxy.java:278)
	at org.apache.catalina.core.ApplicationFilterChain.internalDoFilter(ApplicationFilterChain.java:164)
	at org.apache.catalina.core.ApplicationFilterChain.doFilter(ApplicationFilterChain.java:140)
	at org.springframework.web.filter.RequestContextFilter.doFilterInternal(RequestContextFilter.java:100)
	at org.springframework.web.filter.OncePerRequestFilter.doFilter(OncePerRequestFilter.java:116)
	at org.apache.catalina.core.ApplicationFilterChain.internalDoFilter(ApplicationFilterChain.java:164)
	at org.apache.catalina.core.ApplicationFilterChain.doFilter(ApplicationFilterChain.java:140)
	at org.springframework.web.filter.FormContentFilter.doFilterInternal(FormContentFilter.java:93)
	at org.springframework.web.filter.OncePerRequestFilter.doFilter(OncePerRequestFilter.java:116)
	at org.apache.catalina.core.ApplicationFilterChain.internalDoFilter(ApplicationFilterChain.java:164)
	at org.apache.catalina.core.ApplicationFilterChain.doFilter(ApplicationFilterChain.java:140)
	at org.springframework.web.filter.CharacterEncodingFilter.doFilterInternal(CharacterEncodingFilter.java:201)
	at org.springframework.web.filter.OncePerRequestFilter.doFilter(OncePerRequestFilter.java:116)
	at org.apache.catalina.core.ApplicationFilterChain.internalDoFilter(ApplicationFilterChain.java:164)
	at org.apache.catalina.core.ApplicationFilterChain.doFilter(ApplicationFilterChain.java:140)
	at org.springframework.web.filter.OncePerRequestFilter.doFilter(OncePerRequestFilter.java:101)
	at org.apache.catalina.core.ApplicationFilterChain.internalDoFilter(ApplicationFilterChain.java:164)
	at org.apache.catalina.core.ApplicationFilterChain.doFilter(ApplicationFilterChain.java:140)
	at org.apache.catalina.core.StandardWrapperValve.invoke(StandardWrapperValve.java:167)
	at org.apache.catalina.core.StandardContextValve.invoke(StandardContextValve.java:90)
	at org.apache.catalina.authenticator.AuthenticatorBase.invoke(AuthenticatorBase.java:483)
	at org.apache.catalina.core.StandardHostValve.invoke(StandardHostValve.java:115)
	at org.apache.catalina.valves.ErrorReportValve.invoke(ErrorReportValve.java:93)
	at org.apache.catalina.core.StandardEngineValve.invoke(StandardEngineValve.java:74)
	at org.apache.catalina.connector.CoyoteAdapter.service(CoyoteAdapter.java:344)
	at org.apache.coyote.http11.Http11Processor.service(Http11Processor.java:384)
	at org.apache.coyote.AbstractProcessorLight.process(AbstractProcessorLight.java:63)
	at org.apache.coyote.AbstractProtocol$ConnectionHandler.process(AbstractProtocol.java:905)
	at org.apache.tomcat.util.net.NioEndpoint$SocketProcessor.doRun(NioEndpoint.java:1741)
	at org.apache.tomcat.util.net.SocketProcessorBase.run(SocketProcessorBase.java:52)
	at org.apache.tomcat.util.threads.ThreadPoolExecutor.runWorker(ThreadPoolExecutor.java:1190)
	at org.apache.tomcat.util.threads.ThreadPoolExecutor$Worker.run(ThreadPoolExecutor.java:659)
	at org.apache.tomcat.util.threads.TaskThread$WrappingRunnable.run(TaskThread.java:63)
	at java.base/java.lang.Thread.run(Thread.java:1583)
2026-08-08 00:05:36.778 [http-nio-8383-exec-7] TRACE o.s.security.web.FilterChainProxy - Invoking CorsFilter (5/15)
2026-08-08 00:05:36.779 [http-nio-8383-exec-5] TRACE o.s.s.w.h.writers.HstsHeaderWriter - Not injecting HSTS header since it did not match request to [Is Secure]
2026-08-08 00:05:36.779 [http-nio-8383-exec-7] TRACE o.s.security.web.FilterChainProxy - Invoking LogoutFilter (6/15)
2026-08-08 00:05:36.779 [http-nio-8383-exec-7] TRACE o.s.s.w.a.logout.LogoutFilter - Did not match request to Or [Ant [pattern='/logout', GET], Ant [pattern='/logout', POST], Ant [pattern='/logout', PUT], Ant [pattern='/logout', DELETE]]
2026-08-08 00:05:36.779 [http-nio-8383-exec-7] TRACE o.s.security.web.FilterChainProxy - Invoking OAuth2AuthorizationRequestRedirectFilter (7/15)
2026-08-08 00:05:36.779 [http-nio-8383-exec-7] TRACE o.s.security.web.FilterChainProxy - Invoking OAuth2LoginAuthenticationFilter (8/15)
2026-08-08 00:05:36.779 [http-nio-8383-exec-7] TRACE o.s.s.o.c.w.OAuth2LoginAuthenticationFilter - Did not match request to Ant [pattern='/login/oauth2/code/*']
2026-08-08 00:05:36.779 [http-nio-8383-exec-7] TRACE o.s.security.web.FilterChainProxy - Invoking JwtFilter (9/15)
2026-08-08 00:05:36.779 [http-nio-8383-exec-7] TRACE o.s.security.web.FilterChainProxy - Invoking RequestCacheAwareFilter (10/15)
2026-08-08 00:05:36.779 [http-nio-8383-exec-7] TRACE o.s.security.web.FilterChainProxy - Invoking SecurityContextHolderAwareRequestFilter (11/15)
2026-08-08 00:05:36.779 [http-nio-8383-exec-7] TRACE o.s.security.web.FilterChainProxy - Invoking AnonymousAuthenticationFilter (12/15)
2026-08-08 00:05:36.779 [http-nio-8383-exec-7] TRACE o.s.security.web.FilterChainProxy - Invoking SessionManagementFilter (13/15)
2026-08-08 00:05:36.779 [http-nio-8383-exec-7] TRACE o.s.s.w.c.SupplierDeferredSecurityContext - Created SecurityContextImpl [Null authentication]
2026-08-08 00:05:36.779 [http-nio-8383-exec-7] TRACE o.s.s.w.a.AnonymousAuthenticationFilter - Set SecurityContextHolder to AnonymousAuthenticationToken [Principal=anonymousUser, Credentials=[PROTECTED], Authenticated=true, Details=WebAuthenticationDetails [RemoteIpAddress=0:0:0:0:0:0:0:1, SessionId=null], Granted Authorities=[ROLE_ANONYMOUS]]
2026-08-08 00:05:36.787 [http-nio-8383-exec-7] TRACE o.s.security.web.FilterChainProxy - Invoking ExceptionTranslationFilter (14/15)
2026-08-08 00:05:36.788 [http-nio-8383-exec-7] TRACE o.s.security.web.FilterChainProxy - Invoking AuthorizationFilter (15/15)
2026-08-08 00:05:36.788 [http-nio-8383-exec-7] TRACE o.s.s.w.a.i.RequestMatcherDelegatingAuthorizationManager - Authorizing POST /api/auth/refresh
2026-08-08 00:05:36.788 [http-nio-8383-exec-7] TRACE o.s.s.w.a.i.RequestMatcherDelegatingAuthorizationManager - Checking authorization on POST /api/auth/refresh using org.springframework.security.config.annotation.web.configurers.AuthorizeHttpRequestsConfigurer$$Lambda/0x0000022808deed40@20f10c82
2026-08-08 00:05:36.788 [http-nio-8383-exec-7] DEBUG o.s.security.web.FilterChainProxy - Secured POST /api/auth/refresh
2026-08-08 00:05:36.789 [http-nio-8383-exec-10] TRACE o.s.security.web.FilterChainProxy - Trying to match request against DefaultSecurityFilterChain [RequestMatcher=any request, Filters=[org.springframework.security.web.session.DisableEncodeUrlFilter@79fad1c1, org.springframework.security.web.context.request.async.WebAsyncManagerIntegrationFilter@60da37b0, org.springframework.security.web.context.SecurityContextHolderFilter@81028f5, org.springframework.security.web.header.HeaderWriterFilter@11091385, org.springframework.web.filter.CorsFilter@536ca333, org.springframework.security.web.authentication.logout.LogoutFilter@5fde3b6d, org.springframework.security.oauth2.client.web.OAuth2AuthorizationRequestRedirectFilter@b274e3e, org.springframework.security.oauth2.client.web.OAuth2LoginAuthenticationFilter@7c7a1f75, com.sleepyproject.sleepy_backend.config.JwtFilter@73a347e8, org.springframework.security.web.savedrequest.RequestCacheAwareFilter@7214fd1b, org.springframework.security.web.servletapi.SecurityContextHolderAwareRequestFilter@52f387a8, org.springframework.security.web.authentication.AnonymousAuthenticationFilter@7a7c889, org.springframework.security.web.session.SessionManagementFilter@4555583b, org.springframework.security.web.access.ExceptionTranslationFilter@6cce35ea, org.springframework.security.web.access.intercept.AuthorizationFilter@76100385]] (1/1)
2026-08-08 00:05:36.789 [http-nio-8383-exec-10] DEBUG o.s.security.web.FilterChainProxy - Securing POST /api/auth/refresh
2026-08-08 00:05:36.789 [http-nio-8383-exec-10] TRACE o.s.security.web.FilterChainProxy - Invoking DisableEncodeUrlFilter (1/15)
2026-08-08 00:05:36.789 [http-nio-8383-exec-10] TRACE o.s.security.web.FilterChainProxy - Invoking WebAsyncManagerIntegrationFilter (2/15)
2026-08-08 00:05:36.789 [http-nio-8383-exec-10] TRACE o.s.security.web.FilterChainProxy - Invoking SecurityContextHolderFilter (3/15)
2026-08-08 00:05:36.789 [http-nio-8383-exec-10] TRACE o.s.security.web.FilterChainProxy - Invoking HeaderWriterFilter (4/15)
2026-08-08 00:05:36.789 [http-nio-8383-exec-10] TRACE o.s.security.web.FilterChainProxy - Invoking CorsFilter (5/15)
2026-08-08 00:05:36.790 [http-nio-8383-exec-10] TRACE o.s.security.web.FilterChainProxy - Invoking LogoutFilter (6/15)
2026-08-08 00:05:36.790 [http-nio-8383-exec-10] TRACE o.s.s.w.a.logout.LogoutFilter - Did not match request to Or [Ant [pattern='/logout', GET], Ant [pattern='/logout', POST], Ant [pattern='/logout', PUT], Ant [pattern='/logout', DELETE]]
2026-08-08 00:05:36.790 [http-nio-8383-exec-10] TRACE o.s.security.web.FilterChainProxy - Invoking OAuth2AuthorizationRequestRedirectFilter (7/15)
2026-08-08 00:05:36.790 [http-nio-8383-exec-10] TRACE o.s.security.web.FilterChainProxy - Invoking OAuth2LoginAuthenticationFilter (8/15)
2026-08-08 00:05:36.790 [http-nio-8383-exec-10] TRACE o.s.s.o.c.w.OAuth2LoginAuthenticationFilter - Did not match request to Ant [pattern='/login/oauth2/code/*']
2026-08-08 00:05:36.790 [http-nio-8383-exec-10] TRACE o.s.security.web.FilterChainProxy - Invoking JwtFilter (9/15)
2026-08-08 00:05:36.790 [http-nio-8383-exec-10] TRACE o.s.security.web.FilterChainProxy - Invoking RequestCacheAwareFilter (10/15)
2026-08-08 00:05:36.801 [http-nio-8383-exec-10] TRACE o.s.security.web.FilterChainProxy - Invoking SecurityContextHolderAwareRequestFilter (11/15)
2026-08-08 00:05:36.801 [http-nio-8383-exec-10] TRACE o.s.security.web.FilterChainProxy - Invoking AnonymousAuthenticationFilter (12/15)
2026-08-08 00:05:36.801 [http-nio-8383-exec-10] TRACE o.s.security.web.FilterChainProxy - Invoking SessionManagementFilter (13/15)
2026-08-08 00:05:36.801 [http-nio-8383-exec-10] TRACE o.s.s.w.c.SupplierDeferredSecurityContext - Created SecurityContextImpl [Null authentication]
2026-08-08 00:05:36.801 [http-nio-8383-exec-10] TRACE o.s.s.w.a.AnonymousAuthenticationFilter - Set SecurityContextHolder to AnonymousAuthenticationToken [Principal=anonymousUser, Credentials=[PROTECTED], Authenticated=true, Details=WebAuthenticationDetails [RemoteIpAddress=0:0:0:0:0:0:0:1, SessionId=null], Granted Authorities=[ROLE_ANONYMOUS]]
2026-08-08 00:05:36.801 [http-nio-8383-exec-10] TRACE o.s.security.web.FilterChainProxy - Invoking ExceptionTranslationFilter (14/15)
2026-08-08 00:05:36.801 [http-nio-8383-exec-10] TRACE o.s.security.web.FilterChainProxy - Invoking AuthorizationFilter (15/15)
2026-08-08 00:05:36.801 [http-nio-8383-exec-10] TRACE o.s.s.w.a.i.RequestMatcherDelegatingAuthorizationManager - Authorizing POST /api/auth/refresh
2026-08-08 00:05:36.801 [http-nio-8383-exec-10] TRACE o.s.s.w.a.i.RequestMatcherDelegatingAuthorizationManager - Checking authorization on POST /api/auth/refresh using org.springframework.security.config.annotation.web.configurers.AuthorizeHttpRequestsConfigurer$$Lambda/0x0000022808deed40@20f10c82
2026-08-08 00:05:36.801 [http-nio-8383-exec-10] DEBUG o.s.security.web.FilterChainProxy - Secured POST /api/auth/refresh
2026-08-08 00:05:36.855 [http-nio-8383-exec-7] TRACE o.s.s.w.h.writers.HstsHeaderWriter - Not injecting HSTS header since it did not match request to [Is Secure]
2026-08-08 00:05:36.860 [http-nio-8383-exec-10] TRACE o.s.s.w.h.writers.HstsHeaderWriter - Not injecting HSTS header since it did not match request to [Is Secure]
2026-08-08 00:05:36.869 [http-nio-8383-exec-1] TRACE o.s.security.web.FilterChainProxy - Trying to match request against DefaultSecurityFilterChain [RequestMatcher=any request, Filters=[org.springframework.security.web.session.DisableEncodeUrlFilter@79fad1c1, org.springframework.security.web.context.request.async.WebAsyncManagerIntegrationFilter@60da37b0, org.springframework.security.web.context.SecurityContextHolderFilter@81028f5, org.springframework.security.web.header.HeaderWriterFilter@11091385, org.springframework.web.filter.CorsFilter@536ca333, org.springframework.security.web.authentication.logout.LogoutFilter@5fde3b6d, org.springframework.security.oauth2.client.web.OAuth2AuthorizationRequestRedirectFilter@b274e3e, org.springframework.security.oauth2.client.web.OAuth2LoginAuthenticationFilter@7c7a1f75, com.sleepyproject.sleepy_backend.config.JwtFilter@73a347e8, org.springframework.security.web.savedrequest.RequestCacheAwareFilter@7214fd1b, org.springframework.security.web.servletapi.SecurityContextHolderAwareRequestFilter@52f387a8, org.springframework.security.web.authentication.AnonymousAuthenticationFilter@7a7c889, org.springframework.security.web.session.SessionManagementFilter@4555583b, org.springframework.security.web.access.ExceptionTranslationFilter@6cce35ea, org.springframework.security.web.access.intercept.AuthorizationFilter@76100385]] (1/1)
2026-08-08 00:05:36.869 [http-nio-8383-exec-1] DEBUG o.s.security.web.FilterChainProxy - Securing GET /api/auth/me
2026-08-08 00:05:36.869 [http-nio-8383-exec-1] TRACE o.s.security.web.FilterChainProxy - Invoking DisableEncodeUrlFilter (1/15)
2026-08-08 00:05:36.869 [http-nio-8383-exec-1] TRACE o.s.security.web.FilterChainProxy - Invoking WebAsyncManagerIntegrationFilter (2/15)
2026-08-08 00:05:36.869 [http-nio-8383-exec-1] TRACE o.s.security.web.FilterChainProxy - Invoking SecurityContextHolderFilter (3/15)
2026-08-08 00:05:36.869 [http-nio-8383-exec-1] TRACE o.s.security.web.FilterChainProxy - Invoking HeaderWriterFilter (4/15)
2026-08-08 00:05:36.869 [http-nio-8383-exec-1] TRACE o.s.security.web.FilterChainProxy - Invoking CorsFilter (5/15)
2026-08-08 00:05:36.870 [http-nio-8383-exec-1] TRACE o.s.security.web.FilterChainProxy - Invoking LogoutFilter (6/15)
2026-08-08 00:05:36.870 [http-nio-8383-exec-1] TRACE o.s.s.w.a.logout.LogoutFilter - Did not match request to Or [Ant [pattern='/logout', GET], Ant [pattern='/logout', POST], Ant [pattern='/logout', PUT], Ant [pattern='/logout', DELETE]]
2026-08-08 00:05:36.870 [http-nio-8383-exec-1] TRACE o.s.security.web.FilterChainProxy - Invoking OAuth2AuthorizationRequestRedirectFilter (7/15)
2026-08-08 00:05:36.870 [http-nio-8383-exec-1] TRACE o.s.security.web.FilterChainProxy - Invoking OAuth2LoginAuthenticationFilter (8/15)
2026-08-08 00:05:36.870 [http-nio-8383-exec-1] TRACE o.s.s.o.c.w.OAuth2LoginAuthenticationFilter - Did not match request to Ant [pattern='/login/oauth2/code/*']
2026-08-08 00:05:36.870 [http-nio-8383-exec-1] TRACE o.s.security.web.FilterChainProxy - Invoking JwtFilter (9/15)
2026-08-08 00:05:36.881 [http-nio-8383-exec-1] TRACE o.s.s.w.c.SupplierDeferredSecurityContext - Created SecurityContextImpl [Null authentication]
2026-08-08 00:05:36.882 [http-nio-8383-exec-1] TRACE o.s.security.web.FilterChainProxy - Invoking RequestCacheAwareFilter (10/15)
2026-08-08 00:05:36.882 [http-nio-8383-exec-1] TRACE o.s.security.web.FilterChainProxy - Invoking SecurityContextHolderAwareRequestFilter (11/15)
2026-08-08 00:05:36.882 [http-nio-8383-exec-1] TRACE o.s.security.web.FilterChainProxy - Invoking AnonymousAuthenticationFilter (12/15)
2026-08-08 00:05:36.882 [http-nio-8383-exec-1] TRACE o.s.security.web.FilterChainProxy - Invoking SessionManagementFilter (13/15)
2026-08-08 00:05:36.882 [http-nio-8383-exec-1] TRACE o.s.s.w.a.AnonymousAuthenticationFilter - Did not set SecurityContextHolder since already authenticated UsernamePasswordAuthenticationToken [Principal=Manager, Credentials=[PROTECTED], Authenticated=true, Details=null, Granted Authorities=[ROLE_SELLER]]
2026-08-08 00:05:36.882 [http-nio-8383-exec-1] TRACE o.s.s.w.a.s.CompositeSessionAuthenticationStrategy - Preparing session with ChangeSessionIdAuthenticationStrategy (1/1)
2026-08-08 00:05:36.882 [http-nio-8383-exec-1] TRACE o.s.security.web.FilterChainProxy - Invoking ExceptionTranslationFilter (14/15)
2026-08-08 00:05:36.882 [http-nio-8383-exec-1] TRACE o.s.security.web.FilterChainProxy - Invoking AuthorizationFilter (15/15)
2026-08-08 00:05:36.882 [http-nio-8383-exec-1] TRACE o.s.s.w.a.i.RequestMatcherDelegatingAuthorizationManager - Authorizing GET /api/auth/me
2026-08-08 00:05:36.882 [http-nio-8383-exec-1] TRACE o.s.s.w.a.i.RequestMatcherDelegatingAuthorizationManager - Checking authorization on GET /api/auth/me using org.springframework.security.authorization.AuthenticatedAuthorizationManager@75f447c9
2026-08-08 00:05:36.882 [http-nio-8383-exec-1] DEBUG o.s.security.web.FilterChainProxy - Secured GET /api/auth/me
2026-08-08 00:05:36.885 [http-nio-8383-exec-1] TRACE o.s.s.w.h.writers.HstsHeaderWriter - Not injecting HSTS header since it did not match request to [Is Secure]
2026-08-08 00:05:36.892 [http-nio-8383-exec-6] TRACE o.s.security.web.FilterChainProxy - Trying to match request against DefaultSecurityFilterChain [RequestMatcher=any request, Filters=[org.springframework.security.web.session.DisableEncodeUrlFilter@79fad1c1, org.springframework.security.web.context.request.async.WebAsyncManagerIntegrationFilter@60da37b0, org.springframework.security.web.context.SecurityContextHolderFilter@81028f5, org.springframework.security.web.header.HeaderWriterFilter@11091385, org.springframework.web.filter.CorsFilter@536ca333, org.springframework.security.web.authentication.logout.LogoutFilter@5fde3b6d, org.springframework.security.oauth2.client.web.OAuth2AuthorizationRequestRedirectFilter@b274e3e, org.springframework.security.oauth2.client.web.OAuth2LoginAuthenticationFilter@7c7a1f75, com.sleepyproject.sleepy_backend.config.JwtFilter@73a347e8, org.springframework.security.web.savedrequest.RequestCacheAwareFilter@7214fd1b, org.springframework.security.web.servletapi.SecurityContextHolderAwareRequestFilter@52f387a8, org.springframework.security.web.authentication.AnonymousAuthenticationFilter@7a7c889, org.springframework.security.web.session.SessionManagementFilter@4555583b, org.springframework.security.web.access.ExceptionTranslationFilter@6cce35ea, org.springframework.security.web.access.intercept.AuthorizationFilter@76100385]] (1/1)
2026-08-08 00:05:36.892 [http-nio-8383-exec-6] DEBUG o.s.security.web.FilterChainProxy - Securing GET /api/auth/me
2026-08-08 00:05:36.892 [http-nio-8383-exec-6] TRACE o.s.security.web.FilterChainProxy - Invoking DisableEncodeUrlFilter (1/15)
2026-08-08 00:05:36.892 [http-nio-8383-exec-6] TRACE o.s.security.web.FilterChainProxy - Invoking WebAsyncManagerIntegrationFilter (2/15)
2026-08-08 00:05:36.892 [http-nio-8383-exec-6] TRACE o.s.security.web.FilterChainProxy - Invoking SecurityContextHolderFilter (3/15)
2026-08-08 00:05:36.892 [http-nio-8383-exec-6] TRACE o.s.security.web.FilterChainProxy - Invoking HeaderWriterFilter (4/15)
2026-08-08 00:05:36.892 [http-nio-8383-exec-6] TRACE o.s.security.web.FilterChainProxy - Invoking CorsFilter (5/15)
2026-08-08 00:05:36.892 [http-nio-8383-exec-6] TRACE o.s.security.web.FilterChainProxy - Invoking LogoutFilter (6/15)
2026-08-08 00:05:36.892 [http-nio-8383-exec-6] TRACE o.s.s.w.a.logout.LogoutFilter - Did not match request to Or [Ant [pattern='/logout', GET], Ant [pattern='/logout', POST], Ant [pattern='/logout', PUT], Ant [pattern='/logout', DELETE]]
2026-08-08 00:05:36.892 [http-nio-8383-exec-6] TRACE o.s.security.web.FilterChainProxy - Invoking OAuth2AuthorizationRequestRedirectFilter (7/15)
2026-08-08 00:05:36.892 [http-nio-8383-exec-6] TRACE o.s.security.web.FilterChainProxy - Invoking OAuth2LoginAuthenticationFilter (8/15)
2026-08-08 00:05:36.892 [http-nio-8383-exec-6] TRACE o.s.s.o.c.w.OAuth2LoginAuthenticationFilter - Did not match request to Ant [pattern='/login/oauth2/code/*']
2026-08-08 00:05:36.893 [http-nio-8383-exec-6] TRACE o.s.security.web.FilterChainProxy - Invoking JwtFilter (9/15)
2026-08-08 00:05:36.906 [http-nio-8383-exec-6] TRACE o.s.s.w.c.SupplierDeferredSecurityContext - Created SecurityContextImpl [Null authentication]
2026-08-08 00:05:36.906 [http-nio-8383-exec-6] TRACE o.s.security.web.FilterChainProxy - Invoking RequestCacheAwareFilter (10/15)
2026-08-08 00:05:36.906 [http-nio-8383-exec-6] TRACE o.s.security.web.FilterChainProxy - Invoking SecurityContextHolderAwareRequestFilter (11/15)
2026-08-08 00:05:36.906 [http-nio-8383-exec-6] TRACE o.s.security.web.FilterChainProxy - Invoking AnonymousAuthenticationFilter (12/15)
2026-08-08 00:05:36.906 [http-nio-8383-exec-6] TRACE o.s.security.web.FilterChainProxy - Invoking SessionManagementFilter (13/15)
2026-08-08 00:05:36.906 [http-nio-8383-exec-6] TRACE o.s.s.w.a.AnonymousAuthenticationFilter - Did not set SecurityContextHolder since already authenticated UsernamePasswordAuthenticationToken [Principal=Manager, Credentials=[PROTECTED], Authenticated=true, Details=null, Granted Authorities=[ROLE_SELLER]]
2026-08-08 00:05:36.906 [http-nio-8383-exec-6] TRACE o.s.s.w.a.s.CompositeSessionAuthenticationStrategy - Preparing session with ChangeSessionIdAuthenticationStrategy (1/1)
2026-08-08 00:05:36.906 [http-nio-8383-exec-6] TRACE o.s.security.web.FilterChainProxy - Invoking ExceptionTranslationFilter (14/15)
2026-08-08 00:05:36.906 [http-nio-8383-exec-6] TRACE o.s.security.web.FilterChainProxy - Invoking AuthorizationFilter (15/15)
2026-08-08 00:05:36.906 [http-nio-8383-exec-6] TRACE o.s.s.w.a.i.RequestMatcherDelegatingAuthorizationManager - Authorizing GET /api/auth/me
2026-08-08 00:05:36.906 [http-nio-8383-exec-6] TRACE o.s.s.w.a.i.RequestMatcherDelegatingAuthorizationManager - Checking authorization on GET /api/auth/me using org.springframework.security.authorization.AuthenticatedAuthorizationManager@75f447c9
2026-08-08 00:05:36.906 [http-nio-8383-exec-6] DEBUG o.s.security.web.FilterChainProxy - Secured GET /api/auth/me
2026-08-08 00:05:36.907 [http-nio-8383-exec-2] TRACE o.s.security.web.FilterChainProxy - Trying to match request against DefaultSecurityFilterChain [RequestMatcher=any request, Filters=[org.springframework.security.web.session.DisableEncodeUrlFilter@79fad1c1, org.springframework.security.web.context.request.async.WebAsyncManagerIntegrationFilter@60da37b0, org.springframework.security.web.context.SecurityContextHolderFilter@81028f5, org.springframework.security.web.header.HeaderWriterFilter@11091385, org.springframework.web.filter.CorsFilter@536ca333, org.springframework.security.web.authentication.logout.LogoutFilter@5fde3b6d, org.springframework.security.oauth2.client.web.OAuth2AuthorizationRequestRedirectFilter@b274e3e, org.springframework.security.oauth2.client.web.OAuth2LoginAuthenticationFilter@7c7a1f75, com.sleepyproject.sleepy_backend.config.JwtFilter@73a347e8, org.springframework.security.web.savedrequest.RequestCacheAwareFilter@7214fd1b, org.springframework.security.web.servletapi.SecurityContextHolderAwareRequestFilter@52f387a8, org.springframework.security.web.authentication.AnonymousAuthenticationFilter@7a7c889, org.springframework.security.web.session.SessionManagementFilter@4555583b, org.springframework.security.web.access.ExceptionTranslationFilter@6cce35ea, org.springframework.security.web.access.intercept.AuthorizationFilter@76100385]] (1/1)
2026-08-08 00:05:36.907 [http-nio-8383-exec-2] DEBUG o.s.security.web.FilterChainProxy - Securing GET /api/products/list?category=&keyword=&sellerId=&page=0&size=50&sort=reviewCount,desc
2026-08-08 00:05:36.907 [http-nio-8383-exec-3] TRACE o.s.security.web.FilterChainProxy - Trying to match request against DefaultSecurityFilterChain [RequestMatcher=any request, Filters=[org.springframework.security.web.session.DisableEncodeUrlFilter@79fad1c1, org.springframework.security.web.context.request.async.WebAsyncManagerIntegrationFilter@60da37b0, org.springframework.security.web.context.SecurityContextHolderFilter@81028f5, org.springframework.security.web.header.HeaderWriterFilter@11091385, org.springframework.web.filter.CorsFilter@536ca333, org.springframework.security.web.authentication.logout.LogoutFilter@5fde3b6d, org.springframework.security.oauth2.client.web.OAuth2AuthorizationRequestRedirectFilter@b274e3e, org.springframework.security.oauth2.client.web.OAuth2LoginAuthenticationFilter@7c7a1f75, com.sleepyproject.sleepy_backend.config.JwtFilter@73a347e8, org.springframework.security.web.savedrequest.RequestCacheAwareFilter@7214fd1b, org.springframework.security.web.servletapi.SecurityContextHolderAwareRequestFilter@52f387a8, org.springframework.security.web.authentication.AnonymousAuthenticationFilter@7a7c889, org.springframework.security.web.session.SessionManagementFilter@4555583b, org.springframework.security.web.access.ExceptionTranslationFilter@6cce35ea, org.springframework.security.web.access.intercept.AuthorizationFilter@76100385]] (1/1)
2026-08-08 00:05:36.916 [http-nio-8383-exec-2] TRACE o.s.security.web.FilterChainProxy - Invoking DisableEncodeUrlFilter (1/15)
2026-08-08 00:05:36.909 [http-nio-8383-exec-9] TRACE o.s.security.web.FilterChainProxy - Trying to match request against DefaultSecurityFilterChain [RequestMatcher=any request, Filters=[org.springframework.security.web.session.DisableEncodeUrlFilter@79fad1c1, org.springframework.security.web.context.request.async.WebAsyncManagerIntegrationFilter@60da37b0, org.springframework.security.web.context.SecurityContextHolderFilter@81028f5, org.springframework.security.web.header.HeaderWriterFilter@11091385, org.springframework.web.filter.CorsFilter@536ca333, org.springframework.security.web.authentication.logout.LogoutFilter@5fde3b6d, org.springframework.security.oauth2.client.web.OAuth2AuthorizationRequestRedirectFilter@b274e3e, org.springframework.security.oauth2.client.web.OAuth2LoginAuthenticationFilter@7c7a1f75, com.sleepyproject.sleepy_backend.config.JwtFilter@73a347e8, org.springframework.security.web.savedrequest.RequestCacheAwareFilter@7214fd1b, org.springframework.security.web.servletapi.SecurityContextHolderAwareRequestFilter@52f387a8, org.springframework.security.web.authentication.AnonymousAuthenticationFilter@7a7c889, org.springframework.security.web.session.SessionManagementFilter@4555583b, org.springframework.security.web.access.ExceptionTranslationFilter@6cce35ea, org.springframework.security.web.access.intercept.AuthorizationFilter@76100385]] (1/1)
2026-08-08 00:05:36.909 [http-nio-8383-exec-6] TRACE o.s.s.w.h.writers.HstsHeaderWriter - Not injecting HSTS header since it did not match request to [Is Secure]
2026-08-08 00:05:36.916 [http-nio-8383-exec-3] DEBUG o.s.security.web.FilterChainProxy - Securing GET /api/board/posts?keyword=&page=0&size=10&sort=createdAt,desc&type=MEDIA
2026-08-08 00:05:36.916 [http-nio-8383-exec-9] DEBUG o.s.security.web.FilterChainProxy - Securing GET /api/products/list?category=&keyword=&sellerId=&page=0&size=20&sort=createdAt,desc
2026-08-08 00:05:36.916 [http-nio-8383-exec-3] TRACE o.s.security.web.FilterChainProxy - Invoking DisableEncodeUrlFilter (1/15)
2026-08-08 00:05:36.916 [http-nio-8383-exec-2] TRACE o.s.security.web.FilterChainProxy - Invoking WebAsyncManagerIntegrationFilter (2/15)
2026-08-08 00:05:36.916 [http-nio-8383-exec-3] TRACE o.s.security.web.FilterChainProxy - Invoking WebAsyncManagerIntegrationFilter (2/15)
2026-08-08 00:05:36.916 [http-nio-8383-exec-9] TRACE o.s.security.web.FilterChainProxy - Invoking DisableEncodeUrlFilter (1/15)
2026-08-08 00:05:36.916 [http-nio-8383-exec-3] TRACE o.s.security.web.FilterChainProxy - Invoking SecurityContextHolderFilter (3/15)
2026-08-08 00:05:36.916 [http-nio-8383-exec-2] TRACE o.s.security.web.FilterChainProxy - Invoking SecurityContextHolderFilter (3/15)
2026-08-08 00:05:36.916 [http-nio-8383-exec-3] TRACE o.s.security.web.FilterChainProxy - Invoking HeaderWriterFilter (4/15)
2026-08-08 00:05:36.916 [http-nio-8383-exec-9] TRACE o.s.security.web.FilterChainProxy - Invoking WebAsyncManagerIntegrationFilter (2/15)
2026-08-08 00:05:36.916 [http-nio-8383-exec-3] TRACE o.s.security.web.FilterChainProxy - Invoking CorsFilter (5/15)
2026-08-08 00:05:36.916 [http-nio-8383-exec-2] TRACE o.s.security.web.FilterChainProxy - Invoking HeaderWriterFilter (4/15)
2026-08-08 00:05:36.916 [http-nio-8383-exec-9] TRACE o.s.security.web.FilterChainProxy - Invoking SecurityContextHolderFilter (3/15)
2026-08-08 00:05:36.916 [http-nio-8383-exec-3] TRACE o.s.security.web.FilterChainProxy - Invoking LogoutFilter (6/15)
2026-08-08 00:05:36.916 [http-nio-8383-exec-2] TRACE o.s.security.web.FilterChainProxy - Invoking CorsFilter (5/15)
2026-08-08 00:05:36.916 [http-nio-8383-exec-9] TRACE o.s.security.web.FilterChainProxy - Invoking HeaderWriterFilter (4/15)
2026-08-08 00:05:36.916 [http-nio-8383-exec-9] TRACE o.s.security.web.FilterChainProxy - Invoking CorsFilter (5/15)
2026-08-08 00:05:36.916 [http-nio-8383-exec-3] TRACE o.s.s.w.a.logout.LogoutFilter - Did not match request to Or [Ant [pattern='/logout', GET], Ant [pattern='/logout', POST], Ant [pattern='/logout', PUT], Ant [pattern='/logout', DELETE]]
2026-08-08 00:05:36.916 [http-nio-8383-exec-2] TRACE o.s.security.web.FilterChainProxy - Invoking LogoutFilter (6/15)
2026-08-08 00:05:36.923 [http-nio-8383-exec-4] TRACE o.s.security.web.FilterChainProxy - Trying to match request against DefaultSecurityFilterChain [RequestMatcher=any request, Filters=[org.springframework.security.web.session.DisableEncodeUrlFilter@79fad1c1, org.springframework.security.web.context.request.async.WebAsyncManagerIntegrationFilter@60da37b0, org.springframework.security.web.context.SecurityContextHolderFilter@81028f5, org.springframework.security.web.header.HeaderWriterFilter@11091385, org.springframework.web.filter.CorsFilter@536ca333, org.springframework.security.web.authentication.logout.LogoutFilter@5fde3b6d, org.springframework.security.oauth2.client.web.OAuth2AuthorizationRequestRedirectFilter@b274e3e, org.springframework.security.oauth2.client.web.OAuth2LoginAuthenticationFilter@7c7a1f75, com.sleepyproject.sleepy_backend.config.JwtFilter@73a347e8, org.springframework.security.web.savedrequest.RequestCacheAwareFilter@7214fd1b, org.springframework.security.web.servletapi.SecurityContextHolderAwareRequestFilter@52f387a8, org.springframework.security.web.authentication.AnonymousAuthenticationFilter@7a7c889, org.springframework.security.web.session.SessionManagementFilter@4555583b, org.springframework.security.web.access.ExceptionTranslationFilter@6cce35ea, org.springframework.security.web.access.intercept.AuthorizationFilter@76100385]] (1/1)
2026-08-08 00:05:36.927 [http-nio-8383-exec-9] TRACE o.s.security.web.FilterChainProxy - Invoking LogoutFilter (6/15)
2026-08-08 00:05:36.927 [http-nio-8383-exec-3] TRACE o.s.security.web.FilterChainProxy - Invoking OAuth2AuthorizationRequestRedirectFilter (7/15)
2026-08-08 00:05:36.927 [http-nio-8383-exec-2] TRACE o.s.s.w.a.logout.LogoutFilter - Did not match request to Or [Ant [pattern='/logout', GET], Ant [pattern='/logout', POST], Ant [pattern='/logout', PUT], Ant [pattern='/logout', DELETE]]
2026-08-08 00:05:36.927 [http-nio-8383-exec-4] DEBUG o.s.security.web.FilterChainProxy - Securing GET /api/auth/me
2026-08-08 00:05:36.927 [http-nio-8383-exec-2] TRACE o.s.security.web.FilterChainProxy - Invoking OAuth2AuthorizationRequestRedirectFilter (7/15)
2026-08-08 00:05:36.927 [http-nio-8383-exec-9] TRACE o.s.s.w.a.logout.LogoutFilter - Did not match request to Or [Ant [pattern='/logout', GET], Ant [pattern='/logout', POST], Ant [pattern='/logout', PUT], Ant [pattern='/logout', DELETE]]
2026-08-08 00:05:36.927 [http-nio-8383-exec-3] TRACE o.s.security.web.FilterChainProxy - Invoking OAuth2LoginAuthenticationFilter (8/15)
2026-08-08 00:05:36.927 [http-nio-8383-exec-9] TRACE o.s.security.web.FilterChainProxy - Invoking OAuth2AuthorizationRequestRedirectFilter (7/15)
2026-08-08 00:05:36.927 [http-nio-8383-exec-3] TRACE o.s.s.o.c.w.OAuth2LoginAuthenticationFilter - Did not match request to Ant [pattern='/login/oauth2/code/*']
2026-08-08 00:05:36.927 [http-nio-8383-exec-9] TRACE o.s.security.web.FilterChainProxy - Invoking OAuth2LoginAuthenticationFilter (8/15)
2026-08-08 00:05:36.927 [http-nio-8383-exec-4] TRACE o.s.security.web.FilterChainProxy - Invoking DisableEncodeUrlFilter (1/15)
2026-08-08 00:05:36.927 [http-nio-8383-exec-3] TRACE o.s.security.web.FilterChainProxy - Invoking JwtFilter (9/15)
2026-08-08 00:05:36.927 [http-nio-8383-exec-2] TRACE o.s.security.web.FilterChainProxy - Invoking OAuth2LoginAuthenticationFilter (8/15)
2026-08-08 00:05:36.927 [http-nio-8383-exec-4] TRACE o.s.security.web.FilterChainProxy - Invoking WebAsyncManagerIntegrationFilter (2/15)
2026-08-08 00:05:36.927 [http-nio-8383-exec-9] TRACE o.s.s.o.c.w.OAuth2LoginAuthenticationFilter - Did not match request to Ant [pattern='/login/oauth2/code/*']
2026-08-08 00:05:36.927 [http-nio-8383-exec-4] TRACE o.s.security.web.FilterChainProxy - Invoking SecurityContextHolderFilter (3/15)
2026-08-08 00:05:36.927 [http-nio-8383-exec-2] TRACE o.s.s.o.c.w.OAuth2LoginAuthenticationFilter - Did not match request to Ant [pattern='/login/oauth2/code/*']
2026-08-08 00:05:36.927 [http-nio-8383-exec-9] TRACE o.s.security.web.FilterChainProxy - Invoking JwtFilter (9/15)
2026-08-08 00:05:36.942 [http-nio-8383-exec-3] TRACE o.s.s.w.c.SupplierDeferredSecurityContext - Created SecurityContextImpl [Null authentication]
2026-08-08 00:05:36.927 [http-nio-8383-exec-4] TRACE o.s.security.web.FilterChainProxy - Invoking HeaderWriterFilter (4/15)
2026-08-08 00:05:36.942 [http-nio-8383-exec-3] TRACE o.s.security.web.FilterChainProxy - Invoking RequestCacheAwareFilter (10/15)
2026-08-08 00:05:36.942 [http-nio-8383-exec-2] TRACE o.s.security.web.FilterChainProxy - Invoking JwtFilter (9/15)
2026-08-08 00:05:36.942 [http-nio-8383-exec-3] TRACE o.s.security.web.FilterChainProxy - Invoking SecurityContextHolderAwareRequestFilter (11/15)
2026-08-08 00:05:36.942 [http-nio-8383-exec-4] TRACE o.s.security.web.FilterChainProxy - Invoking CorsFilter (5/15)
2026-08-08 00:05:36.942 [http-nio-8383-exec-3] TRACE o.s.security.web.FilterChainProxy - Invoking AnonymousAuthenticationFilter (12/15)
2026-08-08 00:05:36.942 [http-nio-8383-exec-4] TRACE o.s.security.web.FilterChainProxy - Invoking LogoutFilter (6/15)
2026-08-08 00:05:36.942 [http-nio-8383-exec-3] TRACE o.s.security.web.FilterChainProxy - Invoking SessionManagementFilter (13/15)
2026-08-08 00:05:36.942 [http-nio-8383-exec-3] TRACE o.s.s.w.a.AnonymousAuthenticationFilter - Did not set SecurityContextHolder since already authenticated UsernamePasswordAuthenticationToken [Principal=Manager, Credentials=[PROTECTED], Authenticated=true, Details=null, Granted Authorities=[ROLE_SELLER]]
2026-08-08 00:05:36.942 [http-nio-8383-exec-4] TRACE o.s.s.w.a.logout.LogoutFilter - Did not match request to Or [Ant [pattern='/logout', GET], Ant [pattern='/logout', POST], Ant [pattern='/logout', PUT], Ant [pattern='/logout', DELETE]]
2026-08-08 00:05:36.942 [http-nio-8383-exec-3] TRACE o.s.s.w.a.s.CompositeSessionAuthenticationStrategy - Preparing session with ChangeSessionIdAuthenticationStrategy (1/1)
2026-08-08 00:05:36.942 [http-nio-8383-exec-4] TRACE o.s.security.web.FilterChainProxy - Invoking OAuth2AuthorizationRequestRedirectFilter (7/15)
2026-08-08 00:05:36.942 [http-nio-8383-exec-3] TRACE o.s.security.web.FilterChainProxy - Invoking ExceptionTranslationFilter (14/15)
2026-08-08 00:05:36.942 [http-nio-8383-exec-4] TRACE o.s.security.web.FilterChainProxy - Invoking OAuth2LoginAuthenticationFilter (8/15)
2026-08-08 00:05:36.942 [http-nio-8383-exec-3] TRACE o.s.security.web.FilterChainProxy - Invoking AuthorizationFilter (15/15)
2026-08-08 00:05:36.942 [http-nio-8383-exec-4] TRACE o.s.s.o.c.w.OAuth2LoginAuthenticationFilter - Did not match request to Ant [pattern='/login/oauth2/code/*']
2026-08-08 00:05:36.942 [http-nio-8383-exec-4] TRACE o.s.security.web.FilterChainProxy - Invoking JwtFilter (9/15)
2026-08-08 00:05:36.942 [http-nio-8383-exec-3] TRACE o.s.s.w.a.i.RequestMatcherDelegatingAuthorizationManager - Authorizing GET /api/board/posts?keyword=&page=0&size=10&sort=createdAt,desc&type=MEDIA
2026-08-08 00:05:36.942 [http-nio-8383-exec-3] TRACE o.s.s.w.a.i.RequestMatcherDelegatingAuthorizationManager - Checking authorization on GET /api/board/posts?keyword=&page=0&size=10&sort=createdAt,desc&type=MEDIA using org.springframework.security.config.annotation.web.configurers.AuthorizeHttpRequestsConfigurer$$Lambda/0x0000022808deed40@20f10c82
2026-08-08 00:05:36.943 [http-nio-8383-exec-3] DEBUG o.s.security.web.FilterChainProxy - Secured GET /api/board/posts?keyword=&page=0&size=10&sort=createdAt,desc&type=MEDIA
2026-08-08 00:05:36.956 [http-nio-8383-exec-9] TRACE o.s.s.w.c.SupplierDeferredSecurityContext - Created SecurityContextImpl [Null authentication]
2026-08-08 00:05:36.956 [http-nio-8383-exec-2] TRACE o.s.s.w.c.SupplierDeferredSecurityContext - Created SecurityContextImpl [Null authentication]
2026-08-08 00:05:36.956 [http-nio-8383-exec-4] TRACE o.s.s.w.c.SupplierDeferredSecurityContext - Created SecurityContextImpl [Null authentication]
2026-08-08 00:05:36.956 [http-nio-8383-exec-9] TRACE o.s.security.web.FilterChainProxy - Invoking RequestCacheAwareFilter (10/15)
2026-08-08 00:05:36.956 [http-nio-8383-exec-2] TRACE o.s.security.web.FilterChainProxy - Invoking RequestCacheAwareFilter (10/15)
2026-08-08 00:05:36.956 [http-nio-8383-exec-9] TRACE o.s.security.web.FilterChainProxy - Invoking SecurityContextHolderAwareRequestFilter (11/15)
2026-08-08 00:05:36.956 [http-nio-8383-exec-4] TRACE o.s.security.web.FilterChainProxy - Invoking RequestCacheAwareFilter (10/15)
2026-08-08 00:05:36.956 [http-nio-8383-exec-9] TRACE o.s.security.web.FilterChainProxy - Invoking AnonymousAuthenticationFilter (12/15)
2026-08-08 00:05:36.956 [http-nio-8383-exec-2] TRACE o.s.security.web.FilterChainProxy - Invoking SecurityContextHolderAwareRequestFilter (11/15)
2026-08-08 00:05:36.956 [http-nio-8383-exec-9] TRACE o.s.security.web.FilterChainProxy - Invoking SessionManagementFilter (13/15)
2026-08-08 00:05:36.956 [http-nio-8383-exec-4] TRACE o.s.security.web.FilterChainProxy - Invoking SecurityContextHolderAwareRequestFilter (11/15)
2026-08-08 00:05:36.956 [http-nio-8383-exec-2] TRACE o.s.security.web.FilterChainProxy - Invoking AnonymousAuthenticationFilter (12/15)
2026-08-08 00:05:36.957 [http-nio-8383-exec-9] TRACE o.s.s.w.a.AnonymousAuthenticationFilter - Did not set SecurityContextHolder since already authenticated UsernamePasswordAuthenticationToken [Principal=Manager, Credentials=[PROTECTED], Authenticated=true, Details=null, Granted Authorities=[ROLE_SELLER]]
2026-08-08 00:05:36.957 [http-nio-8383-exec-4] TRACE o.s.security.web.FilterChainProxy - Invoking AnonymousAuthenticationFilter (12/15)
2026-08-08 00:05:36.957 [http-nio-8383-exec-9] TRACE o.s.s.w.a.s.CompositeSessionAuthenticationStrategy - Preparing session with ChangeSessionIdAuthenticationStrategy (1/1)
2026-08-08 00:05:36.957 [http-nio-8383-exec-2] TRACE o.s.security.web.FilterChainProxy - Invoking SessionManagementFilter (13/15)
2026-08-08 00:05:36.957 [http-nio-8383-exec-9] TRACE o.s.security.web.FilterChainProxy - Invoking ExceptionTranslationFilter (14/15)
2026-08-08 00:05:36.957 [http-nio-8383-exec-4] TRACE o.s.security.web.FilterChainProxy - Invoking SessionManagementFilter (13/15)
2026-08-08 00:05:36.957 [http-nio-8383-exec-2] TRACE o.s.s.w.a.AnonymousAuthenticationFilter - Did not set SecurityContextHolder since already authenticated UsernamePasswordAuthenticationToken [Principal=Manager, Credentials=[PROTECTED], Authenticated=true, Details=null, Granted Authorities=[ROLE_SELLER]]
2026-08-08 00:05:36.957 [http-nio-8383-exec-4] TRACE o.s.s.w.a.AnonymousAuthenticationFilter - Did not set SecurityContextHolder since already authenticated UsernamePasswordAuthenticationToken [Principal=Manager, Credentials=[PROTECTED], Authenticated=true, Details=null, Granted Authorities=[ROLE_SELLER]]
2026-08-08 00:05:36.957 [http-nio-8383-exec-9] TRACE o.s.security.web.FilterChainProxy - Invoking AuthorizationFilter (15/15)
2026-08-08 00:05:36.957 [http-nio-8383-exec-4] TRACE o.s.s.w.a.s.CompositeSessionAuthenticationStrategy - Preparing session with ChangeSessionIdAuthenticationStrategy (1/1)
2026-08-08 00:05:36.957 [http-nio-8383-exec-2] TRACE o.s.s.w.a.s.CompositeSessionAuthenticationStrategy - Preparing session with ChangeSessionIdAuthenticationStrategy (1/1)
2026-08-08 00:05:36.957 [http-nio-8383-exec-4] TRACE o.s.security.web.FilterChainProxy - Invoking ExceptionTranslationFilter (14/15)
2026-08-08 00:05:36.957 [http-nio-8383-exec-9] TRACE o.s.s.w.a.i.RequestMatcherDelegatingAuthorizationManager - Authorizing GET /api/products/list?category=&keyword=&sellerId=&page=0&size=20&sort=createdAt,desc
2026-08-08 00:05:36.957 [http-nio-8383-exec-4] TRACE o.s.security.web.FilterChainProxy - Invoking AuthorizationFilter (15/15)
2026-08-08 00:05:36.957 [http-nio-8383-exec-2] TRACE o.s.security.web.FilterChainProxy - Invoking ExceptionTranslationFilter (14/15)
2026-08-08 00:05:36.967 [http-nio-8383-exec-4] TRACE o.s.s.w.a.i.RequestMatcherDelegatingAuthorizationManager - Authorizing GET /api/auth/me
2026-08-08 00:05:36.967 [http-nio-8383-exec-9] TRACE o.s.s.w.a.i.RequestMatcherDelegatingAuthorizationManager - Checking authorization on GET /api/products/list?category=&keyword=&sellerId=&page=0&size=20&sort=createdAt,desc using org.springframework.security.config.annotation.web.configurers.AuthorizeHttpRequestsConfigurer$$Lambda/0x0000022808deed40@20f10c82
2026-08-08 00:05:36.967 [http-nio-8383-exec-2] TRACE o.s.security.web.FilterChainProxy - Invoking AuthorizationFilter (15/15)
2026-08-08 00:05:36.967 [http-nio-8383-exec-9] DEBUG o.s.security.web.FilterChainProxy - Secured GET /api/products/list?category=&keyword=&sellerId=&page=0&size=20&sort=createdAt,desc
2026-08-08 00:05:36.967 [http-nio-8383-exec-2] TRACE o.s.s.w.a.i.RequestMatcherDelegatingAuthorizationManager - Authorizing GET /api/products/list?category=&keyword=&sellerId=&page=0&size=50&sort=reviewCount,desc
2026-08-08 00:05:36.967 [http-nio-8383-exec-4] TRACE o.s.s.w.a.i.RequestMatcherDelegatingAuthorizationManager - Checking authorization on GET /api/auth/me using org.springframework.security.authorization.AuthenticatedAuthorizationManager@75f447c9
2026-08-08 00:05:36.967 [http-nio-8383-exec-4] DEBUG o.s.security.web.FilterChainProxy - Secured GET /api/auth/me
2026-08-08 00:05:36.967 [http-nio-8383-exec-2] TRACE o.s.s.w.a.i.RequestMatcherDelegatingAuthorizationManager - Checking authorization on GET /api/products/list?category=&keyword=&sellerId=&page=0&size=50&sort=reviewCount,desc using org.springframework.security.config.annotation.web.configurers.AuthorizeHttpRequestsConfigurer$$Lambda/0x0000022808deed40@20f10c82
2026-08-08 00:05:36.967 [http-nio-8383-exec-2] DEBUG o.s.security.web.FilterChainProxy - Secured GET /api/products/list?category=&keyword=&sellerId=&page=0&size=50&sort=reviewCount,desc
2026-08-08 00:05:36.968 [http-nio-8383-exec-2] INFO  c.s.s.service.product.ProductService - 카테고리: , 키워드: , 판매자: null 로 검색 진행
2026-08-08 00:05:36.968 [http-nio-8383-exec-9] INFO  c.s.s.service.product.ProductService - 카테고리: , 키워드: , 판매자: null 로 검색 진행
2026-08-08 00:05:36.971 [http-nio-8383-exec-4] TRACE o.s.s.w.h.writers.HstsHeaderWriter - Not injecting HSTS header since it did not match request to [Is Secure]
2026-08-08 00:05:36.985 [http-nio-8383-exec-2] TRACE o.s.s.w.h.writers.HstsHeaderWriter - Not injecting HSTS header since it did not match request to [Is Secure]
2026-08-08 00:05:36.988 [http-nio-8383-exec-9] TRACE o.s.s.w.h.writers.HstsHeaderWriter - Not injecting HSTS header since it did not match request to [Is Secure]
2026-08-08 00:05:36.996 [http-nio-8383-exec-8] TRACE o.s.security.web.FilterChainProxy - Trying to match request against DefaultSecurityFilterChain [RequestMatcher=any request, Filters=[org.springframework.security.web.session.DisableEncodeUrlFilter@79fad1c1, org.springframework.security.web.context.request.async.WebAsyncManagerIntegrationFilter@60da37b0, org.springframework.security.web.context.SecurityContextHolderFilter@81028f5, org.springframework.security.web.header.HeaderWriterFilter@11091385, org.springframework.web.filter.CorsFilter@536ca333, org.springframework.security.web.authentication.logout.LogoutFilter@5fde3b6d, org.springframework.security.oauth2.client.web.OAuth2AuthorizationRequestRedirectFilter@b274e3e, org.springframework.security.oauth2.client.web.OAuth2LoginAuthenticationFilter@7c7a1f75, com.sleepyproject.sleepy_backend.config.JwtFilter@73a347e8, org.springframework.security.web.savedrequest.RequestCacheAwareFilter@7214fd1b, org.springframework.security.web.servletapi.SecurityContextHolderAwareRequestFilter@52f387a8, org.springframework.security.web.authentication.AnonymousAuthenticationFilter@7a7c889, org.springframework.security.web.session.SessionManagementFilter@4555583b, org.springframework.security.web.access.ExceptionTranslationFilter@6cce35ea, org.springframework.security.web.access.intercept.AuthorizationFilter@76100385]] (1/1)
2026-08-08 00:05:36.996 [http-nio-8383-exec-8] DEBUG o.s.security.web.FilterChainProxy - Securing GET /api/products/list?category=&keyword=&sellerId=&page=0&size=50&sort=reviewCount,desc
2026-08-08 00:05:36.996 [http-nio-8383-exec-8] TRACE o.s.security.web.FilterChainProxy - Invoking DisableEncodeUrlFilter (1/15)
2026-08-08 00:05:36.996 [http-nio-8383-exec-8] TRACE o.s.security.web.FilterChainProxy - Invoking WebAsyncManagerIntegrationFilter (2/15)
2026-08-08 00:05:36.996 [http-nio-8383-exec-8] TRACE o.s.security.web.FilterChainProxy - Invoking SecurityContextHolderFilter (3/15)
2026-08-08 00:05:36.996 [http-nio-8383-exec-8] TRACE o.s.security.web.FilterChainProxy - Invoking HeaderWriterFilter (4/15)
2026-08-08 00:05:36.996 [http-nio-8383-exec-8] TRACE o.s.security.web.FilterChainProxy - Invoking CorsFilter (5/15)
2026-08-08 00:05:36.996 [http-nio-8383-exec-8] TRACE o.s.security.web.FilterChainProxy - Invoking LogoutFilter (6/15)
2026-08-08 00:05:36.996 [http-nio-8383-exec-8] TRACE o.s.s.w.a.logout.LogoutFilter - Did not match request to Or [Ant [pattern='/logout', GET], Ant [pattern='/logout', POST], Ant [pattern='/logout', PUT], Ant [pattern='/logout', DELETE]]
2026-08-08 00:05:36.996 [http-nio-8383-exec-8] TRACE o.s.security.web.FilterChainProxy - Invoking OAuth2AuthorizationRequestRedirectFilter (7/15)
2026-08-08 00:05:36.996 [http-nio-8383-exec-8] TRACE o.s.security.web.FilterChainProxy - Invoking OAuth2LoginAuthenticationFilter (8/15)
2026-08-08 00:05:36.996 [http-nio-8383-exec-8] TRACE o.s.s.o.c.w.OAuth2LoginAuthenticationFilter - Did not match request to Ant [pattern='/login/oauth2/code/*']
2026-08-08 00:05:36.996 [http-nio-8383-exec-8] TRACE o.s.security.web.FilterChainProxy - Invoking JwtFilter (9/15)
2026-08-08 00:05:36.998 [http-nio-8383-exec-5] TRACE o.s.security.web.FilterChainProxy - Trying to match request against DefaultSecurityFilterChain [RequestMatcher=any request, Filters=[org.springframework.security.web.session.DisableEncodeUrlFilter@79fad1c1, org.springframework.security.web.context.request.async.WebAsyncManagerIntegrationFilter@60da37b0, org.springframework.security.web.context.SecurityContextHolderFilter@81028f5, org.springframework.security.web.header.HeaderWriterFilter@11091385, org.springframework.web.filter.CorsFilter@536ca333, org.springframework.security.web.authentication.logout.LogoutFilter@5fde3b6d, org.springframework.security.oauth2.client.web.OAuth2AuthorizationRequestRedirectFilter@b274e3e, org.springframework.security.oauth2.client.web.OAuth2LoginAuthenticationFilter@7c7a1f75, com.sleepyproject.sleepy_backend.config.JwtFilter@73a347e8, org.springframework.security.web.savedrequest.RequestCacheAwareFilter@7214fd1b, org.springframework.security.web.servletapi.SecurityContextHolderAwareRequestFilter@52f387a8, org.springframework.security.web.authentication.AnonymousAuthenticationFilter@7a7c889, org.springframework.security.web.session.SessionManagementFilter@4555583b, org.springframework.security.web.access.ExceptionTranslationFilter@6cce35ea, org.springframework.security.web.access.intercept.AuthorizationFilter@76100385]] (1/1)
2026-08-08 00:05:37.006 [http-nio-8383-exec-8] TRACE o.s.s.w.c.SupplierDeferredSecurityContext - Created SecurityContextImpl [Null authentication]
2026-08-08 00:05:37.006 [http-nio-8383-exec-5] DEBUG o.s.security.web.FilterChainProxy - Securing GET /api/products/list?category=&keyword=&sellerId=&page=0&size=20&sort=createdAt,desc
2026-08-08 00:05:37.006 [http-nio-8383-exec-8] TRACE o.s.security.web.FilterChainProxy - Invoking RequestCacheAwareFilter (10/15)
2026-08-08 00:05:37.006 [http-nio-8383-exec-5] TRACE o.s.security.web.FilterChainProxy - Invoking DisableEncodeUrlFilter (1/15)
2026-08-08 00:05:37.006 [http-nio-8383-exec-5] TRACE o.s.security.web.FilterChainProxy - Invoking WebAsyncManagerIntegrationFilter (2/15)
2026-08-08 00:05:37.006 [http-nio-8383-exec-8] TRACE o.s.security.web.FilterChainProxy - Invoking SecurityContextHolderAwareRequestFilter (11/15)
2026-08-08 00:05:37.006 [http-nio-8383-exec-8] TRACE o.s.security.web.FilterChainProxy - Invoking AnonymousAuthenticationFilter (12/15)
2026-08-08 00:05:37.006 [http-nio-8383-exec-5] TRACE o.s.security.web.FilterChainProxy - Invoking SecurityContextHolderFilter (3/15)
2026-08-08 00:05:37.007 [http-nio-8383-exec-8] TRACE o.s.security.web.FilterChainProxy - Invoking SessionManagementFilter (13/15)
2026-08-08 00:05:37.007 [http-nio-8383-exec-5] TRACE o.s.security.web.FilterChainProxy - Invoking HeaderWriterFilter (4/15)
2026-08-08 00:05:37.007 [http-nio-8383-exec-5] TRACE o.s.security.web.FilterChainProxy - Invoking CorsFilter (5/15)
2026-08-08 00:05:37.007 [http-nio-8383-exec-8] TRACE o.s.s.w.a.AnonymousAuthenticationFilter - Did not set SecurityContextHolder since already authenticated UsernamePasswordAuthenticationToken [Principal=Manager, Credentials=[PROTECTED], Authenticated=true, Details=null, Granted Authorities=[ROLE_SELLER]]
2026-08-08 00:05:37.007 [http-nio-8383-exec-8] TRACE o.s.s.w.a.s.CompositeSessionAuthenticationStrategy - Preparing session with ChangeSessionIdAuthenticationStrategy (1/1)
2026-08-08 00:05:37.007 [http-nio-8383-exec-8] TRACE o.s.security.web.FilterChainProxy - Invoking ExceptionTranslationFilter (14/15)
2026-08-08 00:05:37.007 [http-nio-8383-exec-5] TRACE o.s.security.web.FilterChainProxy - Invoking LogoutFilter (6/15)
2026-08-08 00:05:37.007 [http-nio-8383-exec-8] TRACE o.s.security.web.FilterChainProxy - Invoking AuthorizationFilter (15/15)
2026-08-08 00:05:37.007 [http-nio-8383-exec-8] TRACE o.s.s.w.a.i.RequestMatcherDelegatingAuthorizationManager - Authorizing GET /api/products/list?category=&keyword=&sellerId=&page=0&size=50&sort=reviewCount,desc
2026-08-08 00:05:37.007 [http-nio-8383-exec-8] TRACE o.s.s.w.a.i.RequestMatcherDelegatingAuthorizationManager - Checking authorization on GET /api/products/list?category=&keyword=&sellerId=&page=0&size=50&sort=reviewCount,desc using org.springframework.security.config.annotation.web.configurers.AuthorizeHttpRequestsConfigurer$$Lambda/0x0000022808deed40@20f10c82
2026-08-08 00:05:37.007 [http-nio-8383-exec-5] TRACE o.s.s.w.a.logout.LogoutFilter - Did not match request to Or [Ant [pattern='/logout', GET], Ant [pattern='/logout', POST], Ant [pattern='/logout', PUT], Ant [pattern='/logout', DELETE]]
2026-08-08 00:05:37.007 [http-nio-8383-exec-8] DEBUG o.s.security.web.FilterChainProxy - Secured GET /api/products/list?category=&keyword=&sellerId=&page=0&size=50&sort=reviewCount,desc
2026-08-08 00:05:37.007 [http-nio-8383-exec-5] TRACE o.s.security.web.FilterChainProxy - Invoking OAuth2AuthorizationRequestRedirectFilter (7/15)
2026-08-08 00:05:37.007 [http-nio-8383-exec-5] TRACE o.s.security.web.FilterChainProxy - Invoking OAuth2LoginAuthenticationFilter (8/15)
2026-08-08 00:05:37.007 [http-nio-8383-exec-5] TRACE o.s.s.o.c.w.OAuth2LoginAuthenticationFilter - Did not match request to Ant [pattern='/login/oauth2/code/*']
2026-08-08 00:05:37.007 [http-nio-8383-exec-5] TRACE o.s.security.web.FilterChainProxy - Invoking JwtFilter (9/15)
2026-08-08 00:05:37.009 [http-nio-8383-exec-8] INFO  c.s.s.service.product.ProductService - 카테고리: , 키워드: , 판매자: null 로 검색 진행
2026-08-08 00:05:37.021 [http-nio-8383-exec-5] TRACE o.s.s.w.c.SupplierDeferredSecurityContext - Created SecurityContextImpl [Null authentication]
2026-08-08 00:05:37.022 [http-nio-8383-exec-5] TRACE o.s.security.web.FilterChainProxy - Invoking RequestCacheAwareFilter (10/15)
2026-08-08 00:05:37.022 [http-nio-8383-exec-5] TRACE o.s.security.web.FilterChainProxy - Invoking SecurityContextHolderAwareRequestFilter (11/15)
2026-08-08 00:05:37.022 [http-nio-8383-exec-5] TRACE o.s.security.web.FilterChainProxy - Invoking AnonymousAuthenticationFilter (12/15)
2026-08-08 00:05:37.022 [http-nio-8383-exec-5] TRACE o.s.security.web.FilterChainProxy - Invoking SessionManagementFilter (13/15)
2026-08-08 00:05:37.022 [http-nio-8383-exec-5] TRACE o.s.s.w.a.AnonymousAuthenticationFilter - Did not set SecurityContextHolder since already authenticated UsernamePasswordAuthenticationToken [Principal=Manager, Credentials=[PROTECTED], Authenticated=true, Details=null, Granted Authorities=[ROLE_SELLER]]
2026-08-08 00:05:37.022 [http-nio-8383-exec-5] TRACE o.s.s.w.a.s.CompositeSessionAuthenticationStrategy - Preparing session with ChangeSessionIdAuthenticationStrategy (1/1)
2026-08-08 00:05:37.022 [http-nio-8383-exec-5] TRACE o.s.security.web.FilterChainProxy - Invoking ExceptionTranslationFilter (14/15)
2026-08-08 00:05:37.022 [http-nio-8383-exec-5] TRACE o.s.security.web.FilterChainProxy - Invoking AuthorizationFilter (15/15)
2026-08-08 00:05:37.022 [http-nio-8383-exec-5] TRACE o.s.s.w.a.i.RequestMatcherDelegatingAuthorizationManager - Authorizing GET /api/products/list?category=&keyword=&sellerId=&page=0&size=20&sort=createdAt,desc
2026-08-08 00:05:37.022 [http-nio-8383-exec-5] TRACE o.s.s.w.a.i.RequestMatcherDelegatingAuthorizationManager - Checking authorization on GET /api/products/list?category=&keyword=&sellerId=&page=0&size=20&sort=createdAt,desc using org.springframework.security.config.annotation.web.configurers.AuthorizeHttpRequestsConfigurer$$Lambda/0x0000022808deed40@20f10c82
2026-08-08 00:05:37.022 [http-nio-8383-exec-5] DEBUG o.s.security.web.FilterChainProxy - Secured GET /api/products/list?category=&keyword=&sellerId=&page=0&size=20&sort=createdAt,desc
2026-08-08 00:05:37.024 [http-nio-8383-exec-5] INFO  c.s.s.service.product.ProductService - 카테고리: , 키워드: , 판매자: null 로 검색 진행
2026-08-08 00:05:37.044 [http-nio-8383-exec-8] TRACE o.s.s.w.h.writers.HstsHeaderWriter - Not injecting HSTS header since it did not match request to [Is Secure]
2026-08-08 00:05:37.050 [http-nio-8383-exec-5] TRACE o.s.s.w.h.writers.HstsHeaderWriter - Not injecting HSTS header since it did not match request to [Is Secure]
2026-08-08 00:05:37.118 [http-nio-8383-exec-3] TRACE o.s.s.w.h.writers.HstsHeaderWriter - Not injecting HSTS header since it did not match request to [Is Secure]
2026-08-08 00:05:37.127 [http-nio-8383-exec-7] TRACE o.s.security.web.FilterChainProxy - Trying to match request against DefaultSecurityFilterChain [RequestMatcher=any request, Filters=[org.springframework.security.web.session.DisableEncodeUrlFilter@79fad1c1, org.springframework.security.web.context.request.async.WebAsyncManagerIntegrationFilter@60da37b0, org.springframework.security.web.context.SecurityContextHolderFilter@81028f5, org.springframework.security.web.header.HeaderWriterFilter@11091385, org.springframework.web.filter.CorsFilter@536ca333, org.springframework.security.web.authentication.logout.LogoutFilter@5fde3b6d, org.springframework.security.oauth2.client.web.OAuth2AuthorizationRequestRedirectFilter@b274e3e, org.springframework.security.oauth2.client.web.OAuth2LoginAuthenticationFilter@7c7a1f75, com.sleepyproject.sleepy_backend.config.JwtFilter@73a347e8, org.springframework.security.web.savedrequest.RequestCacheAwareFilter@7214fd1b, org.springframework.security.web.servletapi.SecurityContextHolderAwareRequestFilter@52f387a8, org.springframework.security.web.authentication.AnonymousAuthenticationFilter@7a7c889, org.springframework.security.web.session.SessionManagementFilter@4555583b, org.springframework.security.web.access.ExceptionTranslationFilter@6cce35ea, org.springframework.security.web.access.intercept.AuthorizationFilter@76100385]] (1/1)
2026-08-08 00:05:37.127 [http-nio-8383-exec-7] DEBUG o.s.security.web.FilterChainProxy - Securing GET /api/board/posts?keyword=&page=0&size=10&sort=createdAt,desc&type=MEDIA
2026-08-08 00:05:37.127 [http-nio-8383-exec-7] TRACE o.s.security.web.FilterChainProxy - Invoking DisableEncodeUrlFilter (1/15)
2026-08-08 00:05:37.127 [http-nio-8383-exec-7] TRACE o.s.security.web.FilterChainProxy - Invoking WebAsyncManagerIntegrationFilter (2/15)
2026-08-08 00:05:37.127 [http-nio-8383-exec-7] TRACE o.s.security.web.FilterChainProxy - Invoking SecurityContextHolderFilter (3/15)
2026-08-08 00:05:37.127 [http-nio-8383-exec-7] TRACE o.s.security.web.FilterChainProxy - Invoking HeaderWriterFilter (4/15)
2026-08-08 00:05:37.127 [http-nio-8383-exec-7] TRACE o.s.security.web.FilterChainProxy - Invoking CorsFilter (5/15)
2026-08-08 00:05:37.127 [http-nio-8383-exec-7] TRACE o.s.security.web.FilterChainProxy - Invoking LogoutFilter (6/15)
2026-08-08 00:05:37.127 [http-nio-8383-exec-7] TRACE o.s.s.w.a.logout.LogoutFilter - Did not match request to Or [Ant [pattern='/logout', GET], Ant [pattern='/logout', POST], Ant [pattern='/logout', PUT], Ant [pattern='/logout', DELETE]]
2026-08-08 00:05:37.127 [http-nio-8383-exec-7] TRACE o.s.security.web.FilterChainProxy - Invoking OAuth2AuthorizationRequestRedirectFilter (7/15)
2026-08-08 00:05:37.127 [http-nio-8383-exec-7] TRACE o.s.security.web.FilterChainProxy - Invoking OAuth2LoginAuthenticationFilter (8/15)
2026-08-08 00:05:37.127 [http-nio-8383-exec-7] TRACE o.s.s.o.c.w.OAuth2LoginAuthenticationFilter - Did not match request to Ant [pattern='/login/oauth2/code/*']
2026-08-08 00:05:37.127 [http-nio-8383-exec-7] TRACE o.s.security.web.FilterChainProxy - Invoking JwtFilter (9/15)
2026-08-08 00:05:37.137 [http-nio-8383-exec-7] TRACE o.s.s.w.c.SupplierDeferredSecurityContext - Created SecurityContextImpl [Null authentication]
2026-08-08 00:05:37.137 [http-nio-8383-exec-7] TRACE o.s.security.web.FilterChainProxy - Invoking RequestCacheAwareFilter (10/15)
2026-08-08 00:05:37.137 [http-nio-8383-exec-7] TRACE o.s.security.web.FilterChainProxy - Invoking SecurityContextHolderAwareRequestFilter (11/15)
2026-08-08 00:05:37.137 [http-nio-8383-exec-7] TRACE o.s.security.web.FilterChainProxy - Invoking AnonymousAuthenticationFilter (12/15)
2026-08-08 00:05:37.137 [http-nio-8383-exec-7] TRACE o.s.security.web.FilterChainProxy - Invoking SessionManagementFilter (13/15)
2026-08-08 00:05:37.137 [http-nio-8383-exec-7] TRACE o.s.s.w.a.AnonymousAuthenticationFilter - Did not set SecurityContextHolder since already authenticated UsernamePasswordAuthenticationToken [Principal=Manager, Credentials=[PROTECTED], Authenticated=true, Details=null, Granted Authorities=[ROLE_SELLER]]
2026-08-08 00:05:37.137 [http-nio-8383-exec-7] TRACE o.s.s.w.a.s.CompositeSessionAuthenticationStrategy - Preparing session with ChangeSessionIdAuthenticationStrategy (1/1)
2026-08-08 00:05:37.137 [http-nio-8383-exec-7] TRACE o.s.security.web.FilterChainProxy - Invoking ExceptionTranslationFilter (14/15)
2026-08-08 00:05:37.137 [http-nio-8383-exec-7] TRACE o.s.security.web.FilterChainProxy - Invoking AuthorizationFilter (15/15)
2026-08-08 00:05:37.137 [http-nio-8383-exec-7] TRACE o.s.s.w.a.i.RequestMatcherDelegatingAuthorizationManager - Authorizing GET /api/board/posts?keyword=&page=0&size=10&sort=createdAt,desc&type=MEDIA
2026-08-08 00:05:37.137 [http-nio-8383-exec-7] TRACE o.s.s.w.a.i.RequestMatcherDelegatingAuthorizationManager - Checking authorization on GET /api/board/posts?keyword=&page=0&size=10&sort=createdAt,desc&type=MEDIA using org.springframework.security.config.annotation.web.configurers.AuthorizeHttpRequestsConfigurer$$Lambda/0x0000022808deed40@20f10c82
2026-08-08 00:05:37.137 [http-nio-8383-exec-7] DEBUG o.s.security.web.FilterChainProxy - Secured GET /api/board/posts?keyword=&page=0&size=10&sort=createdAt,desc&type=MEDIA
2026-08-08 00:05:37.275 [http-nio-8383-exec-7] TRACE o.s.s.w.h.writers.HstsHeaderWriter - Not injecting HSTS header since it did not match request to [Is Secure]
2026-08-08 00:05:38.433 [http-nio-8383-exec-10] TRACE o.s.security.web.FilterChainProxy - Trying to match request against DefaultSecurityFilterChain [RequestMatcher=any request, Filters=[org.springframework.security.web.session.DisableEncodeUrlFilter@79fad1c1, org.springframework.security.web.context.request.async.WebAsyncManagerIntegrationFilter@60da37b0, org.springframework.security.web.context.SecurityContextHolderFilter@81028f5, org.springframework.security.web.header.HeaderWriterFilter@11091385, org.springframework.web.filter.CorsFilter@536ca333, org.springframework.security.web.authentication.logout.LogoutFilter@5fde3b6d, org.springframework.security.oauth2.client.web.OAuth2AuthorizationRequestRedirectFilter@b274e3e, org.springframework.security.oauth2.client.web.OAuth2LoginAuthenticationFilter@7c7a1f75, com.sleepyproject.sleepy_backend.config.JwtFilter@73a347e8, org.springframework.security.web.savedrequest.RequestCacheAwareFilter@7214fd1b, org.springframework.security.web.servletapi.SecurityContextHolderAwareRequestFilter@52f387a8, org.springframework.security.web.authentication.AnonymousAuthenticationFilter@7a7c889, org.springframework.security.web.session.SessionManagementFilter@4555583b, org.springframework.security.web.access.ExceptionTranslationFilter@6cce35ea, org.springframework.security.web.access.intercept.AuthorizationFilter@76100385]] (1/1)
2026-08-08 00:05:38.434 [http-nio-8383-exec-10] DEBUG o.s.security.web.FilterChainProxy - Securing GET /api/products/list?category=%EC%8A%AC%EB%9D%BC%EC%9E%84&keyword=&sellerId=&page=0&size=20&sort=createdAt,desc
2026-08-08 00:05:38.434 [http-nio-8383-exec-10] TRACE o.s.security.web.FilterChainProxy - Invoking DisableEncodeUrlFilter (1/15)
2026-08-08 00:05:38.434 [http-nio-8383-exec-10] TRACE o.s.security.web.FilterChainProxy - Invoking WebAsyncManagerIntegrationFilter (2/15)
2026-08-08 00:05:38.434 [http-nio-8383-exec-10] TRACE o.s.security.web.FilterChainProxy - Invoking SecurityContextHolderFilter (3/15)
2026-08-08 00:05:38.434 [http-nio-8383-exec-10] TRACE o.s.security.web.FilterChainProxy - Invoking HeaderWriterFilter (4/15)
2026-08-08 00:05:38.434 [http-nio-8383-exec-10] TRACE o.s.security.web.FilterChainProxy - Invoking CorsFilter (5/15)
2026-08-08 00:05:38.434 [http-nio-8383-exec-10] TRACE o.s.security.web.FilterChainProxy - Invoking LogoutFilter (6/15)
2026-08-08 00:05:38.434 [http-nio-8383-exec-10] TRACE o.s.s.w.a.logout.LogoutFilter - Did not match request to Or [Ant [pattern='/logout', GET], Ant [pattern='/logout', POST], Ant [pattern='/logout', PUT], Ant [pattern='/logout', DELETE]]
2026-08-08 00:05:38.434 [http-nio-8383-exec-10] TRACE o.s.security.web.FilterChainProxy - Invoking OAuth2AuthorizationRequestRedirectFilter (7/15)
2026-08-08 00:05:38.434 [http-nio-8383-exec-10] TRACE o.s.security.web.FilterChainProxy - Invoking OAuth2LoginAuthenticationFilter (8/15)
2026-08-08 00:05:38.434 [http-nio-8383-exec-10] TRACE o.s.s.o.c.w.OAuth2LoginAuthenticationFilter - Did not match request to Ant [pattern='/login/oauth2/code/*']
2026-08-08 00:05:38.434 [http-nio-8383-exec-10] TRACE o.s.security.web.FilterChainProxy - Invoking JwtFilter (9/15)
2026-08-08 00:05:38.442 [http-nio-8383-exec-10] TRACE o.s.s.w.c.SupplierDeferredSecurityContext - Created SecurityContextImpl [Null authentication]
2026-08-08 00:05:38.442 [http-nio-8383-exec-10] TRACE o.s.security.web.FilterChainProxy - Invoking RequestCacheAwareFilter (10/15)
2026-08-08 00:05:38.442 [http-nio-8383-exec-10] TRACE o.s.security.web.FilterChainProxy - Invoking SecurityContextHolderAwareRequestFilter (11/15)
2026-08-08 00:05:38.442 [http-nio-8383-exec-10] TRACE o.s.security.web.FilterChainProxy - Invoking AnonymousAuthenticationFilter (12/15)
2026-08-08 00:05:38.442 [http-nio-8383-exec-10] TRACE o.s.security.web.FilterChainProxy - Invoking SessionManagementFilter (13/15)
2026-08-08 00:05:38.442 [http-nio-8383-exec-10] TRACE o.s.s.w.a.AnonymousAuthenticationFilter - Did not set SecurityContextHolder since already authenticated UsernamePasswordAuthenticationToken [Principal=Manager, Credentials=[PROTECTED], Authenticated=true, Details=null, Granted Authorities=[ROLE_SELLER]]
2026-08-08 00:05:38.442 [http-nio-8383-exec-10] TRACE o.s.s.w.a.s.CompositeSessionAuthenticationStrategy - Preparing session with ChangeSessionIdAuthenticationStrategy (1/1)
2026-08-08 00:05:38.442 [http-nio-8383-exec-10] TRACE o.s.security.web.FilterChainProxy - Invoking ExceptionTranslationFilter (14/15)
2026-08-08 00:05:38.442 [http-nio-8383-exec-10] TRACE o.s.security.web.FilterChainProxy - Invoking AuthorizationFilter (15/15)
2026-08-08 00:05:38.442 [http-nio-8383-exec-10] TRACE o.s.s.w.a.i.RequestMatcherDelegatingAuthorizationManager - Authorizing GET /api/products/list?category=%EC%8A%AC%EB%9D%BC%EC%9E%84&keyword=&sellerId=&page=0&size=20&sort=createdAt,desc
2026-08-08 00:05:38.442 [http-nio-8383-exec-10] TRACE o.s.s.w.a.i.RequestMatcherDelegatingAuthorizationManager - Checking authorization on GET /api/products/list?category=%EC%8A%AC%EB%9D%BC%EC%9E%84&keyword=&sellerId=&page=0&size=20&sort=createdAt,desc using org.springframework.security.config.annotation.web.configurers.AuthorizeHttpRequestsConfigurer$$Lambda/0x0000022808deed40@20f10c82
2026-08-08 00:05:38.442 [http-nio-8383-exec-10] DEBUG o.s.security.web.FilterChainProxy - Secured GET /api/products/list?category=%EC%8A%AC%EB%9D%BC%EC%9E%84&keyword=&sellerId=&page=0&size=20&sort=createdAt,desc
2026-08-08 00:05:38.445 [http-nio-8383-exec-10] INFO  c.s.s.service.product.ProductService - 카테고리: 슬라임, 키워드: , 판매자: null 로 검색 진행
2026-08-08 00:05:38.449 [http-nio-8383-exec-10] TRACE o.s.s.w.h.writers.HstsHeaderWriter - Not injecting HSTS header since it did not match request to [Is Secure]
2026-08-08 00:05:38.825 [http-nio-8383-exec-1] TRACE o.s.security.web.FilterChainProxy - Trying to match request against DefaultSecurityFilterChain [RequestMatcher=any request, Filters=[org.springframework.security.web.session.DisableEncodeUrlFilter@79fad1c1, org.springframework.security.web.context.request.async.WebAsyncManagerIntegrationFilter@60da37b0, org.springframework.security.web.context.SecurityContextHolderFilter@81028f5, org.springframework.security.web.header.HeaderWriterFilter@11091385, org.springframework.web.filter.CorsFilter@536ca333, org.springframework.security.web.authentication.logout.LogoutFilter@5fde3b6d, org.springframework.security.oauth2.client.web.OAuth2AuthorizationRequestRedirectFilter@b274e3e, org.springframework.security.oauth2.client.web.OAuth2LoginAuthenticationFilter@7c7a1f75, com.sleepyproject.sleepy_backend.config.JwtFilter@73a347e8, org.springframework.security.web.savedrequest.RequestCacheAwareFilter@7214fd1b, org.springframework.security.web.servletapi.SecurityContextHolderAwareRequestFilter@52f387a8, org.springframework.security.web.authentication.AnonymousAuthenticationFilter@7a7c889, org.springframework.security.web.session.SessionManagementFilter@4555583b, org.springframework.security.web.access.ExceptionTranslationFilter@6cce35ea, org.springframework.security.web.access.intercept.AuthorizationFilter@76100385]] (1/1)
2026-08-08 00:05:38.826 [http-nio-8383-exec-1] DEBUG o.s.security.web.FilterChainProxy - Securing GET /api/products/list?category=%EC%8A%AC%EB%9E%91%EC%9D%B4&keyword=&sellerId=&page=0&size=20&sort=createdAt,desc
2026-08-08 00:05:38.826 [http-nio-8383-exec-1] TRACE o.s.security.web.FilterChainProxy - Invoking DisableEncodeUrlFilter (1/15)
2026-08-08 00:05:38.826 [http-nio-8383-exec-1] TRACE o.s.security.web.FilterChainProxy - Invoking WebAsyncManagerIntegrationFilter (2/15)
2026-08-08 00:05:38.826 [http-nio-8383-exec-1] TRACE o.s.security.web.FilterChainProxy - Invoking SecurityContextHolderFilter (3/15)
2026-08-08 00:05:38.826 [http-nio-8383-exec-1] TRACE o.s.security.web.FilterChainProxy - Invoking HeaderWriterFilter (4/15)
2026-08-08 00:05:38.826 [http-nio-8383-exec-1] TRACE o.s.security.web.FilterChainProxy - Invoking CorsFilter (5/15)
2026-08-08 00:05:38.826 [http-nio-8383-exec-1] TRACE o.s.security.web.FilterChainProxy - Invoking LogoutFilter (6/15)
2026-08-08 00:05:38.826 [http-nio-8383-exec-1] TRACE o.s.s.w.a.logout.LogoutFilter - Did not match request to Or [Ant [pattern='/logout', GET], Ant [pattern='/logout', POST], Ant [pattern='/logout', PUT], Ant [pattern='/logout', DELETE]]
2026-08-08 00:05:38.826 [http-nio-8383-exec-1] TRACE o.s.security.web.FilterChainProxy - Invoking OAuth2AuthorizationRequestRedirectFilter (7/15)
2026-08-08 00:05:38.826 [http-nio-8383-exec-1] TRACE o.s.security.web.FilterChainProxy - Invoking OAuth2LoginAuthenticationFilter (8/15)
2026-08-08 00:05:38.826 [http-nio-8383-exec-1] TRACE o.s.s.o.c.w.OAuth2LoginAuthenticationFilter - Did not match request to Ant [pattern='/login/oauth2/code/*']
2026-08-08 00:05:38.826 [http-nio-8383-exec-1] TRACE o.s.security.web.FilterChainProxy - Invoking JwtFilter (9/15)
2026-08-08 00:05:38.834 [http-nio-8383-exec-1] TRACE o.s.s.w.c.SupplierDeferredSecurityContext - Created SecurityContextImpl [Null authentication]
2026-08-08 00:05:38.834 [http-nio-8383-exec-1] TRACE o.s.security.web.FilterChainProxy - Invoking RequestCacheAwareFilter (10/15)
2026-08-08 00:05:38.835 [http-nio-8383-exec-1] TRACE o.s.security.web.FilterChainProxy - Invoking SecurityContextHolderAwareRequestFilter (11/15)
2026-08-08 00:05:38.835 [http-nio-8383-exec-1] TRACE o.s.security.web.FilterChainProxy - Invoking AnonymousAuthenticationFilter (12/15)
2026-08-08 00:05:38.835 [http-nio-8383-exec-1] TRACE o.s.security.web.FilterChainProxy - Invoking SessionManagementFilter (13/15)
2026-08-08 00:05:38.835 [http-nio-8383-exec-1] TRACE o.s.s.w.a.AnonymousAuthenticationFilter - Did not set SecurityContextHolder since already authenticated UsernamePasswordAuthenticationToken [Principal=Manager, Credentials=[PROTECTED], Authenticated=true, Details=null, Granted Authorities=[ROLE_SELLER]]
2026-08-08 00:05:38.835 [http-nio-8383-exec-1] TRACE o.s.s.w.a.s.CompositeSessionAuthenticationStrategy - Preparing session with ChangeSessionIdAuthenticationStrategy (1/1)
2026-08-08 00:05:38.835 [http-nio-8383-exec-1] TRACE o.s.security.web.FilterChainProxy - Invoking ExceptionTranslationFilter (14/15)
2026-08-08 00:05:38.835 [http-nio-8383-exec-1] TRACE o.s.security.web.FilterChainProxy - Invoking AuthorizationFilter (15/15)
2026-08-08 00:05:38.835 [http-nio-8383-exec-1] TRACE o.s.s.w.a.i.RequestMatcherDelegatingAuthorizationManager - Authorizing GET /api/products/list?category=%EC%8A%AC%EB%9E%91%EC%9D%B4&keyword=&sellerId=&page=0&size=20&sort=createdAt,desc
2026-08-08 00:05:38.835 [http-nio-8383-exec-1] TRACE o.s.s.w.a.i.RequestMatcherDelegatingAuthorizationManager - Checking authorization on GET /api/products/list?category=%EC%8A%AC%EB%9E%91%EC%9D%B4&keyword=&sellerId=&page=0&size=20&sort=createdAt,desc using org.springframework.security.config.annotation.web.configurers.AuthorizeHttpRequestsConfigurer$$Lambda/0x0000022808deed40@20f10c82
2026-08-08 00:05:38.835 [http-nio-8383-exec-1] DEBUG o.s.security.web.FilterChainProxy - Secured GET /api/products/list?category=%EC%8A%AC%EB%9E%91%EC%9D%B4&keyword=&sellerId=&page=0&size=20&sort=createdAt,desc
2026-08-08 00:05:38.836 [http-nio-8383-exec-1] INFO  c.s.s.service.product.ProductService - 카테고리: 슬랑이, 키워드: , 판매자: null 로 검색 진행
2026-08-08 00:05:38.840 [http-nio-8383-exec-1] TRACE o.s.s.w.h.writers.HstsHeaderWriter - Not injecting HSTS header since it did not match request to [Is Secure]
2026-08-08 00:05:39.240 [http-nio-8383-exec-6] TRACE o.s.security.web.FilterChainProxy - Trying to match request against DefaultSecurityFilterChain [RequestMatcher=any request, Filters=[org.springframework.security.web.session.DisableEncodeUrlFilter@79fad1c1, org.springframework.security.web.context.request.async.WebAsyncManagerIntegrationFilter@60da37b0, org.springframework.security.web.context.SecurityContextHolderFilter@81028f5, org.springframework.security.web.header.HeaderWriterFilter@11091385, org.springframework.web.filter.CorsFilter@536ca333, org.springframework.security.web.authentication.logout.LogoutFilter@5fde3b6d, org.springframework.security.oauth2.client.web.OAuth2AuthorizationRequestRedirectFilter@b274e3e, org.springframework.security.oauth2.client.web.OAuth2LoginAuthenticationFilter@7c7a1f75, com.sleepyproject.sleepy_backend.config.JwtFilter@73a347e8, org.springframework.security.web.savedrequest.RequestCacheAwareFilter@7214fd1b, org.springframework.security.web.servletapi.SecurityContextHolderAwareRequestFilter@52f387a8, org.springframework.security.web.authentication.AnonymousAuthenticationFilter@7a7c889, org.springframework.security.web.session.SessionManagementFilter@4555583b, org.springframework.security.web.access.ExceptionTranslationFilter@6cce35ea, org.springframework.security.web.access.intercept.AuthorizationFilter@76100385]] (1/1)
2026-08-08 00:05:39.241 [http-nio-8383-exec-6] DEBUG o.s.security.web.FilterChainProxy - Securing GET /api/products/list?category=%EB%A7%90%EB%9E%91%EC%9D%B4&keyword=&sellerId=&page=0&size=20&sort=createdAt,desc
2026-08-08 00:05:39.241 [http-nio-8383-exec-6] TRACE o.s.security.web.FilterChainProxy - Invoking DisableEncodeUrlFilter (1/15)
2026-08-08 00:05:39.241 [http-nio-8383-exec-6] TRACE o.s.security.web.FilterChainProxy - Invoking WebAsyncManagerIntegrationFilter (2/15)
2026-08-08 00:05:39.241 [http-nio-8383-exec-6] TRACE o.s.security.web.FilterChainProxy - Invoking SecurityContextHolderFilter (3/15)
2026-08-08 00:05:39.241 [http-nio-8383-exec-6] TRACE o.s.security.web.FilterChainProxy - Invoking HeaderWriterFilter (4/15)
2026-08-08 00:05:39.241 [http-nio-8383-exec-6] TRACE o.s.security.web.FilterChainProxy - Invoking CorsFilter (5/15)
2026-08-08 00:05:39.241 [http-nio-8383-exec-6] TRACE o.s.security.web.FilterChainProxy - Invoking LogoutFilter (6/15)
2026-08-08 00:05:39.241 [http-nio-8383-exec-6] TRACE o.s.s.w.a.logout.LogoutFilter - Did not match request to Or [Ant [pattern='/logout', GET], Ant [pattern='/logout', POST], Ant [pattern='/logout', PUT], Ant [pattern='/logout', DELETE]]
2026-08-08 00:05:39.241 [http-nio-8383-exec-6] TRACE o.s.security.web.FilterChainProxy - Invoking OAuth2AuthorizationRequestRedirectFilter (7/15)
2026-08-08 00:05:39.241 [http-nio-8383-exec-6] TRACE o.s.security.web.FilterChainProxy - Invoking OAuth2LoginAuthenticationFilter (8/15)
2026-08-08 00:05:39.241 [http-nio-8383-exec-6] TRACE o.s.s.o.c.w.OAuth2LoginAuthenticationFilter - Did not match request to Ant [pattern='/login/oauth2/code/*']
2026-08-08 00:05:39.241 [http-nio-8383-exec-6] TRACE o.s.security.web.FilterChainProxy - Invoking JwtFilter (9/15)
2026-08-08 00:05:39.251 [http-nio-8383-exec-6] TRACE o.s.s.w.c.SupplierDeferredSecurityContext - Created SecurityContextImpl [Null authentication]
2026-08-08 00:05:39.251 [http-nio-8383-exec-6] TRACE o.s.security.web.FilterChainProxy - Invoking RequestCacheAwareFilter (10/15)
2026-08-08 00:05:39.251 [http-nio-8383-exec-6] TRACE o.s.security.web.FilterChainProxy - Invoking SecurityContextHolderAwareRequestFilter (11/15)
2026-08-08 00:05:39.251 [http-nio-8383-exec-6] TRACE o.s.security.web.FilterChainProxy - Invoking AnonymousAuthenticationFilter (12/15)
2026-08-08 00:05:39.251 [http-nio-8383-exec-6] TRACE o.s.security.web.FilterChainProxy - Invoking SessionManagementFilter (13/15)
2026-08-08 00:05:39.251 [http-nio-8383-exec-6] TRACE o.s.s.w.a.AnonymousAuthenticationFilter - Did not set SecurityContextHolder since already authenticated UsernamePasswordAuthenticationToken [Principal=Manager, Credentials=[PROTECTED], Authenticated=true, Details=null, Granted Authorities=[ROLE_SELLER]]
2026-08-08 00:05:39.251 [http-nio-8383-exec-6] TRACE o.s.s.w.a.s.CompositeSessionAuthenticationStrategy - Preparing session with ChangeSessionIdAuthenticationStrategy (1/1)
2026-08-08 00:05:39.251 [http-nio-8383-exec-6] TRACE o.s.security.web.FilterChainProxy - Invoking ExceptionTranslationFilter (14/15)
2026-08-08 00:05:39.251 [http-nio-8383-exec-6] TRACE o.s.security.web.FilterChainProxy - Invoking AuthorizationFilter (15/15)
2026-08-08 00:05:39.251 [http-nio-8383-exec-6] TRACE o.s.s.w.a.i.RequestMatcherDelegatingAuthorizationManager - Authorizing GET /api/products/list?category=%EB%A7%90%EB%9E%91%EC%9D%B4&keyword=&sellerId=&page=0&size=20&sort=createdAt,desc
2026-08-08 00:05:39.251 [http-nio-8383-exec-6] TRACE o.s.s.w.a.i.RequestMatcherDelegatingAuthorizationManager - Checking authorization on GET /api/products/list?category=%EB%A7%90%EB%9E%91%EC%9D%B4&keyword=&sellerId=&page=0&size=20&sort=createdAt,desc using org.springframework.security.config.annotation.web.configurers.AuthorizeHttpRequestsConfigurer$$Lambda/0x0000022808deed40@20f10c82
2026-08-08 00:05:39.251 [http-nio-8383-exec-6] DEBUG o.s.security.web.FilterChainProxy - Secured GET /api/products/list?category=%EB%A7%90%EB%9E%91%EC%9D%B4&keyword=&sellerId=&page=0&size=20&sort=createdAt,desc
2026-08-08 00:05:39.252 [http-nio-8383-exec-6] INFO  c.s.s.service.product.ProductService - 카테고리: 말랑이, 키워드: , 판매자: null 로 검색 진행
2026-08-08 00:05:39.256 [http-nio-8383-exec-6] TRACE o.s.s.w.h.writers.HstsHeaderWriter - Not injecting HSTS header since it did not match request to [Is Secure]
2026-08-08 00:05:39.573 [http-nio-8383-exec-4] TRACE o.s.security.web.FilterChainProxy - Trying to match request against DefaultSecurityFilterChain [RequestMatcher=any request, Filters=[org.springframework.security.web.session.DisableEncodeUrlFilter@79fad1c1, org.springframework.security.web.context.request.async.WebAsyncManagerIntegrationFilter@60da37b0, org.springframework.security.web.context.SecurityContextHolderFilter@81028f5, org.springframework.security.web.header.HeaderWriterFilter@11091385, org.springframework.web.filter.CorsFilter@536ca333, org.springframework.security.web.authentication.logout.LogoutFilter@5fde3b6d, org.springframework.security.oauth2.client.web.OAuth2AuthorizationRequestRedirectFilter@b274e3e, org.springframework.security.oauth2.client.web.OAuth2LoginAuthenticationFilter@7c7a1f75, com.sleepyproject.sleepy_backend.config.JwtFilter@73a347e8, org.springframework.security.web.savedrequest.RequestCacheAwareFilter@7214fd1b, org.springframework.security.web.servletapi.SecurityContextHolderAwareRequestFilter@52f387a8, org.springframework.security.web.authentication.AnonymousAuthenticationFilter@7a7c889, org.springframework.security.web.session.SessionManagementFilter@4555583b, org.springframework.security.web.access.ExceptionTranslationFilter@6cce35ea, org.springframework.security.web.access.intercept.AuthorizationFilter@76100385]] (1/1)
2026-08-08 00:05:39.573 [http-nio-8383-exec-4] DEBUG o.s.security.web.FilterChainProxy - Securing GET /api/products/list?category=%EC%8A%A4%ED%80%B4%EC%8B%9C&keyword=&sellerId=&page=0&size=20&sort=createdAt,desc
2026-08-08 00:05:39.573 [http-nio-8383-exec-4] TRACE o.s.security.web.FilterChainProxy - Invoking DisableEncodeUrlFilter (1/15)
2026-08-08 00:05:39.573 [http-nio-8383-exec-4] TRACE o.s.security.web.FilterChainProxy - Invoking WebAsyncManagerIntegrationFilter (2/15)
2026-08-08 00:05:39.573 [http-nio-8383-exec-4] TRACE o.s.security.web.FilterChainProxy - Invoking SecurityContextHolderFilter (3/15)
2026-08-08 00:05:39.573 [http-nio-8383-exec-4] TRACE o.s.security.web.FilterChainProxy - Invoking HeaderWriterFilter (4/15)
2026-08-08 00:05:39.573 [http-nio-8383-exec-4] TRACE o.s.security.web.FilterChainProxy - Invoking CorsFilter (5/15)
2026-08-08 00:05:39.573 [http-nio-8383-exec-4] TRACE o.s.security.web.FilterChainProxy - Invoking LogoutFilter (6/15)
2026-08-08 00:05:39.573 [http-nio-8383-exec-4] TRACE o.s.s.w.a.logout.LogoutFilter - Did not match request to Or [Ant [pattern='/logout', GET], Ant [pattern='/logout', POST], Ant [pattern='/logout', PUT], Ant [pattern='/logout', DELETE]]
2026-08-08 00:05:39.573 [http-nio-8383-exec-4] TRACE o.s.security.web.FilterChainProxy - Invoking OAuth2AuthorizationRequestRedirectFilter (7/15)
2026-08-08 00:05:39.573 [http-nio-8383-exec-4] TRACE o.s.security.web.FilterChainProxy - Invoking OAuth2LoginAuthenticationFilter (8/15)
2026-08-08 00:05:39.573 [http-nio-8383-exec-4] TRACE o.s.s.o.c.w.OAuth2LoginAuthenticationFilter - Did not match request to Ant [pattern='/login/oauth2/code/*']
2026-08-08 00:05:39.573 [http-nio-8383-exec-4] TRACE o.s.security.web.FilterChainProxy - Invoking JwtFilter (9/15)
2026-08-08 00:05:39.581 [http-nio-8383-exec-4] TRACE o.s.s.w.c.SupplierDeferredSecurityContext - Created SecurityContextImpl [Null authentication]
2026-08-08 00:05:39.581 [http-nio-8383-exec-4] TRACE o.s.security.web.FilterChainProxy - Invoking RequestCacheAwareFilter (10/15)
2026-08-08 00:05:39.581 [http-nio-8383-exec-4] TRACE o.s.security.web.FilterChainProxy - Invoking SecurityContextHolderAwareRequestFilter (11/15)
2026-08-08 00:05:39.581 [http-nio-8383-exec-4] TRACE o.s.security.web.FilterChainProxy - Invoking AnonymousAuthenticationFilter (12/15)
2026-08-08 00:05:39.581 [http-nio-8383-exec-4] TRACE o.s.security.web.FilterChainProxy - Invoking SessionManagementFilter (13/15)
2026-08-08 00:05:39.581 [http-nio-8383-exec-4] TRACE o.s.s.w.a.AnonymousAuthenticationFilter - Did not set SecurityContextHolder since already authenticated UsernamePasswordAuthenticationToken [Principal=Manager, Credentials=[PROTECTED], Authenticated=true, Details=null, Granted Authorities=[ROLE_SELLER]]
2026-08-08 00:05:39.581 [http-nio-8383-exec-4] TRACE o.s.s.w.a.s.CompositeSessionAuthenticationStrategy - Preparing session with ChangeSessionIdAuthenticationStrategy (1/1)
2026-08-08 00:05:39.581 [http-nio-8383-exec-4] TRACE o.s.security.web.FilterChainProxy - Invoking ExceptionTranslationFilter (14/15)
2026-08-08 00:05:39.581 [http-nio-8383-exec-4] TRACE o.s.security.web.FilterChainProxy - Invoking AuthorizationFilter (15/15)
2026-08-08 00:05:39.581 [http-nio-8383-exec-4] TRACE o.s.s.w.a.i.RequestMatcherDelegatingAuthorizationManager - Authorizing GET /api/products/list?category=%EC%8A%A4%ED%80%B4%EC%8B%9C&keyword=&sellerId=&page=0&size=20&sort=createdAt,desc
2026-08-08 00:05:39.581 [http-nio-8383-exec-4] TRACE o.s.s.w.a.i.RequestMatcherDelegatingAuthorizationManager - Checking authorization on GET /api/products/list?category=%EC%8A%A4%ED%80%B4%EC%8B%9C&keyword=&sellerId=&page=0&size=20&sort=createdAt,desc using org.springframework.security.config.annotation.web.configurers.AuthorizeHttpRequestsConfigurer$$Lambda/0x0000022808deed40@20f10c82
2026-08-08 00:05:39.581 [http-nio-8383-exec-4] DEBUG o.s.security.web.FilterChainProxy - Secured GET /api/products/list?category=%EC%8A%A4%ED%80%B4%EC%8B%9C&keyword=&sellerId=&page=0&size=20&sort=createdAt,desc
2026-08-08 00:05:39.583 [http-nio-8383-exec-4] INFO  c.s.s.service.product.ProductService - 카테고리: 스퀴시, 키워드: , 판매자: null 로 검색 진행
2026-08-08 00:05:39.591 [http-nio-8383-exec-4] TRACE o.s.s.w.h.writers.HstsHeaderWriter - Not injecting HSTS header since it did not match request to [Is Secure]
2026-08-08 00:05:40.287 [http-nio-8383-exec-2] TRACE o.s.security.web.FilterChainProxy - Trying to match request against DefaultSecurityFilterChain [RequestMatcher=any request, Filters=[org.springframework.security.web.session.DisableEncodeUrlFilter@79fad1c1, org.springframework.security.web.context.request.async.WebAsyncManagerIntegrationFilter@60da37b0, org.springframework.security.web.context.SecurityContextHolderFilter@81028f5, org.springframework.security.web.header.HeaderWriterFilter@11091385, org.springframework.web.filter.CorsFilter@536ca333, org.springframework.security.web.authentication.logout.LogoutFilter@5fde3b6d, org.springframework.security.oauth2.client.web.OAuth2AuthorizationRequestRedirectFilter@b274e3e, org.springframework.security.oauth2.client.web.OAuth2LoginAuthenticationFilter@7c7a1f75, com.sleepyproject.sleepy_backend.config.JwtFilter@73a347e8, org.springframework.security.web.savedrequest.RequestCacheAwareFilter@7214fd1b, org.springframework.security.web.servletapi.SecurityContextHolderAwareRequestFilter@52f387a8, org.springframework.security.web.authentication.AnonymousAuthenticationFilter@7a7c889, org.springframework.security.web.session.SessionManagementFilter@4555583b, org.springframework.security.web.access.ExceptionTranslationFilter@6cce35ea, org.springframework.security.web.access.intercept.AuthorizationFilter@76100385]] (1/1)
2026-08-08 00:05:40.287 [http-nio-8383-exec-2] DEBUG o.s.security.web.FilterChainProxy - Securing GET /api/products/list?category=%EC%99%81%EB%BF%8C&keyword=&sellerId=&page=0&size=20&sort=createdAt,desc
2026-08-08 00:05:40.287 [http-nio-8383-exec-2] TRACE o.s.security.web.FilterChainProxy - Invoking DisableEncodeUrlFilter (1/15)
2026-08-08 00:05:40.287 [http-nio-8383-exec-2] TRACE o.s.security.web.FilterChainProxy - Invoking WebAsyncManagerIntegrationFilter (2/15)
2026-08-08 00:05:40.287 [http-nio-8383-exec-2] TRACE o.s.security.web.FilterChainProxy - Invoking SecurityContextHolderFilter (3/15)
2026-08-08 00:05:40.287 [http-nio-8383-exec-2] TRACE o.s.security.web.FilterChainProxy - Invoking HeaderWriterFilter (4/15)
2026-08-08 00:05:40.287 [http-nio-8383-exec-2] TRACE o.s.security.web.FilterChainProxy - Invoking CorsFilter (5/15)
2026-08-08 00:05:40.287 [http-nio-8383-exec-2] TRACE o.s.security.web.FilterChainProxy - Invoking LogoutFilter (6/15)
2026-08-08 00:05:40.287 [http-nio-8383-exec-2] TRACE o.s.s.w.a.logout.LogoutFilter - Did not match request to Or [Ant [pattern='/logout', GET], Ant [pattern='/logout', POST], Ant [pattern='/logout', PUT], Ant [pattern='/logout', DELETE]]
2026-08-08 00:05:40.287 [http-nio-8383-exec-2] TRACE o.s.security.web.FilterChainProxy - Invoking OAuth2AuthorizationRequestRedirectFilter (7/15)
2026-08-08 00:05:40.287 [http-nio-8383-exec-2] TRACE o.s.security.web.FilterChainProxy - Invoking OAuth2LoginAuthenticationFilter (8/15)
2026-08-08 00:05:40.287 [http-nio-8383-exec-2] TRACE o.s.s.o.c.w.OAuth2LoginAuthenticationFilter - Did not match request to Ant [pattern='/login/oauth2/code/*']
2026-08-08 00:05:40.287 [http-nio-8383-exec-2] TRACE o.s.security.web.FilterChainProxy - Invoking JwtFilter (9/15)
2026-08-08 00:05:40.295 [http-nio-8383-exec-2] TRACE o.s.s.w.c.SupplierDeferredSecurityContext - Created SecurityContextImpl [Null authentication]
2026-08-08 00:05:40.295 [http-nio-8383-exec-2] TRACE o.s.security.web.FilterChainProxy - Invoking RequestCacheAwareFilter (10/15)
2026-08-08 00:05:40.295 [http-nio-8383-exec-2] TRACE o.s.security.web.FilterChainProxy - Invoking SecurityContextHolderAwareRequestFilter (11/15)
2026-08-08 00:05:40.295 [http-nio-8383-exec-2] TRACE o.s.security.web.FilterChainProxy - Invoking AnonymousAuthenticationFilter (12/15)
2026-08-08 00:05:40.295 [http-nio-8383-exec-2] TRACE o.s.security.web.FilterChainProxy - Invoking SessionManagementFilter (13/15)
2026-08-08 00:05:40.295 [http-nio-8383-exec-2] TRACE o.s.s.w.a.AnonymousAuthenticationFilter - Did not set SecurityContextHolder since already authenticated UsernamePasswordAuthenticationToken [Principal=Manager, Credentials=[PROTECTED], Authenticated=true, Details=null, Granted Authorities=[ROLE_SELLER]]
2026-08-08 00:05:40.295 [http-nio-8383-exec-2] TRACE o.s.s.w.a.s.CompositeSessionAuthenticationStrategy - Preparing session with ChangeSessionIdAuthenticationStrategy (1/1)
2026-08-08 00:05:40.295 [http-nio-8383-exec-2] TRACE o.s.security.web.FilterChainProxy - Invoking ExceptionTranslationFilter (14/15)
2026-08-08 00:05:40.295 [http-nio-8383-exec-2] TRACE o.s.security.web.FilterChainProxy - Invoking AuthorizationFilter (15/15)
2026-08-08 00:05:40.295 [http-nio-8383-exec-2] TRACE o.s.s.w.a.i.RequestMatcherDelegatingAuthorizationManager - Authorizing GET /api/products/list?category=%EC%99%81%EB%BF%8C&keyword=&sellerId=&page=0&size=20&sort=createdAt,desc
2026-08-08 00:05:40.295 [http-nio-8383-exec-2] TRACE o.s.s.w.a.i.RequestMatcherDelegatingAuthorizationManager - Checking authorization on GET /api/products/list?category=%EC%99%81%EB%BF%8C&keyword=&sellerId=&page=0&size=20&sort=createdAt,desc using org.springframework.security.config.annotation.web.configurers.AuthorizeHttpRequestsConfigurer$$Lambda/0x0000022808deed40@20f10c82
2026-08-08 00:05:40.295 [http-nio-8383-exec-2] DEBUG o.s.security.web.FilterChainProxy - Secured GET /api/products/list?category=%EC%99%81%EB%BF%8C&keyword=&sellerId=&page=0&size=20&sort=createdAt,desc
2026-08-08 00:05:40.296 [http-nio-8383-exec-2] INFO  c.s.s.service.product.ProductService - 카테고리: 왁뿌, 키워드: , 판매자: null 로 검색 진행
2026-08-08 00:05:40.301 [http-nio-8383-exec-2] TRACE o.s.s.w.h.writers.HstsHeaderWriter - Not injecting HSTS header since it did not match request to [Is Secure]
2026-08-08 00:05:41.337 [http-nio-8383-exec-9] TRACE o.s.security.web.FilterChainProxy - Trying to match request against DefaultSecurityFilterChain [RequestMatcher=any request, Filters=[org.springframework.security.web.session.DisableEncodeUrlFilter@79fad1c1, org.springframework.security.web.context.request.async.WebAsyncManagerIntegrationFilter@60da37b0, org.springframework.security.web.context.SecurityContextHolderFilter@81028f5, org.springframework.security.web.header.HeaderWriterFilter@11091385, org.springframework.web.filter.CorsFilter@536ca333, org.springframework.security.web.authentication.logout.LogoutFilter@5fde3b6d, org.springframework.security.oauth2.client.web.OAuth2AuthorizationRequestRedirectFilter@b274e3e, org.springframework.security.oauth2.client.web.OAuth2LoginAuthenticationFilter@7c7a1f75, com.sleepyproject.sleepy_backend.config.JwtFilter@73a347e8, org.springframework.security.web.savedrequest.RequestCacheAwareFilter@7214fd1b, org.springframework.security.web.servletapi.SecurityContextHolderAwareRequestFilter@52f387a8, org.springframework.security.web.authentication.AnonymousAuthenticationFilter@7a7c889, org.springframework.security.web.session.SessionManagementFilter@4555583b, org.springframework.security.web.access.ExceptionTranslationFilter@6cce35ea, org.springframework.security.web.access.intercept.AuthorizationFilter@76100385]] (1/1)
2026-08-08 00:05:41.338 [http-nio-8383-exec-9] DEBUG o.s.security.web.FilterChainProxy - Securing GET /api/products/list?category=%EC%8A%A4%ED%80%B4%EC%8B%9C&keyword=&sellerId=&page=0&size=20&sort=createdAt,desc
2026-08-08 00:05:41.338 [http-nio-8383-exec-9] TRACE o.s.security.web.FilterChainProxy - Invoking DisableEncodeUrlFilter (1/15)
2026-08-08 00:05:41.338 [http-nio-8383-exec-9] TRACE o.s.security.web.FilterChainProxy - Invoking WebAsyncManagerIntegrationFilter (2/15)
2026-08-08 00:05:41.338 [http-nio-8383-exec-9] TRACE o.s.security.web.FilterChainProxy - Invoking SecurityContextHolderFilter (3/15)
2026-08-08 00:05:41.338 [http-nio-8383-exec-9] TRACE o.s.security.web.FilterChainProxy - Invoking HeaderWriterFilter (4/15)
2026-08-08 00:05:41.338 [http-nio-8383-exec-9] TRACE o.s.security.web.FilterChainProxy - Invoking CorsFilter (5/15)
2026-08-08 00:05:41.338 [http-nio-8383-exec-9] TRACE o.s.security.web.FilterChainProxy - Invoking LogoutFilter (6/15)
2026-08-08 00:05:41.338 [http-nio-8383-exec-9] TRACE o.s.s.w.a.logout.LogoutFilter - Did not match request to Or [Ant [pattern='/logout', GET], Ant [pattern='/logout', POST], Ant [pattern='/logout', PUT], Ant [pattern='/logout', DELETE]]
2026-08-08 00:05:41.338 [http-nio-8383-exec-9] TRACE o.s.security.web.FilterChainProxy - Invoking OAuth2AuthorizationRequestRedirectFilter (7/15)
2026-08-08 00:05:41.338 [http-nio-8383-exec-9] TRACE o.s.security.web.FilterChainProxy - Invoking OAuth2LoginAuthenticationFilter (8/15)
2026-08-08 00:05:41.338 [http-nio-8383-exec-9] TRACE o.s.s.o.c.w.OAuth2LoginAuthenticationFilter - Did not match request to Ant [pattern='/login/oauth2/code/*']
2026-08-08 00:05:41.338 [http-nio-8383-exec-9] TRACE o.s.security.web.FilterChainProxy - Invoking JwtFilter (9/15)
2026-08-08 00:05:41.346 [http-nio-8383-exec-9] TRACE o.s.s.w.c.SupplierDeferredSecurityContext - Created SecurityContextImpl [Null authentication]
2026-08-08 00:05:41.346 [http-nio-8383-exec-9] TRACE o.s.security.web.FilterChainProxy - Invoking RequestCacheAwareFilter (10/15)
2026-08-08 00:05:41.346 [http-nio-8383-exec-9] TRACE o.s.security.web.FilterChainProxy - Invoking SecurityContextHolderAwareRequestFilter (11/15)
2026-08-08 00:05:41.346 [http-nio-8383-exec-9] TRACE o.s.security.web.FilterChainProxy - Invoking AnonymousAuthenticationFilter (12/15)
2026-08-08 00:05:41.346 [http-nio-8383-exec-9] TRACE o.s.security.web.FilterChainProxy - Invoking SessionManagementFilter (13/15)
2026-08-08 00:05:41.346 [http-nio-8383-exec-9] TRACE o.s.s.w.a.AnonymousAuthenticationFilter - Did not set SecurityContextHolder since already authenticated UsernamePasswordAuthenticationToken [Principal=Manager, Credentials=[PROTECTED], Authenticated=true, Details=null, Granted Authorities=[ROLE_SELLER]]
2026-08-08 00:05:41.346 [http-nio-8383-exec-9] TRACE o.s.s.w.a.s.CompositeSessionAuthenticationStrategy - Preparing session with ChangeSessionIdAuthenticationStrategy (1/1)
2026-08-08 00:05:41.346 [http-nio-8383-exec-9] TRACE o.s.security.web.FilterChainProxy - Invoking ExceptionTranslationFilter (14/15)
2026-08-08 00:05:41.346 [http-nio-8383-exec-9] TRACE o.s.security.web.FilterChainProxy - Invoking AuthorizationFilter (15/15)
2026-08-08 00:05:41.346 [http-nio-8383-exec-9] TRACE o.s.s.w.a.i.RequestMatcherDelegatingAuthorizationManager - Authorizing GET /api/products/list?category=%EC%8A%A4%ED%80%B4%EC%8B%9C&keyword=&sellerId=&page=0&size=20&sort=createdAt,desc
2026-08-08 00:05:41.346 [http-nio-8383-exec-9] TRACE o.s.s.w.a.i.RequestMatcherDelegatingAuthorizationManager - Checking authorization on GET /api/products/list?category=%EC%8A%A4%ED%80%B4%EC%8B%9C&keyword=&sellerId=&page=0&size=20&sort=createdAt,desc using org.springframework.security.config.annotation.web.configurers.AuthorizeHttpRequestsConfigurer$$Lambda/0x0000022808deed40@20f10c82
2026-08-08 00:05:41.346 [http-nio-8383-exec-9] DEBUG o.s.security.web.FilterChainProxy - Secured GET /api/products/list?category=%EC%8A%A4%ED%80%B4%EC%8B%9C&keyword=&sellerId=&page=0&size=20&sort=createdAt,desc
2026-08-08 00:05:41.348 [http-nio-8383-exec-9] INFO  c.s.s.service.product.ProductService - 카테고리: 스퀴시, 키워드: , 판매자: null 로 검색 진행
2026-08-08 00:05:41.353 [http-nio-8383-exec-9] TRACE o.s.s.w.h.writers.HstsHeaderWriter - Not injecting HSTS header since it did not match request to [Is Secure]
2026-08-08 00:05:41.774 [http-nio-8383-exec-8] TRACE o.s.security.web.FilterChainProxy - Trying to match request against DefaultSecurityFilterChain [RequestMatcher=any request, Filters=[org.springframework.security.web.session.DisableEncodeUrlFilter@79fad1c1, org.springframework.security.web.context.request.async.WebAsyncManagerIntegrationFilter@60da37b0, org.springframework.security.web.context.SecurityContextHolderFilter@81028f5, org.springframework.security.web.header.HeaderWriterFilter@11091385, org.springframework.web.filter.CorsFilter@536ca333, org.springframework.security.web.authentication.logout.LogoutFilter@5fde3b6d, org.springframework.security.oauth2.client.web.OAuth2AuthorizationRequestRedirectFilter@b274e3e, org.springframework.security.oauth2.client.web.OAuth2LoginAuthenticationFilter@7c7a1f75, com.sleepyproject.sleepy_backend.config.JwtFilter@73a347e8, org.springframework.security.web.savedrequest.RequestCacheAwareFilter@7214fd1b, org.springframework.security.web.servletapi.SecurityContextHolderAwareRequestFilter@52f387a8, org.springframework.security.web.authentication.AnonymousAuthenticationFilter@7a7c889, org.springframework.security.web.session.SessionManagementFilter@4555583b, org.springframework.security.web.access.ExceptionTranslationFilter@6cce35ea, org.springframework.security.web.access.intercept.AuthorizationFilter@76100385]] (1/1)
2026-08-08 00:05:41.774 [http-nio-8383-exec-8] DEBUG o.s.security.web.FilterChainProxy - Securing GET /api/products/list?category=%EB%A7%90%EB%9E%91%EC%9D%B4&keyword=&sellerId=&page=0&size=20&sort=createdAt,desc
2026-08-08 00:05:41.775 [http-nio-8383-exec-8] TRACE o.s.security.web.FilterChainProxy - Invoking DisableEncodeUrlFilter (1/15)
2026-08-08 00:05:41.775 [http-nio-8383-exec-8] TRACE o.s.security.web.FilterChainProxy - Invoking WebAsyncManagerIntegrationFilter (2/15)
2026-08-08 00:05:41.775 [http-nio-8383-exec-8] TRACE o.s.security.web.FilterChainProxy - Invoking SecurityContextHolderFilter (3/15)
2026-08-08 00:05:41.775 [http-nio-8383-exec-8] TRACE o.s.security.web.FilterChainProxy - Invoking HeaderWriterFilter (4/15)
2026-08-08 00:05:41.775 [http-nio-8383-exec-8] TRACE o.s.security.web.FilterChainProxy - Invoking CorsFilter (5/15)
2026-08-08 00:05:41.775 [http-nio-8383-exec-8] TRACE o.s.security.web.FilterChainProxy - Invoking LogoutFilter (6/15)
2026-08-08 00:05:41.775 [http-nio-8383-exec-8] TRACE o.s.s.w.a.logout.LogoutFilter - Did not match request to Or [Ant [pattern='/logout', GET], Ant [pattern='/logout', POST], Ant [pattern='/logout', PUT], Ant [pattern='/logout', DELETE]]
2026-08-08 00:05:41.775 [http-nio-8383-exec-8] TRACE o.s.security.web.FilterChainProxy - Invoking OAuth2AuthorizationRequestRedirectFilter (7/15)
2026-08-08 00:05:41.775 [http-nio-8383-exec-8] TRACE o.s.security.web.FilterChainProxy - Invoking OAuth2LoginAuthenticationFilter (8/15)
2026-08-08 00:05:41.775 [http-nio-8383-exec-8] TRACE o.s.s.o.c.w.OAuth2LoginAuthenticationFilter - Did not match request to Ant [pattern='/login/oauth2/code/*']
2026-08-08 00:05:41.775 [http-nio-8383-exec-8] TRACE o.s.security.web.FilterChainProxy - Invoking JwtFilter (9/15)
2026-08-08 00:05:41.783 [http-nio-8383-exec-8] TRACE o.s.s.w.c.SupplierDeferredSecurityContext - Created SecurityContextImpl [Null authentication]
2026-08-08 00:05:41.783 [http-nio-8383-exec-8] TRACE o.s.security.web.FilterChainProxy - Invoking RequestCacheAwareFilter (10/15)
2026-08-08 00:05:41.783 [http-nio-8383-exec-8] TRACE o.s.security.web.FilterChainProxy - Invoking SecurityContextHolderAwareRequestFilter (11/15)
2026-08-08 00:05:41.783 [http-nio-8383-exec-8] TRACE o.s.security.web.FilterChainProxy - Invoking AnonymousAuthenticationFilter (12/15)
2026-08-08 00:05:41.783 [http-nio-8383-exec-8] TRACE o.s.security.web.FilterChainProxy - Invoking SessionManagementFilter (13/15)
2026-08-08 00:05:41.783 [http-nio-8383-exec-8] TRACE o.s.s.w.a.AnonymousAuthenticationFilter - Did not set SecurityContextHolder since already authenticated UsernamePasswordAuthenticationToken [Principal=Manager, Credentials=[PROTECTED], Authenticated=true, Details=null, Granted Authorities=[ROLE_SELLER]]
2026-08-08 00:05:41.783 [http-nio-8383-exec-8] TRACE o.s.s.w.a.s.CompositeSessionAuthenticationStrategy - Preparing session with ChangeSessionIdAuthenticationStrategy (1/1)
2026-08-08 00:05:41.783 [http-nio-8383-exec-8] TRACE o.s.security.web.FilterChainProxy - Invoking ExceptionTranslationFilter (14/15)
2026-08-08 00:05:41.783 [http-nio-8383-exec-8] TRACE o.s.security.web.FilterChainProxy - Invoking AuthorizationFilter (15/15)
2026-08-08 00:05:41.783 [http-nio-8383-exec-8] TRACE o.s.s.w.a.i.RequestMatcherDelegatingAuthorizationManager - Authorizing GET /api/products/list?category=%EB%A7%90%EB%9E%91%EC%9D%B4&keyword=&sellerId=&page=0&size=20&sort=createdAt,desc
2026-08-08 00:05:41.783 [http-nio-8383-exec-8] TRACE o.s.s.w.a.i.RequestMatcherDelegatingAuthorizationManager - Checking authorization on GET /api/products/list?category=%EB%A7%90%EB%9E%91%EC%9D%B4&keyword=&sellerId=&page=0&size=20&sort=createdAt,desc using org.springframework.security.config.annotation.web.configurers.AuthorizeHttpRequestsConfigurer$$Lambda/0x0000022808deed40@20f10c82
2026-08-08 00:05:41.783 [http-nio-8383-exec-8] DEBUG o.s.security.web.FilterChainProxy - Secured GET /api/products/list?category=%EB%A7%90%EB%9E%91%EC%9D%B4&keyword=&sellerId=&page=0&size=20&sort=createdAt,desc
2026-08-08 00:05:41.784 [http-nio-8383-exec-8] INFO  c.s.s.service.product.ProductService - 카테고리: 말랑이, 키워드: , 판매자: null 로 검색 진행
2026-08-08 00:05:41.789 [http-nio-8383-exec-8] TRACE o.s.s.w.h.writers.HstsHeaderWriter - Not injecting HSTS header since it did not match request to [Is Secure]
2026-08-08 00:05:42.634 [http-nio-8383-exec-5] TRACE o.s.security.web.FilterChainProxy - Trying to match request against DefaultSecurityFilterChain [RequestMatcher=any request, Filters=[org.springframework.security.web.session.DisableEncodeUrlFilter@79fad1c1, org.springframework.security.web.context.request.async.WebAsyncManagerIntegrationFilter@60da37b0, org.springframework.security.web.context.SecurityContextHolderFilter@81028f5, org.springframework.security.web.header.HeaderWriterFilter@11091385, org.springframework.web.filter.CorsFilter@536ca333, org.springframework.security.web.authentication.logout.LogoutFilter@5fde3b6d, org.springframework.security.oauth2.client.web.OAuth2AuthorizationRequestRedirectFilter@b274e3e, org.springframework.security.oauth2.client.web.OAuth2LoginAuthenticationFilter@7c7a1f75, com.sleepyproject.sleepy_backend.config.JwtFilter@73a347e8, org.springframework.security.web.savedrequest.RequestCacheAwareFilter@7214fd1b, org.springframework.security.web.servletapi.SecurityContextHolderAwareRequestFilter@52f387a8, org.springframework.security.web.authentication.AnonymousAuthenticationFilter@7a7c889, org.springframework.security.web.session.SessionManagementFilter@4555583b, org.springframework.security.web.access.ExceptionTranslationFilter@6cce35ea, org.springframework.security.web.access.intercept.AuthorizationFilter@76100385]] (1/1)
2026-08-08 00:05:42.634 [http-nio-8383-exec-5] DEBUG o.s.security.web.FilterChainProxy - Securing GET /api/products/list?category=%EC%8A%AC%EB%9E%91%EC%9D%B4&keyword=&sellerId=&page=0&size=20&sort=createdAt,desc
2026-08-08 00:05:42.634 [http-nio-8383-exec-5] TRACE o.s.security.web.FilterChainProxy - Invoking DisableEncodeUrlFilter (1/15)
2026-08-08 00:05:42.634 [http-nio-8383-exec-5] TRACE o.s.security.web.FilterChainProxy - Invoking WebAsyncManagerIntegrationFilter (2/15)
2026-08-08 00:05:42.634 [http-nio-8383-exec-5] TRACE o.s.security.web.FilterChainProxy - Invoking SecurityContextHolderFilter (3/15)
2026-08-08 00:05:42.634 [http-nio-8383-exec-5] TRACE o.s.security.web.FilterChainProxy - Invoking HeaderWriterFilter (4/15)
2026-08-08 00:05:42.634 [http-nio-8383-exec-5] TRACE o.s.security.web.FilterChainProxy - Invoking CorsFilter (5/15)
2026-08-08 00:05:42.635 [http-nio-8383-exec-5] TRACE o.s.security.web.FilterChainProxy - Invoking LogoutFilter (6/15)
2026-08-08 00:05:42.635 [http-nio-8383-exec-5] TRACE o.s.s.w.a.logout.LogoutFilter - Did not match request to Or [Ant [pattern='/logout', GET], Ant [pattern='/logout', POST], Ant [pattern='/logout', PUT], Ant [pattern='/logout', DELETE]]
2026-08-08 00:05:42.635 [http-nio-8383-exec-5] TRACE o.s.security.web.FilterChainProxy - Invoking OAuth2AuthorizationRequestRedirectFilter (7/15)
2026-08-08 00:05:42.635 [http-nio-8383-exec-5] TRACE o.s.security.web.FilterChainProxy - Invoking OAuth2LoginAuthenticationFilter (8/15)
2026-08-08 00:05:42.635 [http-nio-8383-exec-5] TRACE o.s.s.o.c.w.OAuth2LoginAuthenticationFilter - Did not match request to Ant [pattern='/login/oauth2/code/*']
2026-08-08 00:05:42.635 [http-nio-8383-exec-5] TRACE o.s.security.web.FilterChainProxy - Invoking JwtFilter (9/15)
2026-08-08 00:05:42.644 [http-nio-8383-exec-5] TRACE o.s.s.w.c.SupplierDeferredSecurityContext - Created SecurityContextImpl [Null authentication]
2026-08-08 00:05:42.644 [http-nio-8383-exec-5] TRACE o.s.security.web.FilterChainProxy - Invoking RequestCacheAwareFilter (10/15)
2026-08-08 00:05:42.644 [http-nio-8383-exec-5] TRACE o.s.security.web.FilterChainProxy - Invoking SecurityContextHolderAwareRequestFilter (11/15)
2026-08-08 00:05:42.644 [http-nio-8383-exec-5] TRACE o.s.security.web.FilterChainProxy - Invoking AnonymousAuthenticationFilter (12/15)
2026-08-08 00:05:42.644 [http-nio-8383-exec-5] TRACE o.s.security.web.FilterChainProxy - Invoking SessionManagementFilter (13/15)
2026-08-08 00:05:42.644 [http-nio-8383-exec-5] TRACE o.s.s.w.a.AnonymousAuthenticationFilter - Did not set SecurityContextHolder since already authenticated UsernamePasswordAuthenticationToken [Principal=Manager, Credentials=[PROTECTED], Authenticated=true, Details=null, Granted Authorities=[ROLE_SELLER]]
2026-08-08 00:05:42.644 [http-nio-8383-exec-5] TRACE o.s.s.w.a.s.CompositeSessionAuthenticationStrategy - Preparing session with ChangeSessionIdAuthenticationStrategy (1/1)
2026-08-08 00:05:42.644 [http-nio-8383-exec-5] TRACE o.s.security.web.FilterChainProxy - Invoking ExceptionTranslationFilter (14/15)
2026-08-08 00:05:42.644 [http-nio-8383-exec-5] TRACE o.s.security.web.FilterChainProxy - Invoking AuthorizationFilter (15/15)
2026-08-08 00:05:42.644 [http-nio-8383-exec-5] TRACE o.s.s.w.a.i.RequestMatcherDelegatingAuthorizationManager - Authorizing GET /api/products/list?category=%EC%8A%AC%EB%9E%91%EC%9D%B4&keyword=&sellerId=&page=0&size=20&sort=createdAt,desc
2026-08-08 00:05:42.644 [http-nio-8383-exec-5] TRACE o.s.s.w.a.i.RequestMatcherDelegatingAuthorizationManager - Checking authorization on GET /api/products/list?category=%EC%8A%AC%EB%9E%91%EC%9D%B4&keyword=&sellerId=&page=0&size=20&sort=createdAt,desc using org.springframework.security.config.annotation.web.configurers.AuthorizeHttpRequestsConfigurer$$Lambda/0x0000022808deed40@20f10c82
2026-08-08 00:05:42.644 [http-nio-8383-exec-5] DEBUG o.s.security.web.FilterChainProxy - Secured GET /api/products/list?category=%EC%8A%AC%EB%9E%91%EC%9D%B4&keyword=&sellerId=&page=0&size=20&sort=createdAt,desc
2026-08-08 00:05:42.645 [http-nio-8383-exec-5] INFO  c.s.s.service.product.ProductService - 카테고리: 슬랑이, 키워드: , 판매자: null 로 검색 진행
2026-08-08 00:05:42.649 [http-nio-8383-exec-5] TRACE o.s.s.w.h.writers.HstsHeaderWriter - Not injecting HSTS header since it did not match request to [Is Secure]
2026-08-08 00:05:43.331 [http-nio-8383-exec-3] TRACE o.s.security.web.FilterChainProxy - Trying to match request against DefaultSecurityFilterChain [RequestMatcher=any request, Filters=[org.springframework.security.web.session.DisableEncodeUrlFilter@79fad1c1, org.springframework.security.web.context.request.async.WebAsyncManagerIntegrationFilter@60da37b0, org.springframework.security.web.context.SecurityContextHolderFilter@81028f5, org.springframework.security.web.header.HeaderWriterFilter@11091385, org.springframework.web.filter.CorsFilter@536ca333, org.springframework.security.web.authentication.logout.LogoutFilter@5fde3b6d, org.springframework.security.oauth2.client.web.OAuth2AuthorizationRequestRedirectFilter@b274e3e, org.springframework.security.oauth2.client.web.OAuth2LoginAuthenticationFilter@7c7a1f75, com.sleepyproject.sleepy_backend.config.JwtFilter@73a347e8, org.springframework.security.web.savedrequest.RequestCacheAwareFilter@7214fd1b, org.springframework.security.web.servletapi.SecurityContextHolderAwareRequestFilter@52f387a8, org.springframework.security.web.authentication.AnonymousAuthenticationFilter@7a7c889, org.springframework.security.web.session.SessionManagementFilter@4555583b, org.springframework.security.web.access.ExceptionTranslationFilter@6cce35ea, org.springframework.security.web.access.intercept.AuthorizationFilter@76100385]] (1/1)
2026-08-08 00:05:43.332 [http-nio-8383-exec-3] DEBUG o.s.security.web.FilterChainProxy - Securing GET /api/products/list?category=%EC%8A%AC%EB%9D%BC%EC%9E%84&keyword=&sellerId=&page=0&size=20&sort=createdAt,desc
2026-08-08 00:05:43.332 [http-nio-8383-exec-3] TRACE o.s.security.web.FilterChainProxy - Invoking DisableEncodeUrlFilter (1/15)
2026-08-08 00:05:43.332 [http-nio-8383-exec-3] TRACE o.s.security.web.FilterChainProxy - Invoking WebAsyncManagerIntegrationFilter (2/15)
2026-08-08 00:05:43.332 [http-nio-8383-exec-3] TRACE o.s.security.web.FilterChainProxy - Invoking SecurityContextHolderFilter (3/15)
2026-08-08 00:05:43.332 [http-nio-8383-exec-3] TRACE o.s.security.web.FilterChainProxy - Invoking HeaderWriterFilter (4/15)
2026-08-08 00:05:43.332 [http-nio-8383-exec-3] TRACE o.s.security.web.FilterChainProxy - Invoking CorsFilter (5/15)
2026-08-08 00:05:43.332 [http-nio-8383-exec-3] TRACE o.s.security.web.FilterChainProxy - Invoking LogoutFilter (6/15)
2026-08-08 00:05:43.332 [http-nio-8383-exec-3] TRACE o.s.s.w.a.logout.LogoutFilter - Did not match request to Or [Ant [pattern='/logout', GET], Ant [pattern='/logout', POST], Ant [pattern='/logout', PUT], Ant [pattern='/logout', DELETE]]
2026-08-08 00:05:43.332 [http-nio-8383-exec-3] TRACE o.s.security.web.FilterChainProxy - Invoking OAuth2AuthorizationRequestRedirectFilter (7/15)
2026-08-08 00:05:43.332 [http-nio-8383-exec-3] TRACE o.s.security.web.FilterChainProxy - Invoking OAuth2LoginAuthenticationFilter (8/15)
2026-08-08 00:05:43.332 [http-nio-8383-exec-3] TRACE o.s.s.o.c.w.OAuth2LoginAuthenticationFilter - Did not match request to Ant [pattern='/login/oauth2/code/*']
2026-08-08 00:05:43.332 [http-nio-8383-exec-3] TRACE o.s.security.web.FilterChainProxy - Invoking JwtFilter (9/15)
2026-08-08 00:05:43.341 [http-nio-8383-exec-3] TRACE o.s.s.w.c.SupplierDeferredSecurityContext - Created SecurityContextImpl [Null authentication]
2026-08-08 00:05:43.341 [http-nio-8383-exec-3] TRACE o.s.security.web.FilterChainProxy - Invoking RequestCacheAwareFilter (10/15)
2026-08-08 00:05:43.341 [http-nio-8383-exec-3] TRACE o.s.security.web.FilterChainProxy - Invoking SecurityContextHolderAwareRequestFilter (11/15)
2026-08-08 00:05:43.341 [http-nio-8383-exec-3] TRACE o.s.security.web.FilterChainProxy - Invoking AnonymousAuthenticationFilter (12/15)
2026-08-08 00:05:43.341 [http-nio-8383-exec-3] TRACE o.s.security.web.FilterChainProxy - Invoking SessionManagementFilter (13/15)
2026-08-08 00:05:43.341 [http-nio-8383-exec-3] TRACE o.s.s.w.a.AnonymousAuthenticationFilter - Did not set SecurityContextHolder since already authenticated UsernamePasswordAuthenticationToken [Principal=Manager, Credentials=[PROTECTED], Authenticated=true, Details=null, Granted Authorities=[ROLE_SELLER]]
2026-08-08 00:05:43.341 [http-nio-8383-exec-3] TRACE o.s.s.w.a.s.CompositeSessionAuthenticationStrategy - Preparing session with ChangeSessionIdAuthenticationStrategy (1/1)
2026-08-08 00:05:43.341 [http-nio-8383-exec-3] TRACE o.s.security.web.FilterChainProxy - Invoking ExceptionTranslationFilter (14/15)
2026-08-08 00:05:43.341 [http-nio-8383-exec-3] TRACE o.s.security.web.FilterChainProxy - Invoking AuthorizationFilter (15/15)
2026-08-08 00:05:43.341 [http-nio-8383-exec-3] TRACE o.s.s.w.a.i.RequestMatcherDelegatingAuthorizationManager - Authorizing GET /api/products/list?category=%EC%8A%AC%EB%9D%BC%EC%9E%84&keyword=&sellerId=&page=0&size=20&sort=createdAt,desc
2026-08-08 00:05:43.341 [http-nio-8383-exec-3] TRACE o.s.s.w.a.i.RequestMatcherDelegatingAuthorizationManager - Checking authorization on GET /api/products/list?category=%EC%8A%AC%EB%9D%BC%EC%9E%84&keyword=&sellerId=&page=0&size=20&sort=createdAt,desc using org.springframework.security.config.annotation.web.configurers.AuthorizeHttpRequestsConfigurer$$Lambda/0x0000022808deed40@20f10c82
2026-08-08 00:05:43.341 [http-nio-8383-exec-3] DEBUG o.s.security.web.FilterChainProxy - Secured GET /api/products/list?category=%EC%8A%AC%EB%9D%BC%EC%9E%84&keyword=&sellerId=&page=0&size=20&sort=createdAt,desc
2026-08-08 00:05:43.343 [http-nio-8383-exec-3] INFO  c.s.s.service.product.ProductService - 카테고리: 슬라임, 키워드: , 판매자: null 로 검색 진행
2026-08-08 00:05:43.347 [http-nio-8383-exec-3] TRACE o.s.s.w.h.writers.HstsHeaderWriter - Not injecting HSTS header since it did not match request to [Is Secure]
2026-08-08 00:05:43.897 [http-nio-8383-exec-7] TRACE o.s.security.web.FilterChainProxy - Trying to match request against DefaultSecurityFilterChain [RequestMatcher=any request, Filters=[org.springframework.security.web.session.DisableEncodeUrlFilter@79fad1c1, org.springframework.security.web.context.request.async.WebAsyncManagerIntegrationFilter@60da37b0, org.springframework.security.web.context.SecurityContextHolderFilter@81028f5, org.springframework.security.web.header.HeaderWriterFilter@11091385, org.springframework.web.filter.CorsFilter@536ca333, org.springframework.security.web.authentication.logout.LogoutFilter@5fde3b6d, org.springframework.security.oauth2.client.web.OAuth2AuthorizationRequestRedirectFilter@b274e3e, org.springframework.security.oauth2.client.web.OAuth2LoginAuthenticationFilter@7c7a1f75, com.sleepyproject.sleepy_backend.config.JwtFilter@73a347e8, org.springframework.security.web.savedrequest.RequestCacheAwareFilter@7214fd1b, org.springframework.security.web.servletapi.SecurityContextHolderAwareRequestFilter@52f387a8, org.springframework.security.web.authentication.AnonymousAuthenticationFilter@7a7c889, org.springframework.security.web.session.SessionManagementFilter@4555583b, org.springframework.security.web.access.ExceptionTranslationFilter@6cce35ea, org.springframework.security.web.access.intercept.AuthorizationFilter@76100385]] (1/1)
2026-08-08 00:05:43.897 [http-nio-8383-exec-7] DEBUG o.s.security.web.FilterChainProxy - Securing GET /api/products/list?category=&keyword=&sellerId=&page=0&size=20&sort=createdAt,desc
2026-08-08 00:05:43.897 [http-nio-8383-exec-7] TRACE o.s.security.web.FilterChainProxy - Invoking DisableEncodeUrlFilter (1/15)
2026-08-08 00:05:43.897 [http-nio-8383-exec-7] TRACE o.s.security.web.FilterChainProxy - Invoking WebAsyncManagerIntegrationFilter (2/15)
2026-08-08 00:05:43.897 [http-nio-8383-exec-7] TRACE o.s.security.web.FilterChainProxy - Invoking SecurityContextHolderFilter (3/15)
2026-08-08 00:05:43.897 [http-nio-8383-exec-7] TRACE o.s.security.web.FilterChainProxy - Invoking HeaderWriterFilter (4/15)
2026-08-08 00:05:43.897 [http-nio-8383-exec-7] TRACE o.s.security.web.FilterChainProxy - Invoking CorsFilter (5/15)
2026-08-08 00:05:43.897 [http-nio-8383-exec-7] TRACE o.s.security.web.FilterChainProxy - Invoking LogoutFilter (6/15)
2026-08-08 00:05:43.897 [http-nio-8383-exec-7] TRACE o.s.s.w.a.logout.LogoutFilter - Did not match request to Or [Ant [pattern='/logout', GET], Ant [pattern='/logout', POST], Ant [pattern='/logout', PUT], Ant [pattern='/logout', DELETE]]
2026-08-08 00:05:43.897 [http-nio-8383-exec-7] TRACE o.s.security.web.FilterChainProxy - Invoking OAuth2AuthorizationRequestRedirectFilter (7/15)
2026-08-08 00:05:43.897 [http-nio-8383-exec-7] TRACE o.s.security.web.FilterChainProxy - Invoking OAuth2LoginAuthenticationFilter (8/15)
2026-08-08 00:05:43.897 [http-nio-8383-exec-7] TRACE o.s.s.o.c.w.OAuth2LoginAuthenticationFilter - Did not match request to Ant [pattern='/login/oauth2/code/*']
2026-08-08 00:05:43.897 [http-nio-8383-exec-7] TRACE o.s.security.web.FilterChainProxy - Invoking JwtFilter (9/15)
2026-08-08 00:05:43.908 [http-nio-8383-exec-7] TRACE o.s.s.w.c.SupplierDeferredSecurityContext - Created SecurityContextImpl [Null authentication]
2026-08-08 00:05:43.908 [http-nio-8383-exec-7] TRACE o.s.security.web.FilterChainProxy - Invoking RequestCacheAwareFilter (10/15)
2026-08-08 00:05:43.908 [http-nio-8383-exec-7] TRACE o.s.security.web.FilterChainProxy - Invoking SecurityContextHolderAwareRequestFilter (11/15)
2026-08-08 00:05:43.908 [http-nio-8383-exec-7] TRACE o.s.security.web.FilterChainProxy - Invoking AnonymousAuthenticationFilter (12/15)
2026-08-08 00:05:43.908 [http-nio-8383-exec-7] TRACE o.s.security.web.FilterChainProxy - Invoking SessionManagementFilter (13/15)
2026-08-08 00:05:43.908 [http-nio-8383-exec-7] TRACE o.s.s.w.a.AnonymousAuthenticationFilter - Did not set SecurityContextHolder since already authenticated UsernamePasswordAuthenticationToken [Principal=Manager, Credentials=[PROTECTED], Authenticated=true, Details=null, Granted Authorities=[ROLE_SELLER]]
2026-08-08 00:05:43.908 [http-nio-8383-exec-7] TRACE o.s.s.w.a.s.CompositeSessionAuthenticationStrategy - Preparing session with ChangeSessionIdAuthenticationStrategy (1/1)
2026-08-08 00:05:43.908 [http-nio-8383-exec-7] TRACE o.s.security.web.FilterChainProxy - Invoking ExceptionTranslationFilter (14/15)
2026-08-08 00:05:43.908 [http-nio-8383-exec-7] TRACE o.s.security.web.FilterChainProxy - Invoking AuthorizationFilter (15/15)
2026-08-08 00:05:43.908 [http-nio-8383-exec-7] TRACE o.s.s.w.a.i.RequestMatcherDelegatingAuthorizationManager - Authorizing GET /api/products/list?category=&keyword=&sellerId=&page=0&size=20&sort=createdAt,desc
2026-08-08 00:05:43.908 [http-nio-8383-exec-7] TRACE o.s.s.w.a.i.RequestMatcherDelegatingAuthorizationManager - Checking authorization on GET /api/products/list?category=&keyword=&sellerId=&page=0&size=20&sort=createdAt,desc using org.springframework.security.config.annotation.web.configurers.AuthorizeHttpRequestsConfigurer$$Lambda/0x0000022808deed40@20f10c82
2026-08-08 00:05:43.908 [http-nio-8383-exec-7] DEBUG o.s.security.web.FilterChainProxy - Secured GET /api/products/list?category=&keyword=&sellerId=&page=0&size=20&sort=createdAt,desc
2026-08-08 00:05:43.910 [http-nio-8383-exec-7] INFO  c.s.s.service.product.ProductService - 카테고리: , 키워드: , 판매자: null 로 검색 진행
2026-08-08 00:05:43.924 [http-nio-8383-exec-7] TRACE o.s.s.w.h.writers.HstsHeaderWriter - Not injecting HSTS header since it did not match request to [Is Secure]
2026-08-08 00:07:50.860 [http-nio-8383-exec-10] TRACE o.s.security.web.FilterChainProxy - Trying to match request against DefaultSecurityFilterChain [RequestMatcher=any request, Filters=[org.springframework.security.web.session.DisableEncodeUrlFilter@79fad1c1, org.springframework.security.web.context.request.async.WebAsyncManagerIntegrationFilter@60da37b0, org.springframework.security.web.context.SecurityContextHolderFilter@81028f5, org.springframework.security.web.header.HeaderWriterFilter@11091385, org.springframework.web.filter.CorsFilter@536ca333, org.springframework.security.web.authentication.logout.LogoutFilter@5fde3b6d, org.springframework.security.oauth2.client.web.OAuth2AuthorizationRequestRedirectFilter@b274e3e, org.springframework.security.oauth2.client.web.OAuth2LoginAuthenticationFilter@7c7a1f75, com.sleepyproject.sleepy_backend.config.JwtFilter@73a347e8, org.springframework.security.web.savedrequest.RequestCacheAwareFilter@7214fd1b, org.springframework.security.web.servletapi.SecurityContextHolderAwareRequestFilter@52f387a8, org.springframework.security.web.authentication.AnonymousAuthenticationFilter@7a7c889, org.springframework.security.web.session.SessionManagementFilter@4555583b, org.springframework.security.web.access.ExceptionTranslationFilter@6cce35ea, org.springframework.security.web.access.intercept.AuthorizationFilter@76100385]] (1/1)
2026-08-08 00:07:50.861 [http-nio-8383-exec-10] DEBUG o.s.security.web.FilterChainProxy - Securing GET /api/products/list?category=SLIME&keyword=&sellerId=&page=0&size=20&sort=createdAt,desc
2026-08-08 00:07:50.861 [http-nio-8383-exec-10] TRACE o.s.security.web.FilterChainProxy - Invoking DisableEncodeUrlFilter (1/15)
2026-08-08 00:07:50.861 [http-nio-8383-exec-10] TRACE o.s.security.web.FilterChainProxy - Invoking WebAsyncManagerIntegrationFilter (2/15)
2026-08-08 00:07:50.861 [http-nio-8383-exec-10] TRACE o.s.security.web.FilterChainProxy - Invoking SecurityContextHolderFilter (3/15)
2026-08-08 00:07:50.861 [http-nio-8383-exec-10] TRACE o.s.security.web.FilterChainProxy - Invoking HeaderWriterFilter (4/15)
2026-08-08 00:07:50.861 [http-nio-8383-exec-10] TRACE o.s.security.web.FilterChainProxy - Invoking CorsFilter (5/15)
2026-08-08 00:07:50.861 [http-nio-8383-exec-10] TRACE o.s.security.web.FilterChainProxy - Invoking LogoutFilter (6/15)
2026-08-08 00:07:50.861 [http-nio-8383-exec-10] TRACE o.s.s.w.a.logout.LogoutFilter - Did not match request to Or [Ant [pattern='/logout', GET], Ant [pattern='/logout', POST], Ant [pattern='/logout', PUT], Ant [pattern='/logout', DELETE]]
2026-08-08 00:07:50.861 [http-nio-8383-exec-10] TRACE o.s.security.web.FilterChainProxy - Invoking OAuth2AuthorizationRequestRedirectFilter (7/15)
2026-08-08 00:07:50.861 [http-nio-8383-exec-10] TRACE o.s.security.web.FilterChainProxy - Invoking OAuth2LoginAuthenticationFilter (8/15)
2026-08-08 00:07:50.861 [http-nio-8383-exec-10] TRACE o.s.s.o.c.w.OAuth2LoginAuthenticationFilter - Did not match request to Ant [pattern='/login/oauth2/code/*']
2026-08-08 00:07:50.861 [http-nio-8383-exec-10] TRACE o.s.security.web.FilterChainProxy - Invoking JwtFilter (9/15)
2026-08-08 00:07:50.869 [http-nio-8383-exec-10] TRACE o.s.s.w.c.SupplierDeferredSecurityContext - Created SecurityContextImpl [Null authentication]
2026-08-08 00:07:50.869 [http-nio-8383-exec-10] TRACE o.s.security.web.FilterChainProxy - Invoking RequestCacheAwareFilter (10/15)
2026-08-08 00:07:50.869 [http-nio-8383-exec-10] TRACE o.s.security.web.FilterChainProxy - Invoking SecurityContextHolderAwareRequestFilter (11/15)
2026-08-08 00:07:50.869 [http-nio-8383-exec-10] TRACE o.s.security.web.FilterChainProxy - Invoking AnonymousAuthenticationFilter (12/15)
2026-08-08 00:07:50.869 [http-nio-8383-exec-10] TRACE o.s.security.web.FilterChainProxy - Invoking SessionManagementFilter (13/15)
2026-08-08 00:07:50.869 [http-nio-8383-exec-10] TRACE o.s.s.w.a.AnonymousAuthenticationFilter - Did not set SecurityContextHolder since already authenticated UsernamePasswordAuthenticationToken [Principal=Manager, Credentials=[PROTECTED], Authenticated=true, Details=null, Granted Authorities=[ROLE_SELLER]]
2026-08-08 00:07:50.869 [http-nio-8383-exec-10] TRACE o.s.s.w.a.s.CompositeSessionAuthenticationStrategy - Preparing session with ChangeSessionIdAuthenticationStrategy (1/1)
2026-08-08 00:07:50.869 [http-nio-8383-exec-10] TRACE o.s.security.web.FilterChainProxy - Invoking ExceptionTranslationFilter (14/15)
2026-08-08 00:07:50.869 [http-nio-8383-exec-10] TRACE o.s.security.web.FilterChainProxy - Invoking AuthorizationFilter (15/15)
2026-08-08 00:07:50.869 [http-nio-8383-exec-10] TRACE o.s.s.w.a.i.RequestMatcherDelegatingAuthorizationManager - Authorizing GET /api/products/list?category=SLIME&keyword=&sellerId=&page=0&size=20&sort=createdAt,desc
2026-08-08 00:07:50.870 [http-nio-8383-exec-10] TRACE o.s.s.w.a.i.RequestMatcherDelegatingAuthorizationManager - Checking authorization on GET /api/products/list?category=SLIME&keyword=&sellerId=&page=0&size=20&sort=createdAt,desc using org.springframework.security.config.annotation.web.configurers.AuthorizeHttpRequestsConfigurer$$Lambda/0x0000022808deed40@20f10c82
2026-08-08 00:07:50.870 [http-nio-8383-exec-10] DEBUG o.s.security.web.FilterChainProxy - Secured GET /api/products/list?category=SLIME&keyword=&sellerId=&page=0&size=20&sort=createdAt,desc
2026-08-08 00:07:50.871 [http-nio-8383-exec-10] INFO  c.s.s.service.product.ProductService - 카테고리: SLIME, 키워드: , 판매자: null 로 검색 진행
2026-08-08 00:07:50.885 [http-nio-8383-exec-10] TRACE o.s.s.w.h.writers.HstsHeaderWriter - Not injecting HSTS header since it did not match request to [Is Secure]
2026-08-08 00:07:51.383 [http-nio-8383-exec-1] TRACE o.s.security.web.FilterChainProxy - Trying to match request against DefaultSecurityFilterChain [RequestMatcher=any request, Filters=[org.springframework.security.web.session.DisableEncodeUrlFilter@79fad1c1, org.springframework.security.web.context.request.async.WebAsyncManagerIntegrationFilter@60da37b0, org.springframework.security.web.context.SecurityContextHolderFilter@81028f5, org.springframework.security.web.header.HeaderWriterFilter@11091385, org.springframework.web.filter.CorsFilter@536ca333, org.springframework.security.web.authentication.logout.LogoutFilter@5fde3b6d, org.springframework.security.oauth2.client.web.OAuth2AuthorizationRequestRedirectFilter@b274e3e, org.springframework.security.oauth2.client.web.OAuth2LoginAuthenticationFilter@7c7a1f75, com.sleepyproject.sleepy_backend.config.JwtFilter@73a347e8, org.springframework.security.web.savedrequest.RequestCacheAwareFilter@7214fd1b, org.springframework.security.web.servletapi.SecurityContextHolderAwareRequestFilter@52f387a8, org.springframework.security.web.authentication.AnonymousAuthenticationFilter@7a7c889, org.springframework.security.web.session.SessionManagementFilter@4555583b, org.springframework.security.web.access.ExceptionTranslationFilter@6cce35ea, org.springframework.security.web.access.intercept.AuthorizationFilter@76100385]] (1/1)
2026-08-08 00:07:51.383 [http-nio-8383-exec-1] DEBUG o.s.security.web.FilterChainProxy - Securing GET /api/products/list?category=SLANGY&keyword=&sellerId=&page=0&size=20&sort=createdAt,desc
2026-08-08 00:07:51.383 [http-nio-8383-exec-1] TRACE o.s.security.web.FilterChainProxy - Invoking DisableEncodeUrlFilter (1/15)
2026-08-08 00:07:51.383 [http-nio-8383-exec-1] TRACE o.s.security.web.FilterChainProxy - Invoking WebAsyncManagerIntegrationFilter (2/15)
2026-08-08 00:07:51.383 [http-nio-8383-exec-1] TRACE o.s.security.web.FilterChainProxy - Invoking SecurityContextHolderFilter (3/15)
2026-08-08 00:07:51.383 [http-nio-8383-exec-1] TRACE o.s.security.web.FilterChainProxy - Invoking HeaderWriterFilter (4/15)
2026-08-08 00:07:51.383 [http-nio-8383-exec-1] TRACE o.s.security.web.FilterChainProxy - Invoking CorsFilter (5/15)
2026-08-08 00:07:51.383 [http-nio-8383-exec-1] TRACE o.s.security.web.FilterChainProxy - Invoking LogoutFilter (6/15)
2026-08-08 00:07:51.383 [http-nio-8383-exec-1] TRACE o.s.s.w.a.logout.LogoutFilter - Did not match request to Or [Ant [pattern='/logout', GET], Ant [pattern='/logout', POST], Ant [pattern='/logout', PUT], Ant [pattern='/logout', DELETE]]
2026-08-08 00:07:51.383 [http-nio-8383-exec-1] TRACE o.s.security.web.FilterChainProxy - Invoking OAuth2AuthorizationRequestRedirectFilter (7/15)
2026-08-08 00:07:51.383 [http-nio-8383-exec-1] TRACE o.s.security.web.FilterChainProxy - Invoking OAuth2LoginAuthenticationFilter (8/15)
2026-08-08 00:07:51.383 [http-nio-8383-exec-1] TRACE o.s.s.o.c.w.OAuth2LoginAuthenticationFilter - Did not match request to Ant [pattern='/login/oauth2/code/*']
2026-08-08 00:07:51.383 [http-nio-8383-exec-1] TRACE o.s.security.web.FilterChainProxy - Invoking JwtFilter (9/15)
2026-08-08 00:07:51.391 [http-nio-8383-exec-1] TRACE o.s.s.w.c.SupplierDeferredSecurityContext - Created SecurityContextImpl [Null authentication]
2026-08-08 00:07:51.391 [http-nio-8383-exec-1] TRACE o.s.security.web.FilterChainProxy - Invoking RequestCacheAwareFilter (10/15)
2026-08-08 00:07:51.391 [http-nio-8383-exec-1] TRACE o.s.security.web.FilterChainProxy - Invoking SecurityContextHolderAwareRequestFilter (11/15)
2026-08-08 00:07:51.391 [http-nio-8383-exec-1] TRACE o.s.security.web.FilterChainProxy - Invoking AnonymousAuthenticationFilter (12/15)
2026-08-08 00:07:51.391 [http-nio-8383-exec-1] TRACE o.s.security.web.FilterChainProxy - Invoking SessionManagementFilter (13/15)
2026-08-08 00:07:51.391 [http-nio-8383-exec-1] TRACE o.s.s.w.a.AnonymousAuthenticationFilter - Did not set SecurityContextHolder since already authenticated UsernamePasswordAuthenticationToken [Principal=Manager, Credentials=[PROTECTED], Authenticated=true, Details=null, Granted Authorities=[ROLE_SELLER]]
2026-08-08 00:07:51.391 [http-nio-8383-exec-1] TRACE o.s.s.w.a.s.CompositeSessionAuthenticationStrategy - Preparing session with ChangeSessionIdAuthenticationStrategy (1/1)
2026-08-08 00:07:51.391 [http-nio-8383-exec-1] TRACE o.s.security.web.FilterChainProxy - Invoking ExceptionTranslationFilter (14/15)
2026-08-08 00:07:51.391 [http-nio-8383-exec-1] TRACE o.s.security.web.FilterChainProxy - Invoking AuthorizationFilter (15/15)
2026-08-08 00:07:51.391 [http-nio-8383-exec-1] TRACE o.s.s.w.a.i.RequestMatcherDelegatingAuthorizationManager - Authorizing GET /api/products/list?category=SLANGY&keyword=&sellerId=&page=0&size=20&sort=createdAt,desc
2026-08-08 00:07:51.391 [http-nio-8383-exec-1] TRACE o.s.s.w.a.i.RequestMatcherDelegatingAuthorizationManager - Checking authorization on GET /api/products/list?category=SLANGY&keyword=&sellerId=&page=0&size=20&sort=createdAt,desc using org.springframework.security.config.annotation.web.configurers.AuthorizeHttpRequestsConfigurer$$Lambda/0x0000022808deed40@20f10c82
2026-08-08 00:07:51.391 [http-nio-8383-exec-1] DEBUG o.s.security.web.FilterChainProxy - Secured GET /api/products/list?category=SLANGY&keyword=&sellerId=&page=0&size=20&sort=createdAt,desc
2026-08-08 00:07:51.392 [http-nio-8383-exec-1] INFO  c.s.s.service.product.ProductService - 카테고리: SLANGY, 키워드: , 판매자: null 로 검색 진행
2026-08-08 00:07:51.398 [http-nio-8383-exec-1] TRACE o.s.s.w.h.writers.HstsHeaderWriter - Not injecting HSTS header since it did not match request to [Is Secure]
2026-08-08 00:07:51.848 [http-nio-8383-exec-6] TRACE o.s.security.web.FilterChainProxy - Trying to match request against DefaultSecurityFilterChain [RequestMatcher=any request, Filters=[org.springframework.security.web.session.DisableEncodeUrlFilter@79fad1c1, org.springframework.security.web.context.request.async.WebAsyncManagerIntegrationFilter@60da37b0, org.springframework.security.web.context.SecurityContextHolderFilter@81028f5, org.springframework.security.web.header.HeaderWriterFilter@11091385, org.springframework.web.filter.CorsFilter@536ca333, org.springframework.security.web.authentication.logout.LogoutFilter@5fde3b6d, org.springframework.security.oauth2.client.web.OAuth2AuthorizationRequestRedirectFilter@b274e3e, org.springframework.security.oauth2.client.web.OAuth2LoginAuthenticationFilter@7c7a1f75, com.sleepyproject.sleepy_backend.config.JwtFilter@73a347e8, org.springframework.security.web.savedrequest.RequestCacheAwareFilter@7214fd1b, org.springframework.security.web.servletapi.SecurityContextHolderAwareRequestFilter@52f387a8, org.springframework.security.web.authentication.AnonymousAuthenticationFilter@7a7c889, org.springframework.security.web.session.SessionManagementFilter@4555583b, org.springframework.security.web.access.ExceptionTranslationFilter@6cce35ea, org.springframework.security.web.access.intercept.AuthorizationFilter@76100385]] (1/1)
2026-08-08 00:07:51.848 [http-nio-8383-exec-6] DEBUG o.s.security.web.FilterChainProxy - Securing GET /api/products/list?category=MALLANGI&keyword=&sellerId=&page=0&size=20&sort=createdAt,desc
2026-08-08 00:07:51.848 [http-nio-8383-exec-6] TRACE o.s.security.web.FilterChainProxy - Invoking DisableEncodeUrlFilter (1/15)
2026-08-08 00:07:51.848 [http-nio-8383-exec-6] TRACE o.s.security.web.FilterChainProxy - Invoking WebAsyncManagerIntegrationFilter (2/15)
2026-08-08 00:07:51.848 [http-nio-8383-exec-6] TRACE o.s.security.web.FilterChainProxy - Invoking SecurityContextHolderFilter (3/15)
2026-08-08 00:07:51.848 [http-nio-8383-exec-6] TRACE o.s.security.web.FilterChainProxy - Invoking HeaderWriterFilter (4/15)
2026-08-08 00:07:51.848 [http-nio-8383-exec-6] TRACE o.s.security.web.FilterChainProxy - Invoking CorsFilter (5/15)
2026-08-08 00:07:51.848 [http-nio-8383-exec-6] TRACE o.s.security.web.FilterChainProxy - Invoking LogoutFilter (6/15)
2026-08-08 00:07:51.848 [http-nio-8383-exec-6] TRACE o.s.s.w.a.logout.LogoutFilter - Did not match request to Or [Ant [pattern='/logout', GET], Ant [pattern='/logout', POST], Ant [pattern='/logout', PUT], Ant [pattern='/logout', DELETE]]
2026-08-08 00:07:51.848 [http-nio-8383-exec-6] TRACE o.s.security.web.FilterChainProxy - Invoking OAuth2AuthorizationRequestRedirectFilter (7/15)
2026-08-08 00:07:51.848 [http-nio-8383-exec-6] TRACE o.s.security.web.FilterChainProxy - Invoking OAuth2LoginAuthenticationFilter (8/15)
2026-08-08 00:07:51.849 [http-nio-8383-exec-6] TRACE o.s.s.o.c.w.OAuth2LoginAuthenticationFilter - Did not match request to Ant [pattern='/login/oauth2/code/*']
2026-08-08 00:07:51.849 [http-nio-8383-exec-6] TRACE o.s.security.web.FilterChainProxy - Invoking JwtFilter (9/15)
2026-08-08 00:07:51.859 [http-nio-8383-exec-6] TRACE o.s.s.w.c.SupplierDeferredSecurityContext - Created SecurityContextImpl [Null authentication]
2026-08-08 00:07:51.859 [http-nio-8383-exec-6] TRACE o.s.security.web.FilterChainProxy - Invoking RequestCacheAwareFilter (10/15)
2026-08-08 00:07:51.859 [http-nio-8383-exec-6] TRACE o.s.security.web.FilterChainProxy - Invoking SecurityContextHolderAwareRequestFilter (11/15)
2026-08-08 00:07:51.859 [http-nio-8383-exec-6] TRACE o.s.security.web.FilterChainProxy - Invoking AnonymousAuthenticationFilter (12/15)
2026-08-08 00:07:51.859 [http-nio-8383-exec-6] TRACE o.s.security.web.FilterChainProxy - Invoking SessionManagementFilter (13/15)
2026-08-08 00:07:51.859 [http-nio-8383-exec-6] TRACE o.s.s.w.a.AnonymousAuthenticationFilter - Did not set SecurityContextHolder since already authenticated UsernamePasswordAuthenticationToken [Principal=Manager, Credentials=[PROTECTED], Authenticated=true, Details=null, Granted Authorities=[ROLE_SELLER]]
2026-08-08 00:07:51.860 [http-nio-8383-exec-6] TRACE o.s.s.w.a.s.CompositeSessionAuthenticationStrategy - Preparing session with ChangeSessionIdAuthenticationStrategy (1/1)
2026-08-08 00:07:51.860 [http-nio-8383-exec-6] TRACE o.s.security.web.FilterChainProxy - Invoking ExceptionTranslationFilter (14/15)
2026-08-08 00:07:51.860 [http-nio-8383-exec-6] TRACE o.s.security.web.FilterChainProxy - Invoking AuthorizationFilter (15/15)
2026-08-08 00:07:51.860 [http-nio-8383-exec-6] TRACE o.s.s.w.a.i.RequestMatcherDelegatingAuthorizationManager - Authorizing GET /api/products/list?category=MALLANGI&keyword=&sellerId=&page=0&size=20&sort=createdAt,desc
2026-08-08 00:07:51.860 [http-nio-8383-exec-6] TRACE o.s.s.w.a.i.RequestMatcherDelegatingAuthorizationManager - Checking authorization on GET /api/products/list?category=MALLANGI&keyword=&sellerId=&page=0&size=20&sort=createdAt,desc using org.springframework.security.config.annotation.web.configurers.AuthorizeHttpRequestsConfigurer$$Lambda/0x0000022808deed40@20f10c82
2026-08-08 00:07:51.860 [http-nio-8383-exec-6] DEBUG o.s.security.web.FilterChainProxy - Secured GET /api/products/list?category=MALLANGI&keyword=&sellerId=&page=0&size=20&sort=createdAt,desc
2026-08-08 00:07:51.861 [http-nio-8383-exec-6] INFO  c.s.s.service.product.ProductService - 카테고리: MALLANGI, 키워드: , 판매자: null 로 검색 진행
2026-08-08 00:07:51.868 [http-nio-8383-exec-6] TRACE o.s.s.w.h.writers.HstsHeaderWriter - Not injecting HSTS header since it did not match request to [Is Secure]
2026-08-08 00:07:52.295 [http-nio-8383-exec-4] TRACE o.s.security.web.FilterChainProxy - Trying to match request against DefaultSecurityFilterChain [RequestMatcher=any request, Filters=[org.springframework.security.web.session.DisableEncodeUrlFilter@79fad1c1, org.springframework.security.web.context.request.async.WebAsyncManagerIntegrationFilter@60da37b0, org.springframework.security.web.context.SecurityContextHolderFilter@81028f5, org.springframework.security.web.header.HeaderWriterFilter@11091385, org.springframework.web.filter.CorsFilter@536ca333, org.springframework.security.web.authentication.logout.LogoutFilter@5fde3b6d, org.springframework.security.oauth2.client.web.OAuth2AuthorizationRequestRedirectFilter@b274e3e, org.springframework.security.oauth2.client.web.OAuth2LoginAuthenticationFilter@7c7a1f75, com.sleepyproject.sleepy_backend.config.JwtFilter@73a347e8, org.springframework.security.web.savedrequest.RequestCacheAwareFilter@7214fd1b, org.springframework.security.web.servletapi.SecurityContextHolderAwareRequestFilter@52f387a8, org.springframework.security.web.authentication.AnonymousAuthenticationFilter@7a7c889, org.springframework.security.web.session.SessionManagementFilter@4555583b, org.springframework.security.web.access.ExceptionTranslationFilter@6cce35ea, org.springframework.security.web.access.intercept.AuthorizationFilter@76100385]] (1/1)
2026-08-08 00:07:52.295 [http-nio-8383-exec-4] DEBUG o.s.security.web.FilterChainProxy - Securing GET /api/products/list?category=SQUISHY&keyword=&sellerId=&page=0&size=20&sort=createdAt,desc
2026-08-08 00:07:52.295 [http-nio-8383-exec-4] TRACE o.s.security.web.FilterChainProxy - Invoking DisableEncodeUrlFilter (1/15)
2026-08-08 00:07:52.295 [http-nio-8383-exec-4] TRACE o.s.security.web.FilterChainProxy - Invoking WebAsyncManagerIntegrationFilter (2/15)
2026-08-08 00:07:52.295 [http-nio-8383-exec-4] TRACE o.s.security.web.FilterChainProxy - Invoking SecurityContextHolderFilter (3/15)
2026-08-08 00:07:52.295 [http-nio-8383-exec-4] TRACE o.s.security.web.FilterChainProxy - Invoking HeaderWriterFilter (4/15)
2026-08-08 00:07:52.295 [http-nio-8383-exec-4] TRACE o.s.security.web.FilterChainProxy - Invoking CorsFilter (5/15)
2026-08-08 00:07:52.295 [http-nio-8383-exec-4] TRACE o.s.security.web.FilterChainProxy - Invoking LogoutFilter (6/15)
2026-08-08 00:07:52.295 [http-nio-8383-exec-4] TRACE o.s.s.w.a.logout.LogoutFilter - Did not match request to Or [Ant [pattern='/logout', GET], Ant [pattern='/logout', POST], Ant [pattern='/logout', PUT], Ant [pattern='/logout', DELETE]]
2026-08-08 00:07:52.295 [http-nio-8383-exec-4] TRACE o.s.security.web.FilterChainProxy - Invoking OAuth2AuthorizationRequestRedirectFilter (7/15)
2026-08-08 00:07:52.295 [http-nio-8383-exec-4] TRACE o.s.security.web.FilterChainProxy - Invoking OAuth2LoginAuthenticationFilter (8/15)
2026-08-08 00:07:52.295 [http-nio-8383-exec-4] TRACE o.s.s.o.c.w.OAuth2LoginAuthenticationFilter - Did not match request to Ant [pattern='/login/oauth2/code/*']
2026-08-08 00:07:52.295 [http-nio-8383-exec-4] TRACE o.s.security.web.FilterChainProxy - Invoking JwtFilter (9/15)
2026-08-08 00:07:52.304 [http-nio-8383-exec-4] TRACE o.s.s.w.c.SupplierDeferredSecurityContext - Created SecurityContextImpl [Null authentication]
2026-08-08 00:07:52.304 [http-nio-8383-exec-4] TRACE o.s.security.web.FilterChainProxy - Invoking RequestCacheAwareFilter (10/15)
2026-08-08 00:07:52.304 [http-nio-8383-exec-4] TRACE o.s.security.web.FilterChainProxy - Invoking SecurityContextHolderAwareRequestFilter (11/15)
2026-08-08 00:07:52.304 [http-nio-8383-exec-4] TRACE o.s.security.web.FilterChainProxy - Invoking AnonymousAuthenticationFilter (12/15)
2026-08-08 00:07:52.304 [http-nio-8383-exec-4] TRACE o.s.security.web.FilterChainProxy - Invoking SessionManagementFilter (13/15)
2026-08-08 00:07:52.304 [http-nio-8383-exec-4] TRACE o.s.s.w.a.AnonymousAuthenticationFilter - Did not set SecurityContextHolder since already authenticated UsernamePasswordAuthenticationToken [Principal=Manager, Credentials=[PROTECTED], Authenticated=true, Details=null, Granted Authorities=[ROLE_SELLER]]
2026-08-08 00:07:52.304 [http-nio-8383-exec-4] TRACE o.s.s.w.a.s.CompositeSessionAuthenticationStrategy - Preparing session with ChangeSessionIdAuthenticationStrategy (1/1)
2026-08-08 00:07:52.304 [http-nio-8383-exec-4] TRACE o.s.security.web.FilterChainProxy - Invoking ExceptionTranslationFilter (14/15)
2026-08-08 00:07:52.304 [http-nio-8383-exec-4] TRACE o.s.security.web.FilterChainProxy - Invoking AuthorizationFilter (15/15)
2026-08-08 00:07:52.304 [http-nio-8383-exec-4] TRACE o.s.s.w.a.i.RequestMatcherDelegatingAuthorizationManager - Authorizing GET /api/products/list?category=SQUISHY&keyword=&sellerId=&page=0&size=20&sort=createdAt,desc
2026-08-08 00:07:52.304 [http-nio-8383-exec-4] TRACE o.s.s.w.a.i.RequestMatcherDelegatingAuthorizationManager - Checking authorization on GET /api/products/list?category=SQUISHY&keyword=&sellerId=&page=0&size=20&sort=createdAt,desc using org.springframework.security.config.annotation.web.configurers.AuthorizeHttpRequestsConfigurer$$Lambda/0x0000022808deed40@20f10c82
2026-08-08 00:07:52.304 [http-nio-8383-exec-4] DEBUG o.s.security.web.FilterChainProxy - Secured GET /api/products/list?category=SQUISHY&keyword=&sellerId=&page=0&size=20&sort=createdAt,desc
2026-08-08 00:07:52.306 [http-nio-8383-exec-4] INFO  c.s.s.service.product.ProductService - 카테고리: SQUISHY, 키워드: , 판매자: null 로 검색 진행
2026-08-08 00:07:52.311 [http-nio-8383-exec-4] TRACE o.s.s.w.h.writers.HstsHeaderWriter - Not injecting HSTS header since it did not match request to [Is Secure]
2026-08-08 00:07:52.664 [http-nio-8383-exec-2] TRACE o.s.security.web.FilterChainProxy - Trying to match request against DefaultSecurityFilterChain [RequestMatcher=any request, Filters=[org.springframework.security.web.session.DisableEncodeUrlFilter@79fad1c1, org.springframework.security.web.context.request.async.WebAsyncManagerIntegrationFilter@60da37b0, org.springframework.security.web.context.SecurityContextHolderFilter@81028f5, org.springframework.security.web.header.HeaderWriterFilter@11091385, org.springframework.web.filter.CorsFilter@536ca333, org.springframework.security.web.authentication.logout.LogoutFilter@5fde3b6d, org.springframework.security.oauth2.client.web.OAuth2AuthorizationRequestRedirectFilter@b274e3e, org.springframework.security.oauth2.client.web.OAuth2LoginAuthenticationFilter@7c7a1f75, com.sleepyproject.sleepy_backend.config.JwtFilter@73a347e8, org.springframework.security.web.savedrequest.RequestCacheAwareFilter@7214fd1b, org.springframework.security.web.servletapi.SecurityContextHolderAwareRequestFilter@52f387a8, org.springframework.security.web.authentication.AnonymousAuthenticationFilter@7a7c889, org.springframework.security.web.session.SessionManagementFilter@4555583b, org.springframework.security.web.access.ExceptionTranslationFilter@6cce35ea, org.springframework.security.web.access.intercept.AuthorizationFilter@76100385]] (1/1)
2026-08-08 00:07:52.665 [http-nio-8383-exec-2] DEBUG o.s.security.web.FilterChainProxy - Securing GET /api/products/list?category=WAKPPU&keyword=&sellerId=&page=0&size=20&sort=createdAt,desc
2026-08-08 00:07:52.665 [http-nio-8383-exec-2] TRACE o.s.security.web.FilterChainProxy - Invoking DisableEncodeUrlFilter (1/15)
2026-08-08 00:07:52.665 [http-nio-8383-exec-2] TRACE o.s.security.web.FilterChainProxy - Invoking WebAsyncManagerIntegrationFilter (2/15)
2026-08-08 00:07:52.665 [http-nio-8383-exec-2] TRACE o.s.security.web.FilterChainProxy - Invoking SecurityContextHolderFilter (3/15)
2026-08-08 00:07:52.665 [http-nio-8383-exec-2] TRACE o.s.security.web.FilterChainProxy - Invoking HeaderWriterFilter (4/15)
2026-08-08 00:07:52.665 [http-nio-8383-exec-2] TRACE o.s.security.web.FilterChainProxy - Invoking CorsFilter (5/15)
2026-08-08 00:07:52.665 [http-nio-8383-exec-2] TRACE o.s.security.web.FilterChainProxy - Invoking LogoutFilter (6/15)
2026-08-08 00:07:52.665 [http-nio-8383-exec-2] TRACE o.s.s.w.a.logout.LogoutFilter - Did not match request to Or [Ant [pattern='/logout', GET], Ant [pattern='/logout', POST], Ant [pattern='/logout', PUT], Ant [pattern='/logout', DELETE]]
2026-08-08 00:07:52.665 [http-nio-8383-exec-2] TRACE o.s.security.web.FilterChainProxy - Invoking OAuth2AuthorizationRequestRedirectFilter (7/15)
2026-08-08 00:07:52.665 [http-nio-8383-exec-2] TRACE o.s.security.web.FilterChainProxy - Invoking OAuth2LoginAuthenticationFilter (8/15)
2026-08-08 00:07:52.665 [http-nio-8383-exec-2] TRACE o.s.s.o.c.w.OAuth2LoginAuthenticationFilter - Did not match request to Ant [pattern='/login/oauth2/code/*']
2026-08-08 00:07:52.665 [http-nio-8383-exec-2] TRACE o.s.security.web.FilterChainProxy - Invoking JwtFilter (9/15)
2026-08-08 00:07:52.673 [http-nio-8383-exec-2] TRACE o.s.s.w.c.SupplierDeferredSecurityContext - Created SecurityContextImpl [Null authentication]
2026-08-08 00:07:52.673 [http-nio-8383-exec-2] TRACE o.s.security.web.FilterChainProxy - Invoking RequestCacheAwareFilter (10/15)
2026-08-08 00:07:52.673 [http-nio-8383-exec-2] TRACE o.s.security.web.FilterChainProxy - Invoking SecurityContextHolderAwareRequestFilter (11/15)
2026-08-08 00:07:52.673 [http-nio-8383-exec-2] TRACE o.s.security.web.FilterChainProxy - Invoking AnonymousAuthenticationFilter (12/15)
2026-08-08 00:07:52.673 [http-nio-8383-exec-2] TRACE o.s.security.web.FilterChainProxy - Invoking SessionManagementFilter (13/15)
2026-08-08 00:07:52.673 [http-nio-8383-exec-2] TRACE o.s.s.w.a.AnonymousAuthenticationFilter - Did not set SecurityContextHolder since already authenticated UsernamePasswordAuthenticationToken [Principal=Manager, Credentials=[PROTECTED], Authenticated=true, Details=null, Granted Authorities=[ROLE_SELLER]]
2026-08-08 00:07:52.673 [http-nio-8383-exec-2] TRACE o.s.s.w.a.s.CompositeSessionAuthenticationStrategy - Preparing session with ChangeSessionIdAuthenticationStrategy (1/1)
2026-08-08 00:07:52.673 [http-nio-8383-exec-2] TRACE o.s.security.web.FilterChainProxy - Invoking ExceptionTranslationFilter (14/15)
2026-08-08 00:07:52.673 [http-nio-8383-exec-2] TRACE o.s.security.web.FilterChainProxy - Invoking AuthorizationFilter (15/15)
2026-08-08 00:07:52.674 [http-nio-8383-exec-2] TRACE o.s.s.w.a.i.RequestMatcherDelegatingAuthorizationManager - Authorizing GET /api/products/list?category=WAKPPU&keyword=&sellerId=&page=0&size=20&sort=createdAt,desc
2026-08-08 00:07:52.674 [http-nio-8383-exec-2] TRACE o.s.s.w.a.i.RequestMatcherDelegatingAuthorizationManager - Checking authorization on GET /api/products/list?category=WAKPPU&keyword=&sellerId=&page=0&size=20&sort=createdAt,desc using org.springframework.security.config.annotation.web.configurers.AuthorizeHttpRequestsConfigurer$$Lambda/0x0000022808deed40@20f10c82
2026-08-08 00:07:52.674 [http-nio-8383-exec-2] DEBUG o.s.security.web.FilterChainProxy - Secured GET /api/products/list?category=WAKPPU&keyword=&sellerId=&page=0&size=20&sort=createdAt,desc
2026-08-08 00:07:52.675 [http-nio-8383-exec-2] INFO  c.s.s.service.product.ProductService - 카테고리: WAKPPU, 키워드: , 판매자: null 로 검색 진행
2026-08-08 00:07:52.679 [http-nio-8383-exec-2] TRACE o.s.s.w.h.writers.HstsHeaderWriter - Not injecting HSTS header since it did not match request to [Is Secure]
2026-08-08 00:07:52.922 [http-nio-8383-exec-9] TRACE o.s.security.web.FilterChainProxy - Trying to match request against DefaultSecurityFilterChain [RequestMatcher=any request, Filters=[org.springframework.security.web.session.DisableEncodeUrlFilter@79fad1c1, org.springframework.security.web.context.request.async.WebAsyncManagerIntegrationFilter@60da37b0, org.springframework.security.web.context.SecurityContextHolderFilter@81028f5, org.springframework.security.web.header.HeaderWriterFilter@11091385, org.springframework.web.filter.CorsFilter@536ca333, org.springframework.security.web.authentication.logout.LogoutFilter@5fde3b6d, org.springframework.security.oauth2.client.web.OAuth2AuthorizationRequestRedirectFilter@b274e3e, org.springframework.security.oauth2.client.web.OAuth2LoginAuthenticationFilter@7c7a1f75, com.sleepyproject.sleepy_backend.config.JwtFilter@73a347e8, org.springframework.security.web.savedrequest.RequestCacheAwareFilter@7214fd1b, org.springframework.security.web.servletapi.SecurityContextHolderAwareRequestFilter@52f387a8, org.springframework.security.web.authentication.AnonymousAuthenticationFilter@7a7c889, org.springframework.security.web.session.SessionManagementFilter@4555583b, org.springframework.security.web.access.ExceptionTranslationFilter@6cce35ea, org.springframework.security.web.access.intercept.AuthorizationFilter@76100385]] (1/1)
2026-08-08 00:07:52.923 [http-nio-8383-exec-9] DEBUG o.s.security.web.FilterChainProxy - Securing GET /api/products/list?category=SQUISHY&keyword=&sellerId=&page=0&size=20&sort=createdAt,desc
2026-08-08 00:07:52.923 [http-nio-8383-exec-9] TRACE o.s.security.web.FilterChainProxy - Invoking DisableEncodeUrlFilter (1/15)
2026-08-08 00:07:52.923 [http-nio-8383-exec-9] TRACE o.s.security.web.FilterChainProxy - Invoking WebAsyncManagerIntegrationFilter (2/15)
2026-08-08 00:07:52.923 [http-nio-8383-exec-9] TRACE o.s.security.web.FilterChainProxy - Invoking SecurityContextHolderFilter (3/15)
2026-08-08 00:07:52.923 [http-nio-8383-exec-9] TRACE o.s.security.web.FilterChainProxy - Invoking HeaderWriterFilter (4/15)
2026-08-08 00:07:52.923 [http-nio-8383-exec-9] TRACE o.s.security.web.FilterChainProxy - Invoking CorsFilter (5/15)
2026-08-08 00:07:52.923 [http-nio-8383-exec-9] TRACE o.s.security.web.FilterChainProxy - Invoking LogoutFilter (6/15)
2026-08-08 00:07:52.923 [http-nio-8383-exec-9] TRACE o.s.s.w.a.logout.LogoutFilter - Did not match request to Or [Ant [pattern='/logout', GET], Ant [pattern='/logout', POST], Ant [pattern='/logout', PUT], Ant [pattern='/logout', DELETE]]
2026-08-08 00:07:52.923 [http-nio-8383-exec-9] TRACE o.s.security.web.FilterChainProxy - Invoking OAuth2AuthorizationRequestRedirectFilter (7/15)
2026-08-08 00:07:52.923 [http-nio-8383-exec-9] TRACE o.s.security.web.FilterChainProxy - Invoking OAuth2LoginAuthenticationFilter (8/15)
2026-08-08 00:07:52.923 [http-nio-8383-exec-9] TRACE o.s.s.o.c.w.OAuth2LoginAuthenticationFilter - Did not match request to Ant [pattern='/login/oauth2/code/*']
2026-08-08 00:07:52.923 [http-nio-8383-exec-9] TRACE o.s.security.web.FilterChainProxy - Invoking JwtFilter (9/15)
2026-08-08 00:07:52.933 [http-nio-8383-exec-9] TRACE o.s.s.w.c.SupplierDeferredSecurityContext - Created SecurityContextImpl [Null authentication]
2026-08-08 00:07:52.933 [http-nio-8383-exec-9] TRACE o.s.security.web.FilterChainProxy - Invoking RequestCacheAwareFilter (10/15)
2026-08-08 00:07:52.934 [http-nio-8383-exec-9] TRACE o.s.security.web.FilterChainProxy - Invoking SecurityContextHolderAwareRequestFilter (11/15)
2026-08-08 00:07:52.934 [http-nio-8383-exec-9] TRACE o.s.security.web.FilterChainProxy - Invoking AnonymousAuthenticationFilter (12/15)
2026-08-08 00:07:52.934 [http-nio-8383-exec-9] TRACE o.s.security.web.FilterChainProxy - Invoking SessionManagementFilter (13/15)
2026-08-08 00:07:52.934 [http-nio-8383-exec-9] TRACE o.s.s.w.a.AnonymousAuthenticationFilter - Did not set SecurityContextHolder since already authenticated UsernamePasswordAuthenticationToken [Principal=Manager, Credentials=[PROTECTED], Authenticated=true, Details=null, Granted Authorities=[ROLE_SELLER]]
2026-08-08 00:07:52.934 [http-nio-8383-exec-9] TRACE o.s.s.w.a.s.CompositeSessionAuthenticationStrategy - Preparing session with ChangeSessionIdAuthenticationStrategy (1/1)
2026-08-08 00:07:52.934 [http-nio-8383-exec-9] TRACE o.s.security.web.FilterChainProxy - Invoking ExceptionTranslationFilter (14/15)
2026-08-08 00:07:52.934 [http-nio-8383-exec-9] TRACE o.s.security.web.FilterChainProxy - Invoking AuthorizationFilter (15/15)
2026-08-08 00:07:52.934 [http-nio-8383-exec-9] TRACE o.s.s.w.a.i.RequestMatcherDelegatingAuthorizationManager - Authorizing GET /api/products/list?category=SQUISHY&keyword=&sellerId=&page=0&size=20&sort=createdAt,desc
2026-08-08 00:07:52.934 [http-nio-8383-exec-9] TRACE o.s.s.w.a.i.RequestMatcherDelegatingAuthorizationManager - Checking authorization on GET /api/products/list?category=SQUISHY&keyword=&sellerId=&page=0&size=20&sort=createdAt,desc using org.springframework.security.config.annotation.web.configurers.AuthorizeHttpRequestsConfigurer$$Lambda/0x0000022808deed40@20f10c82
2026-08-08 00:07:52.934 [http-nio-8383-exec-9] DEBUG o.s.security.web.FilterChainProxy - Secured GET /api/products/list?category=SQUISHY&keyword=&sellerId=&page=0&size=20&sort=createdAt,desc
2026-08-08 00:07:52.935 [http-nio-8383-exec-9] INFO  c.s.s.service.product.ProductService - 카테고리: SQUISHY, 키워드: , 판매자: null 로 검색 진행
2026-08-08 00:07:52.942 [http-nio-8383-exec-9] TRACE o.s.s.w.h.writers.HstsHeaderWriter - Not injecting HSTS header since it did not match request to [Is Secure]
2026-08-08 00:07:53.419 [http-nio-8383-exec-8] TRACE o.s.security.web.FilterChainProxy - Trying to match request against DefaultSecurityFilterChain [RequestMatcher=any request, Filters=[org.springframework.security.web.session.DisableEncodeUrlFilter@79fad1c1, org.springframework.security.web.context.request.async.WebAsyncManagerIntegrationFilter@60da37b0, org.springframework.security.web.context.SecurityContextHolderFilter@81028f5, org.springframework.security.web.header.HeaderWriterFilter@11091385, org.springframework.web.filter.CorsFilter@536ca333, org.springframework.security.web.authentication.logout.LogoutFilter@5fde3b6d, org.springframework.security.oauth2.client.web.OAuth2AuthorizationRequestRedirectFilter@b274e3e, org.springframework.security.oauth2.client.web.OAuth2LoginAuthenticationFilter@7c7a1f75, com.sleepyproject.sleepy_backend.config.JwtFilter@73a347e8, org.springframework.security.web.savedrequest.RequestCacheAwareFilter@7214fd1b, org.springframework.security.web.servletapi.SecurityContextHolderAwareRequestFilter@52f387a8, org.springframework.security.web.authentication.AnonymousAuthenticationFilter@7a7c889, org.springframework.security.web.session.SessionManagementFilter@4555583b, org.springframework.security.web.access.ExceptionTranslationFilter@6cce35ea, org.springframework.security.web.access.intercept.AuthorizationFilter@76100385]] (1/1)
2026-08-08 00:07:53.419 [http-nio-8383-exec-8] DEBUG o.s.security.web.FilterChainProxy - Securing GET /api/products/list?category=SLIME&keyword=&sellerId=&page=0&size=20&sort=createdAt,desc
2026-08-08 00:07:53.419 [http-nio-8383-exec-8] TRACE o.s.security.web.FilterChainProxy - Invoking DisableEncodeUrlFilter (1/15)
2026-08-08 00:07:53.419 [http-nio-8383-exec-8] TRACE o.s.security.web.FilterChainProxy - Invoking WebAsyncManagerIntegrationFilter (2/15)
2026-08-08 00:07:53.419 [http-nio-8383-exec-8] TRACE o.s.security.web.FilterChainProxy - Invoking SecurityContextHolderFilter (3/15)
2026-08-08 00:07:53.419 [http-nio-8383-exec-8] TRACE o.s.security.web.FilterChainProxy - Invoking HeaderWriterFilter (4/15)
2026-08-08 00:07:53.419 [http-nio-8383-exec-8] TRACE o.s.security.web.FilterChainProxy - Invoking CorsFilter (5/15)
2026-08-08 00:07:53.419 [http-nio-8383-exec-8] TRACE o.s.security.web.FilterChainProxy - Invoking LogoutFilter (6/15)
2026-08-08 00:07:53.419 [http-nio-8383-exec-8] TRACE o.s.s.w.a.logout.LogoutFilter - Did not match request to Or [Ant [pattern='/logout', GET], Ant [pattern='/logout', POST], Ant [pattern='/logout', PUT], Ant [pattern='/logout', DELETE]]
2026-08-08 00:07:53.419 [http-nio-8383-exec-8] TRACE o.s.security.web.FilterChainProxy - Invoking OAuth2AuthorizationRequestRedirectFilter (7/15)
2026-08-08 00:07:53.419 [http-nio-8383-exec-8] TRACE o.s.security.web.FilterChainProxy - Invoking OAuth2LoginAuthenticationFilter (8/15)
2026-08-08 00:07:53.419 [http-nio-8383-exec-8] TRACE o.s.s.o.c.w.OAuth2LoginAuthenticationFilter - Did not match request to Ant [pattern='/login/oauth2/code/*']
2026-08-08 00:07:53.419 [http-nio-8383-exec-8] TRACE o.s.security.web.FilterChainProxy - Invoking JwtFilter (9/15)
2026-08-08 00:07:53.429 [http-nio-8383-exec-8] TRACE o.s.s.w.c.SupplierDeferredSecurityContext - Created SecurityContextImpl [Null authentication]
2026-08-08 00:07:53.429 [http-nio-8383-exec-8] TRACE o.s.security.web.FilterChainProxy - Invoking RequestCacheAwareFilter (10/15)
2026-08-08 00:07:53.429 [http-nio-8383-exec-8] TRACE o.s.security.web.FilterChainProxy - Invoking SecurityContextHolderAwareRequestFilter (11/15)
2026-08-08 00:07:53.429 [http-nio-8383-exec-8] TRACE o.s.security.web.FilterChainProxy - Invoking AnonymousAuthenticationFilter (12/15)
2026-08-08 00:07:53.429 [http-nio-8383-exec-8] TRACE o.s.security.web.FilterChainProxy - Invoking SessionManagementFilter (13/15)
2026-08-08 00:07:53.429 [http-nio-8383-exec-8] TRACE o.s.s.w.a.AnonymousAuthenticationFilter - Did not set SecurityContextHolder since already authenticated UsernamePasswordAuthenticationToken [Principal=Manager, Credentials=[PROTECTED], Authenticated=true, Details=null, Granted Authorities=[ROLE_SELLER]]
2026-08-08 00:07:53.429 [http-nio-8383-exec-8] TRACE o.s.s.w.a.s.CompositeSessionAuthenticationStrategy - Preparing session with ChangeSessionIdAuthenticationStrategy (1/1)
2026-08-08 00:07:53.429 [http-nio-8383-exec-8] TRACE o.s.security.web.FilterChainProxy - Invoking ExceptionTranslationFilter (14/15)
2026-08-08 00:07:53.429 [http-nio-8383-exec-8] TRACE o.s.security.web.FilterChainProxy - Invoking AuthorizationFilter (15/15)
2026-08-08 00:07:53.429 [http-nio-8383-exec-8] TRACE o.s.s.w.a.i.RequestMatcherDelegatingAuthorizationManager - Authorizing GET /api/products/list?category=SLIME&keyword=&sellerId=&page=0&size=20&sort=createdAt,desc
2026-08-08 00:07:53.430 [http-nio-8383-exec-8] TRACE o.s.s.w.a.i.RequestMatcherDelegatingAuthorizationManager - Checking authorization on GET /api/products/list?category=SLIME&keyword=&sellerId=&page=0&size=20&sort=createdAt,desc using org.springframework.security.config.annotation.web.configurers.AuthorizeHttpRequestsConfigurer$$Lambda/0x0000022808deed40@20f10c82
2026-08-08 00:07:53.430 [http-nio-8383-exec-8] DEBUG o.s.security.web.FilterChainProxy - Secured GET /api/products/list?category=SLIME&keyword=&sellerId=&page=0&size=20&sort=createdAt,desc
2026-08-08 00:07:53.431 [http-nio-8383-exec-8] INFO  c.s.s.service.product.ProductService - 카테고리: SLIME, 키워드: , 판매자: null 로 검색 진행
2026-08-08 00:07:53.439 [http-nio-8383-exec-8] TRACE o.s.s.w.h.writers.HstsHeaderWriter - Not injecting HSTS header since it did not match request to [Is Secure]
2026-08-08 00:10:00.015 [scheduling-1] INFO  c.s.s.s.board.PostSyncScheduler - ==== Redis -> DB 동기화 스케줄러 시작 ====
2026-08-08 00:10:00.299 [scheduling-1] INFO  c.s.s.s.board.PostSyncScheduler - ==== Redis -> DB 동기화 완료 ====
2026-08-08 00:14:12.879 [background-preinit] INFO  o.h.validator.internal.util.Version - HV000001: Hibernate Validator 8.0.1.Final
2026-08-08 00:14:12.960 [restartedMain] INFO  c.s.s.SleepyBackendApplication - Starting SleepyBackendApplication using Java 21.0.5 with PID 28092 (C:\Users\USER\Desktop\sleepy-backend\sleepy-backend\build\classes\java\main started by USER in C:\Users\USER\Desktop\sleepy-backend\sleepy-backend)
2026-08-08 00:14:12.962 [restartedMain] INFO  c.s.s.SleepyBackendApplication - No active profile set, falling back to 1 default profile: "default"
2026-08-08 00:14:13.048 [restartedMain] INFO  o.s.b.d.e.DevToolsPropertyDefaultsPostProcessor - Devtools property defaults active! Set 'spring.devtools.add-properties' to 'false' to disable
2026-08-08 00:14:13.048 [restartedMain] INFO  o.s.b.d.e.DevToolsPropertyDefaultsPostProcessor - For additional web related logging consider setting the 'logging.level.web' property to 'DEBUG'
2026-08-08 00:14:16.380 [restartedMain] INFO  o.s.d.r.c.RepositoryConfigurationDelegate - Multiple Spring Data modules found, entering strict repository configuration mode
2026-08-08 00:14:16.390 [restartedMain] INFO  o.s.d.r.c.RepositoryConfigurationDelegate - Bootstrapping Spring Data JPA repositories in DEFAULT mode.
2026-08-08 00:14:17.240 [restartedMain] INFO  o.s.d.r.c.RepositoryConfigurationExtensionSupport - Spring Data JPA - Could not safely identify store assignment for repository candidate interface com.sleepyproject.sleepy_backend.repository.redis.BlackListedTokenRepository; If you want this repository to be a JPA repository, consider annotating your entities with one of these annotations: jakarta.persistence.Entity, jakarta.persistence.MappedSuperclass (preferred), or consider extending one of the following types with your repository: org.springframework.data.jpa.repository.JpaRepository
2026-08-08 00:14:17.245 [restartedMain] INFO  o.s.d.r.c.RepositoryConfigurationExtensionSupport - Spring Data JPA - Could not safely identify store assignment for repository candidate interface com.sleepyproject.sleepy_backend.repository.redis.RefreshTokenRepository; If you want this repository to be a JPA repository, consider annotating your entities with one of these annotations: jakarta.persistence.Entity, jakarta.persistence.MappedSuperclass (preferred), or consider extending one of the following types with your repository: org.springframework.data.jpa.repository.JpaRepository
2026-08-08 00:14:17.347 [restartedMain] INFO  o.s.d.r.c.RepositoryConfigurationDelegate - Finished Spring Data repository scanning in 927 ms. Found 16 JPA repository interfaces.
2026-08-08 00:14:17.389 [restartedMain] INFO  o.s.d.r.c.RepositoryConfigurationDelegate - Multiple Spring Data modules found, entering strict repository configuration mode
2026-08-08 00:14:17.390 [restartedMain] INFO  o.s.d.r.c.RepositoryConfigurationDelegate - Bootstrapping Spring Data Redis repositories in DEFAULT mode.
2026-08-08 00:14:17.445 [restartedMain] INFO  o.s.d.r.c.RepositoryConfigurationExtensionSupport - Spring Data Redis - Could not safely identify store assignment for repository candidate interface com.sleepyproject.sleepy_backend.domain.member.BrandScrapRepository; If you want this repository to be a Redis repository, consider annotating your entities with one of these annotations: org.springframework.data.redis.core.RedisHash (preferred), or consider extending one of the following types with your repository: org.springframework.data.keyvalue.repository.KeyValueRepository
2026-08-08 00:14:17.446 [restartedMain] INFO  o.s.d.r.c.RepositoryConfigurationExtensionSupport - Spring Data Redis - Could not safely identify store assignment for repository candidate interface com.sleepyproject.sleepy_backend.repository.board.CommentRepository; If you want this repository to be a Redis repository, consider annotating your entities with one of these annotations: org.springframework.data.redis.core.RedisHash (preferred), or consider extending one of the following types with your repository: org.springframework.data.keyvalue.repository.KeyValueRepository
2026-08-08 00:14:17.447 [restartedMain] INFO  o.s.d.r.c.RepositoryConfigurationExtensionSupport - Spring Data Redis - Could not safely identify store assignment for repository candidate interface com.sleepyproject.sleepy_backend.repository.board.PostLikeRepository; If you want this repository to be a Redis repository, consider annotating your entities with one of these annotations: org.springframework.data.redis.core.RedisHash (preferred), or consider extending one of the following types with your repository: org.springframework.data.keyvalue.repository.KeyValueRepository
2026-08-08 00:14:17.449 [restartedMain] INFO  o.s.d.r.c.RepositoryConfigurationExtensionSupport - Spring Data Redis - Could not safely identify store assignment for repository candidate interface com.sleepyproject.sleepy_backend.repository.board.PostRepository; If you want this repository to be a Redis repository, consider annotating your entities with one of these annotations: org.springframework.data.redis.core.RedisHash (preferred), or consider extending one of the following types with your repository: org.springframework.data.keyvalue.repository.KeyValueRepository
2026-08-08 00:14:17.451 [restartedMain] INFO  o.s.d.r.c.RepositoryConfigurationExtensionSupport - Spring Data Redis - Could not safely identify store assignment for repository candidate interface com.sleepyproject.sleepy_backend.repository.inquiry.InquiryRepository; If you want this repository to be a Redis repository, consider annotating your entities with one of these annotations: org.springframework.data.redis.core.RedisHash (preferred), or consider extending one of the following types with your repository: org.springframework.data.keyvalue.repository.KeyValueRepository
2026-08-08 00:14:17.451 [restartedMain] INFO  o.s.d.r.c.RepositoryConfigurationExtensionSupport - Spring Data Redis - Could not safely identify store assignment for repository candidate interface com.sleepyproject.sleepy_backend.repository.like.LikeRepository; If you want this repository to be a Redis repository, consider annotating your entities with one of these annotations: org.springframework.data.redis.core.RedisHash (preferred), or consider extending one of the following types with your repository: org.springframework.data.keyvalue.repository.KeyValueRepository
2026-08-08 00:14:17.453 [restartedMain] INFO  o.s.d.r.c.RepositoryConfigurationExtensionSupport - Spring Data Redis - Could not safely identify store assignment for repository candidate interface com.sleepyproject.sleepy_backend.repository.member.MemberRepository; If you want this repository to be a Redis repository, consider annotating your entities with one of these annotations: org.springframework.data.redis.core.RedisHash (preferred), or consider extending one of the following types with your repository: org.springframework.data.keyvalue.repository.KeyValueRepository
2026-08-08 00:14:17.454 [restartedMain] INFO  o.s.d.r.c.RepositoryConfigurationExtensionSupport - Spring Data Redis - Could not safely identify store assignment for repository candidate interface com.sleepyproject.sleepy_backend.repository.NotificationRepository; If you want this repository to be a Redis repository, consider annotating your entities with one of these annotations: org.springframework.data.redis.core.RedisHash (preferred), or consider extending one of the following types with your repository: org.springframework.data.keyvalue.repository.KeyValueRepository
2026-08-08 00:14:17.455 [restartedMain] INFO  o.s.d.r.c.RepositoryConfigurationExtensionSupport - Spring Data Redis - Could not safely identify store assignment for repository candidate interface com.sleepyproject.sleepy_backend.repository.product.ProductRepository; If you want this repository to be a Redis repository, consider annotating your entities with one of these annotations: org.springframework.data.redis.core.RedisHash (preferred), or consider extending one of the following types with your repository: org.springframework.data.keyvalue.repository.KeyValueRepository
2026-08-08 00:14:17.457 [restartedMain] INFO  o.s.d.r.c.RepositoryConfigurationExtensionSupport - Spring Data Redis - Could not safely identify store assignment for repository candidate interface com.sleepyproject.sleepy_backend.repository.product.ProductTagRepository; If you want this repository to be a Redis repository, consider annotating your entities with one of these annotations: org.springframework.data.redis.core.RedisHash (preferred), or consider extending one of the following types with your repository: org.springframework.data.keyvalue.repository.KeyValueRepository
2026-08-08 00:14:17.457 [restartedMain] INFO  o.s.d.r.c.RepositoryConfigurationExtensionSupport - Spring Data Redis - Could not safely identify store assignment for repository candidate interface com.sleepyproject.sleepy_backend.repository.product.TagRepository; If you want this repository to be a Redis repository, consider annotating your entities with one of these annotations: org.springframework.data.redis.core.RedisHash (preferred), or consider extending one of the following types with your repository: org.springframework.data.keyvalue.repository.KeyValueRepository
2026-08-08 00:14:17.458 [restartedMain] INFO  o.s.d.r.c.RepositoryConfigurationExtensionSupport - Spring Data Redis - Could not safely identify store assignment for repository candidate interface com.sleepyproject.sleepy_backend.repository.product.WishlistRepository; If you want this repository to be a Redis repository, consider annotating your entities with one of these annotations: org.springframework.data.redis.core.RedisHash (preferred), or consider extending one of the following types with your repository: org.springframework.data.keyvalue.repository.KeyValueRepository
2026-08-08 00:14:17.460 [restartedMain] INFO  o.s.d.r.c.RepositoryConfigurationExtensionSupport - Spring Data Redis - Could not safely identify store assignment for repository candidate interface com.sleepyproject.sleepy_backend.repository.report.ReportRepository; If you want this repository to be a Redis repository, consider annotating your entities with one of these annotations: org.springframework.data.redis.core.RedisHash (preferred), or consider extending one of the following types with your repository: org.springframework.data.keyvalue.repository.KeyValueRepository
2026-08-08 00:14:17.461 [restartedMain] INFO  o.s.d.r.c.RepositoryConfigurationExtensionSupport - Spring Data Redis - Could not safely identify store assignment for repository candidate interface com.sleepyproject.sleepy_backend.repository.review.ReviewReportRepository; If you want this repository to be a Redis repository, consider annotating your entities with one of these annotations: org.springframework.data.redis.core.RedisHash (preferred), or consider extending one of the following types with your repository: org.springframework.data.keyvalue.repository.KeyValueRepository
2026-08-08 00:14:17.462 [restartedMain] INFO  o.s.d.r.c.RepositoryConfigurationExtensionSupport - Spring Data Redis - Could not safely identify store assignment for repository candidate interface com.sleepyproject.sleepy_backend.repository.review.ReviewRepository; If you want this repository to be a Redis repository, consider annotating your entities with one of these annotations: org.springframework.data.redis.core.RedisHash (preferred), or consider extending one of the following types with your repository: org.springframework.data.keyvalue.repository.KeyValueRepository
2026-08-08 00:14:17.463 [restartedMain] INFO  o.s.d.r.c.RepositoryConfigurationExtensionSupport - Spring Data Redis - Could not safely identify store assignment for repository candidate interface com.sleepyproject.sleepy_backend.repository.seller.SellerApplicationRepository; If you want this repository to be a Redis repository, consider annotating your entities with one of these annotations: org.springframework.data.redis.core.RedisHash (preferred), or consider extending one of the following types with your repository: org.springframework.data.keyvalue.repository.KeyValueRepository
2026-08-08 00:14:17.513 [restartedMain] INFO  o.s.d.r.c.RepositoryConfigurationDelegate - Finished Spring Data repository scanning in 104 ms. Found 2 Redis repository interfaces.
2026-08-08 00:14:19.277 [restartedMain] INFO  o.s.b.w.e.tomcat.TomcatWebServer - Tomcat initialized with port 8383 (http)
2026-08-08 00:14:19.295 [restartedMain] INFO  o.a.coyote.http11.Http11NioProtocol - Initializing ProtocolHandler ["http-nio-8383"]
2026-08-08 00:14:19.302 [restartedMain] INFO  o.a.catalina.core.StandardService - Starting service [Tomcat]
2026-08-08 00:14:19.303 [restartedMain] INFO  o.a.catalina.core.StandardEngine - Starting Servlet engine: [Apache Tomcat/10.1.31]
2026-08-08 00:14:19.374 [restartedMain] INFO  o.a.c.c.C.[Tomcat].[localhost].[/] - Initializing Spring embedded WebApplicationContext
2026-08-08 00:14:19.375 [restartedMain] INFO  o.s.b.w.s.c.ServletWebServerApplicationContext - Root WebApplicationContext: initialization completed in 6325 ms
2026-08-08 00:14:19.734 [restartedMain] INFO  com.zaxxer.hikari.HikariDataSource - HikariPool-1 - Starting...
2026-08-08 00:14:20.197 [restartedMain] INFO  com.zaxxer.hikari.pool.HikariPool - HikariPool-1 - Added connection com.mysql.cj.jdbc.ConnectionImpl@2463203e
2026-08-08 00:14:20.199 [restartedMain] INFO  com.zaxxer.hikari.HikariDataSource - HikariPool-1 - Start completed.
2026-08-08 00:14:20.270 [restartedMain] INFO  org.flywaydb.core.FlywayExecutor - Database: jdbc:mysql://localhost:3306/sleepy (MySQL 8.0)
2026-08-08 00:14:20.343 [restartedMain] INFO  o.f.c.i.s.JdbcTableSchemaHistory - Repair of failed migration in Schema History table `sleepy`.`flyway_schema_history` not necessary. No failed migration detected.
2026-08-08 00:14:20.383 [restartedMain] INFO  o.f.core.internal.command.DbRepair - Successfully repaired schema history table `sleepy`.`flyway_schema_history` (execution time 00:00.080s).
2026-08-08 00:14:20.436 [restartedMain] INFO  o.f.core.internal.command.DbValidate - Successfully validated 10 migrations (execution time 00:00.024s)
2026-08-08 00:14:20.459 [restartedMain] INFO  o.f.core.internal.command.DbMigrate - Current version of schema `sleepy`: 9
2026-08-08 00:14:20.484 [restartedMain] INFO  o.f.core.internal.command.DbMigrate - Migrating schema `sleepy` to version "10 - normalize product categories"
2026-08-08 00:14:20.542 [restartedMain] INFO  o.f.core.internal.command.DbMigrate - Successfully applied 1 migration to schema `sleepy`, now at version v10 (execution time 00:00.026s)
2026-08-08 00:14:20.695 [restartedMain] INFO  o.h.jpa.internal.util.LogHelper - HHH000204: Processing PersistenceUnitInfo [name: default]
2026-08-08 00:14:20.818 [restartedMain] INFO  org.hibernate.Version - HHH000412: Hibernate ORM core version 6.5.3.Final
2026-08-08 00:14:20.896 [restartedMain] INFO  o.h.c.i.RegionFactoryInitiator - HHH000026: Second-level cache disabled
2026-08-08 00:14:21.426 [restartedMain] INFO  o.s.o.j.p.SpringPersistenceUnitInfo - No LoadTimeWeaver setup: ignoring JPA class transformer
2026-08-08 00:14:21.514 [restartedMain] WARN  org.hibernate.orm.deprecation - HHH90000025: MySQL8Dialect does not need to be specified explicitly using 'hibernate.dialect' (remove the property setting and it will be selected by default)
2026-08-08 00:14:21.516 [restartedMain] WARN  org.hibernate.orm.deprecation - HHH90000026: MySQL8Dialect has been deprecated; use org.hibernate.dialect.MySQLDialect instead
2026-08-08 00:14:24.126 [restartedMain] INFO  o.h.e.t.j.p.i.JtaPlatformInitiator - HHH000489: No JTA platform available (set 'hibernate.transaction.jta.platform' to enable JTA platform integration)
2026-08-08 00:14:24.632 [restartedMain] INFO  o.s.o.j.LocalContainerEntityManagerFactoryBean - Initialized JPA EntityManagerFactory for persistence unit 'default'
2026-08-08 00:14:26.123 [restartedMain] INFO  o.s.b.d.a.OptionalLiveReloadServer - LiveReload server is running on port 35729
2026-08-08 00:14:26.219 [restartedMain] INFO  o.s.d.j.r.query.QueryEnhancerFactory - Hibernate is in classpath; If applicable, HQL parser will be used.
2026-08-08 00:14:29.711 [restartedMain] WARN  o.s.b.a.o.j.JpaBaseConfiguration$JpaWebConfiguration - spring.jpa.open-in-view is enabled by default. Therefore, database queries may be performed during view rendering. Explicitly configure spring.jpa.open-in-view to disable this warning
2026-08-08 00:14:29.858 [restartedMain] TRACE o.s.s.c.a.a.c.AuthenticationConfiguration$EnableGlobalAuthenticationAutowiredConfigurer - Eagerly initializing {org.springframework.boot.autoconfigure.security.servlet.SpringBootWebSecurityConfiguration$WebSecurityEnablerConfiguration=org.springframework.boot.autoconfigure.security.servlet.SpringBootWebSecurityConfiguration$WebSecurityEnablerConfiguration@1fa0494d}
2026-08-08 00:14:29.862 [restartedMain] DEBUG o.s.s.c.a.a.c.AuthenticationConfiguration$DefaultPasswordEncoderAuthenticationManagerBuilder - No authenticationProviders and no parentAuthenticationManager defined. Returning null.
2026-08-08 00:14:30.421 [restartedMain] DEBUG o.s.s.web.DefaultSecurityFilterChain - Will secure any request with filters: DisableEncodeUrlFilter, WebAsyncManagerIntegrationFilter, SecurityContextHolderFilter, HeaderWriterFilter, CorsFilter, LogoutFilter, OAuth2AuthorizationRequestRedirectFilter, OAuth2LoginAuthenticationFilter, JwtFilter, RequestCacheAwareFilter, SecurityContextHolderAwareRequestFilter, AnonymousAuthenticationFilter, SessionManagementFilter, ExceptionTranslationFilter, AuthorizationFilter
2026-08-08 00:14:31.010 [restartedMain] INFO  o.a.coyote.http11.Http11NioProtocol - Starting ProtocolHandler ["http-nio-8383"]
2026-08-08 00:14:31.047 [restartedMain] INFO  o.s.b.w.e.tomcat.TomcatWebServer - Tomcat started on port 8383 (http) with context path '/'
2026-08-08 00:14:31.079 [restartedMain] INFO  c.s.s.SleepyBackendApplication - Started SleepyBackendApplication in 19.052 seconds (process running for 20.011)
2026-08-08 00:15:00.033 [scheduling-1] INFO  c.s.s.s.board.PostSyncScheduler - ==== Redis -> DB 동기화 스케줄러 시작 ====
2026-08-08 00:15:00.804 [scheduling-1] INFO  c.s.s.s.board.PostSyncScheduler - ==== Redis -> DB 동기화 완료 ====
2026-08-08 00:20:00.007 [scheduling-1] INFO  c.s.s.s.board.PostSyncScheduler - ==== Redis -> DB 동기화 스케줄러 시작 ====
2026-08-08 00:20:00.165 [scheduling-1] INFO  c.s.s.s.board.PostSyncScheduler - ==== Redis -> DB 동기화 완료 ====
2026-08-08 00:25:00.069 [scheduling-1] INFO  c.s.s.s.board.PostSyncScheduler - ==== Redis -> DB 동기화 스케줄러 시작 ====
2026-08-08 00:25:00.498 [scheduling-1] INFO  c.s.s.s.board.PostSyncScheduler - ==== Redis -> DB 동기화 완료 ====
2026-08-08 04:10:38.348 [background-preinit] INFO  o.h.validator.internal.util.Version - HV000001: Hibernate Validator 8.0.1.Final
2026-08-08 04:10:38.457 [restartedMain] INFO  c.s.s.SleepyBackendApplication - Starting SleepyBackendApplication using Java 21.0.5 with PID 12204 (C:\Users\USER\Desktop\sleepy-backend\sleepy-backend\build\classes\java\main started by USER in C:\Users\USER\Desktop\sleepy-backend\sleepy-backend)
2026-08-08 04:10:38.460 [restartedMain] INFO  c.s.s.SleepyBackendApplication - No active profile set, falling back to 1 default profile: "default"
2026-08-08 04:10:38.593 [restartedMain] INFO  o.s.b.d.e.DevToolsPropertyDefaultsPostProcessor - Devtools property defaults active! Set 'spring.devtools.add-properties' to 'false' to disable
2026-08-08 04:10:38.594 [restartedMain] INFO  o.s.b.d.e.DevToolsPropertyDefaultsPostProcessor - For additional web related logging consider setting the 'logging.level.web' property to 'DEBUG'
2026-08-08 04:10:43.841 [restartedMain] INFO  o.s.d.r.c.RepositoryConfigurationDelegate - Multiple Spring Data modules found, entering strict repository configuration mode
2026-08-08 04:10:43.847 [restartedMain] INFO  o.s.d.r.c.RepositoryConfigurationDelegate - Bootstrapping Spring Data JPA repositories in DEFAULT mode.
2026-08-08 04:10:46.639 [restartedMain] INFO  o.s.d.r.c.RepositoryConfigurationExtensionSupport - Spring Data JPA - Could not safely identify store assignment for repository candidate interface com.sleepyproject.sleepy_backend.repository.redis.BlackListedTokenRepository; If you want this repository to be a JPA repository, consider annotating your entities with one of these annotations: jakarta.persistence.Entity, jakarta.persistence.MappedSuperclass (preferred), or consider extending one of the following types with your repository: org.springframework.data.jpa.repository.JpaRepository
2026-08-08 04:10:46.660 [restartedMain] INFO  o.s.d.r.c.RepositoryConfigurationExtensionSupport - Spring Data JPA - Could not safely identify store assignment for repository candidate interface com.sleepyproject.sleepy_backend.repository.redis.RefreshTokenRepository; If you want this repository to be a JPA repository, consider annotating your entities with one of these annotations: jakarta.persistence.Entity, jakarta.persistence.MappedSuperclass (preferred), or consider extending one of the following types with your repository: org.springframework.data.jpa.repository.JpaRepository
2026-08-08 04:10:47.185 [restartedMain] INFO  o.s.d.r.c.RepositoryConfigurationDelegate - Finished Spring Data repository scanning in 3314 ms. Found 16 JPA repository interfaces.
2026-08-08 04:10:47.271 [restartedMain] INFO  o.s.d.r.c.RepositoryConfigurationDelegate - Multiple Spring Data modules found, entering strict repository configuration mode
2026-08-08 04:10:47.277 [restartedMain] INFO  o.s.d.r.c.RepositoryConfigurationDelegate - Bootstrapping Spring Data Redis repositories in DEFAULT mode.
2026-08-08 04:10:47.420 [restartedMain] INFO  o.s.d.r.c.RepositoryConfigurationExtensionSupport - Spring Data Redis - Could not safely identify store assignment for repository candidate interface com.sleepyproject.sleepy_backend.domain.member.BrandScrapRepository; If you want this repository to be a Redis repository, consider annotating your entities with one of these annotations: org.springframework.data.redis.core.RedisHash (preferred), or consider extending one of the following types with your repository: org.springframework.data.keyvalue.repository.KeyValueRepository
2026-08-08 04:10:47.424 [restartedMain] INFO  o.s.d.r.c.RepositoryConfigurationExtensionSupport - Spring Data Redis - Could not safely identify store assignment for repository candidate interface com.sleepyproject.sleepy_backend.repository.board.CommentRepository; If you want this repository to be a Redis repository, consider annotating your entities with one of these annotations: org.springframework.data.redis.core.RedisHash (preferred), or consider extending one of the following types with your repository: org.springframework.data.keyvalue.repository.KeyValueRepository
2026-08-08 04:10:47.428 [restartedMain] INFO  o.s.d.r.c.RepositoryConfigurationExtensionSupport - Spring Data Redis - Could not safely identify store assignment for repository candidate interface com.sleepyproject.sleepy_backend.repository.board.PostLikeRepository; If you want this repository to be a Redis repository, consider annotating your entities with one of these annotations: org.springframework.data.redis.core.RedisHash (preferred), or consider extending one of the following types with your repository: org.springframework.data.keyvalue.repository.KeyValueRepository
2026-08-08 04:10:47.431 [restartedMain] INFO  o.s.d.r.c.RepositoryConfigurationExtensionSupport - Spring Data Redis - Could not safely identify store assignment for repository candidate interface com.sleepyproject.sleepy_backend.repository.board.PostRepository; If you want this repository to be a Redis repository, consider annotating your entities with one of these annotations: org.springframework.data.redis.core.RedisHash (preferred), or consider extending one of the following types with your repository: org.springframework.data.keyvalue.repository.KeyValueRepository
2026-08-08 04:10:47.437 [restartedMain] INFO  o.s.d.r.c.RepositoryConfigurationExtensionSupport - Spring Data Redis - Could not safely identify store assignment for repository candidate interface com.sleepyproject.sleepy_backend.repository.inquiry.InquiryRepository; If you want this repository to be a Redis repository, consider annotating your entities with one of these annotations: org.springframework.data.redis.core.RedisHash (preferred), or consider extending one of the following types with your repository: org.springframework.data.keyvalue.repository.KeyValueRepository
2026-08-08 04:10:47.440 [restartedMain] INFO  o.s.d.r.c.RepositoryConfigurationExtensionSupport - Spring Data Redis - Could not safely identify store assignment for repository candidate interface com.sleepyproject.sleepy_backend.repository.like.LikeRepository; If you want this repository to be a Redis repository, consider annotating your entities with one of these annotations: org.springframework.data.redis.core.RedisHash (preferred), or consider extending one of the following types with your repository: org.springframework.data.keyvalue.repository.KeyValueRepository
2026-08-08 04:10:47.441 [restartedMain] INFO  o.s.d.r.c.RepositoryConfigurationExtensionSupport - Spring Data Redis - Could not safely identify store assignment for repository candidate interface com.sleepyproject.sleepy_backend.repository.member.MemberRepository; If you want this repository to be a Redis repository, consider annotating your entities with one of these annotations: org.springframework.data.redis.core.RedisHash (preferred), or consider extending one of the following types with your repository: org.springframework.data.keyvalue.repository.KeyValueRepository
2026-08-08 04:10:47.447 [restartedMain] INFO  o.s.d.r.c.RepositoryConfigurationExtensionSupport - Spring Data Redis - Could not safely identify store assignment for repository candidate interface com.sleepyproject.sleepy_backend.repository.NotificationRepository; If you want this repository to be a Redis repository, consider annotating your entities with one of these annotations: org.springframework.data.redis.core.RedisHash (preferred), or consider extending one of the following types with your repository: org.springframework.data.keyvalue.repository.KeyValueRepository
2026-08-08 04:10:47.450 [restartedMain] INFO  o.s.d.r.c.RepositoryConfigurationExtensionSupport - Spring Data Redis - Could not safely identify store assignment for repository candidate interface com.sleepyproject.sleepy_backend.repository.product.ProductRepository; If you want this repository to be a Redis repository, consider annotating your entities with one of these annotations: org.springframework.data.redis.core.RedisHash (preferred), or consider extending one of the following types with your repository: org.springframework.data.keyvalue.repository.KeyValueRepository
2026-08-08 04:10:47.455 [restartedMain] INFO  o.s.d.r.c.RepositoryConfigurationExtensionSupport - Spring Data Redis - Could not safely identify store assignment for repository candidate interface com.sleepyproject.sleepy_backend.repository.product.ProductTagRepository; If you want this repository to be a Redis repository, consider annotating your entities with one of these annotations: org.springframework.data.redis.core.RedisHash (preferred), or consider extending one of the following types with your repository: org.springframework.data.keyvalue.repository.KeyValueRepository
2026-08-08 04:10:47.456 [restartedMain] INFO  o.s.d.r.c.RepositoryConfigurationExtensionSupport - Spring Data Redis - Could not safely identify store assignment for repository candidate interface com.sleepyproject.sleepy_backend.repository.product.TagRepository; If you want this repository to be a Redis repository, consider annotating your entities with one of these annotations: org.springframework.data.redis.core.RedisHash (preferred), or consider extending one of the following types with your repository: org.springframework.data.keyvalue.repository.KeyValueRepository
2026-08-08 04:10:47.467 [restartedMain] INFO  o.s.d.r.c.RepositoryConfigurationExtensionSupport - Spring Data Redis - Could not safely identify store assignment for repository candidate interface com.sleepyproject.sleepy_backend.repository.product.WishlistRepository; If you want this repository to be a Redis repository, consider annotating your entities with one of these annotations: org.springframework.data.redis.core.RedisHash (preferred), or consider extending one of the following types with your repository: org.springframework.data.keyvalue.repository.KeyValueRepository
2026-08-08 04:10:47.476 [restartedMain] INFO  o.s.d.r.c.RepositoryConfigurationExtensionSupport - Spring Data Redis - Could not safely identify store assignment for repository candidate interface com.sleepyproject.sleepy_backend.repository.report.ReportRepository; If you want this repository to be a Redis repository, consider annotating your entities with one of these annotations: org.springframework.data.redis.core.RedisHash (preferred), or consider extending one of the following types with your repository: org.springframework.data.keyvalue.repository.KeyValueRepository
2026-08-08 04:10:47.481 [restartedMain] INFO  o.s.d.r.c.RepositoryConfigurationExtensionSupport - Spring Data Redis - Could not safely identify store assignment for repository candidate interface com.sleepyproject.sleepy_backend.repository.review.ReviewReportRepository; If you want this repository to be a Redis repository, consider annotating your entities with one of these annotations: org.springframework.data.redis.core.RedisHash (preferred), or consider extending one of the following types with your repository: org.springframework.data.keyvalue.repository.KeyValueRepository
2026-08-08 04:10:47.486 [restartedMain] INFO  o.s.d.r.c.RepositoryConfigurationExtensionSupport - Spring Data Redis - Could not safely identify store assignment for repository candidate interface com.sleepyproject.sleepy_backend.repository.review.ReviewRepository; If you want this repository to be a Redis repository, consider annotating your entities with one of these annotations: org.springframework.data.redis.core.RedisHash (preferred), or consider extending one of the following types with your repository: org.springframework.data.keyvalue.repository.KeyValueRepository
2026-08-08 04:10:47.495 [restartedMain] INFO  o.s.d.r.c.RepositoryConfigurationExtensionSupport - Spring Data Redis - Could not safely identify store assignment for repository candidate interface com.sleepyproject.sleepy_backend.repository.seller.SellerApplicationRepository; If you want this repository to be a Redis repository, consider annotating your entities with one of these annotations: org.springframework.data.redis.core.RedisHash (preferred), or consider extending one of the following types with your repository: org.springframework.data.keyvalue.repository.KeyValueRepository
2026-08-08 04:10:47.605 [restartedMain] INFO  o.s.d.r.c.RepositoryConfigurationDelegate - Finished Spring Data repository scanning in 290 ms. Found 2 Redis repository interfaces.
2026-08-08 04:10:52.288 [restartedMain] INFO  o.s.b.w.e.tomcat.TomcatWebServer - Tomcat initialized with port 8383 (http)
2026-08-08 04:10:52.323 [restartedMain] INFO  o.a.coyote.http11.Http11NioProtocol - Initializing ProtocolHandler ["http-nio-8383"]
2026-08-08 04:10:52.339 [restartedMain] INFO  o.a.catalina.core.StandardService - Starting service [Tomcat]
2026-08-08 04:10:52.339 [restartedMain] INFO  o.a.catalina.core.StandardEngine - Starting Servlet engine: [Apache Tomcat/10.1.31]
2026-08-08 04:10:52.481 [restartedMain] INFO  o.a.c.c.C.[Tomcat].[localhost].[/] - Initializing Spring embedded WebApplicationContext
2026-08-08 04:10:52.483 [restartedMain] INFO  o.s.b.w.s.c.ServletWebServerApplicationContext - Root WebApplicationContext: initialization completed in 13886 ms
2026-08-08 04:10:53.297 [restartedMain] INFO  com.zaxxer.hikari.HikariDataSource - HikariPool-1 - Starting...
2026-08-08 04:10:55.627 [restartedMain] INFO  com.zaxxer.hikari.pool.HikariPool - HikariPool-1 - Added connection com.mysql.cj.jdbc.ConnectionImpl@5800c296
2026-08-08 04:10:55.636 [restartedMain] INFO  com.zaxxer.hikari.HikariDataSource - HikariPool-1 - Start completed.
2026-08-08 04:10:55.807 [restartedMain] INFO  org.flywaydb.core.FlywayExecutor - Database: jdbc:mysql://localhost:3306/sleepy (MySQL 8.0)
2026-08-08 04:10:55.966 [restartedMain] INFO  o.f.c.i.s.JdbcTableSchemaHistory - Repair of failed migration in Schema History table `sleepy`.`flyway_schema_history` not necessary. No failed migration detected.
2026-08-08 04:10:56.035 [restartedMain] INFO  o.f.core.internal.command.DbRepair - Successfully repaired schema history table `sleepy`.`flyway_schema_history` (execution time 00:00.154s).
2026-08-08 04:10:56.138 [restartedMain] INFO  o.f.core.internal.command.DbValidate - Successfully validated 10 migrations (execution time 00:00.055s)
2026-08-08 04:10:56.167 [restartedMain] INFO  o.f.core.internal.command.DbMigrate - Current version of schema `sleepy`: 10
2026-08-08 04:10:56.174 [restartedMain] INFO  o.f.core.internal.command.DbMigrate - Schema `sleepy` is up to date. No migration necessary.
2026-08-08 04:10:56.389 [restartedMain] INFO  o.h.jpa.internal.util.LogHelper - HHH000204: Processing PersistenceUnitInfo [name: default]
2026-08-08 04:10:56.627 [restartedMain] INFO  org.hibernate.Version - HHH000412: Hibernate ORM core version 6.5.3.Final
2026-08-08 04:10:56.786 [restartedMain] INFO  o.h.c.i.RegionFactoryInitiator - HHH000026: Second-level cache disabled
2026-08-08 04:10:57.655 [restartedMain] INFO  o.s.o.j.p.SpringPersistenceUnitInfo - No LoadTimeWeaver setup: ignoring JPA class transformer
2026-08-08 04:10:57.838 [restartedMain] WARN  org.hibernate.orm.deprecation - HHH90000025: MySQL8Dialect does not need to be specified explicitly using 'hibernate.dialect' (remove the property setting and it will be selected by default)
2026-08-08 04:10:57.844 [restartedMain] WARN  org.hibernate.orm.deprecation - HHH90000026: MySQL8Dialect has been deprecated; use org.hibernate.dialect.MySQLDialect instead
2026-08-08 04:11:01.355 [restartedMain] INFO  o.h.e.t.j.p.i.JtaPlatformInitiator - HHH000489: No JTA platform available (set 'hibernate.transaction.jta.platform' to enable JTA platform integration)
2026-08-08 04:11:01.944 [restartedMain] INFO  o.s.o.j.LocalContainerEntityManagerFactoryBean - Initialized JPA EntityManagerFactory for persistence unit 'default'
2026-08-08 04:11:03.572 [restartedMain] INFO  o.s.b.d.a.OptionalLiveReloadServer - LiveReload server is running on port 35729
2026-08-08 04:11:03.648 [restartedMain] INFO  o.s.d.j.r.query.QueryEnhancerFactory - Hibernate is in classpath; If applicable, HQL parser will be used.
2026-08-08 04:11:08.119 [restartedMain] WARN  o.s.b.a.o.j.JpaBaseConfiguration$JpaWebConfiguration - spring.jpa.open-in-view is enabled by default. Therefore, database queries may be performed during view rendering. Explicitly configure spring.jpa.open-in-view to disable this warning
2026-08-08 04:11:08.277 [restartedMain] TRACE o.s.s.c.a.a.c.AuthenticationConfiguration$EnableGlobalAuthenticationAutowiredConfigurer - Eagerly initializing {org.springframework.boot.autoconfigure.security.servlet.SpringBootWebSecurityConfiguration$WebSecurityEnablerConfiguration=org.springframework.boot.autoconfigure.security.servlet.SpringBootWebSecurityConfiguration$WebSecurityEnablerConfiguration@644c02c3}
2026-08-08 04:11:08.280 [restartedMain] DEBUG o.s.s.c.a.a.c.AuthenticationConfiguration$DefaultPasswordEncoderAuthenticationManagerBuilder - No authenticationProviders and no parentAuthenticationManager defined. Returning null.
2026-08-08 04:11:09.253 [restartedMain] DEBUG o.s.s.web.DefaultSecurityFilterChain - Will secure any request with filters: DisableEncodeUrlFilter, WebAsyncManagerIntegrationFilter, SecurityContextHolderFilter, HeaderWriterFilter, CorsFilter, LogoutFilter, OAuth2AuthorizationRequestRedirectFilter, OAuth2LoginAuthenticationFilter, JwtFilter, RequestCacheAwareFilter, SecurityContextHolderAwareRequestFilter, AnonymousAuthenticationFilter, SessionManagementFilter, ExceptionTranslationFilter, AuthorizationFilter
2026-08-08 04:11:10.394 [restartedMain] INFO  o.a.coyote.http11.Http11NioProtocol - Starting ProtocolHandler ["http-nio-8383"]
2026-08-08 04:11:10.436 [restartedMain] INFO  o.s.b.w.e.tomcat.TomcatWebServer - Tomcat started on port 8383 (http) with context path '/'
2026-08-08 04:11:10.462 [restartedMain] INFO  c.s.s.SleepyBackendApplication - Started SleepyBackendApplication in 33.314 seconds (process running for 34.678)
2026-08-08 04:15:00.054 [scheduling-1] INFO  c.s.s.s.board.PostSyncScheduler - ==== Redis -> DB 동기화 스케줄러 시작 ====
2026-08-08 04:15:01.328 [scheduling-1] INFO  c.s.s.s.board.PostSyncScheduler - ==== Redis -> DB 동기화 완료 ====
2026-08-08 04:19:58.688 [scheduling-1] INFO  c.s.s.s.board.PostSyncScheduler - ==== Redis -> DB 동기화 스케줄러 시작 ====
2026-08-08 04:19:58.911 [scheduling-1] INFO  c.s.s.s.board.PostSyncScheduler - ==== Redis -> DB 동기화 완료 ====
2026-08-08 04:25:00.004 [scheduling-1] INFO  c.s.s.s.board.PostSyncScheduler - ==== Redis -> DB 동기화 스케줄러 시작 ====
2026-08-08 04:25:00.214 [scheduling-1] INFO  c.s.s.s.board.PostSyncScheduler - ==== Redis -> DB 동기화 완료 ====
2026-08-08 04:30:00.005 [scheduling-1] INFO  c.s.s.s.board.PostSyncScheduler - ==== Redis -> DB 동기화 스케줄러 시작 ====
2026-08-08 04:30:00.203 [scheduling-1] INFO  c.s.s.s.board.PostSyncScheduler - ==== Redis -> DB 동기화 완료 ====
2026-08-08 04:35:00.008 [scheduling-1] INFO  c.s.s.s.board.PostSyncScheduler - ==== Redis -> DB 동기화 스케줄러 시작 ====
2026-08-08 04:35:00.318 [scheduling-1] INFO  c.s.s.s.board.PostSyncScheduler - ==== Redis -> DB 동기화 완료 ====
2026-08-08 04:40:00.004 [scheduling-1] INFO  c.s.s.s.board.PostSyncScheduler - ==== Redis -> DB 동기화 스케줄러 시작 ====
2026-08-08 04:40:00.184 [scheduling-1] INFO  c.s.s.s.board.PostSyncScheduler - ==== Redis -> DB 동기화 완료 ====
2026-08-08 04:45:00.013 [scheduling-1] INFO  c.s.s.s.board.PostSyncScheduler - ==== Redis -> DB 동기화 스케줄러 시작 ====
2026-08-08 04:45:00.250 [scheduling-1] INFO  c.s.s.s.board.PostSyncScheduler - ==== Redis -> DB 동기화 완료 ====
2026-08-08 04:50:00.007 [scheduling-1] INFO  c.s.s.s.board.PostSyncScheduler - ==== Redis -> DB 동기화 스케줄러 시작 ====
2026-08-08 04:50:00.171 [scheduling-1] INFO  c.s.s.s.board.PostSyncScheduler - ==== Redis -> DB 동기화 완료 ====
2026-08-08 04:55:00.004 [scheduling-1] INFO  c.s.s.s.board.PostSyncScheduler - ==== Redis -> DB 동기화 스케줄러 시작 ====
2026-08-08 04:55:00.156 [scheduling-1] INFO  c.s.s.s.board.PostSyncScheduler - ==== Redis -> DB 동기화 완료 ====
2026-08-08 04:59:58.690 [scheduling-1] INFO  c.s.s.s.board.PostScoreScheduler - Starting scheduled task to update Post Popularity Scores...
2026-08-08 04:59:58.843 [scheduling-1] INFO  c.s.s.s.board.PostScoreScheduler - Finished updating popularity scores for 21 posts.
2026-08-08 05:00:00.009 [scheduling-1] INFO  c.s.s.s.board.PostSyncScheduler - ==== Redis -> DB 동기화 스케줄러 시작 ====
2026-08-08 05:00:00.213 [scheduling-1] INFO  c.s.s.s.board.PostSyncScheduler - ==== Redis -> DB 동기화 완료 ====
2026-08-08 05:05:00.008 [scheduling-1] INFO  c.s.s.s.board.PostSyncScheduler - ==== Redis -> DB 동기화 스케줄러 시작 ====
2026-08-08 05:05:00.184 [scheduling-1] INFO  c.s.s.s.board.PostSyncScheduler - ==== Redis -> DB 동기화 완료 ====
2026-08-08 05:10:00.012 [scheduling-1] INFO  c.s.s.s.board.PostSyncScheduler - ==== Redis -> DB 동기화 스케줄러 시작 ====
2026-08-08 05:10:00.176 [scheduling-1] INFO  c.s.s.s.board.PostSyncScheduler - ==== Redis -> DB 동기화 완료 ====
2026-08-08 05:15:00.011 [scheduling-1] INFO  c.s.s.s.board.PostSyncScheduler - ==== Redis -> DB 동기화 스케줄러 시작 ====
2026-08-08 05:15:00.163 [scheduling-1] INFO  c.s.s.s.board.PostSyncScheduler - ==== Redis -> DB 동기화 완료 ====
2026-08-08 05:20:00.008 [scheduling-1] INFO  c.s.s.s.board.PostSyncScheduler - ==== Redis -> DB 동기화 스케줄러 시작 ====
2026-08-08 05:20:00.183 [scheduling-1] INFO  c.s.s.s.board.PostSyncScheduler - ==== Redis -> DB 동기화 완료 ====
2026-08-08 05:25:00.007 [scheduling-1] INFO  c.s.s.s.board.PostSyncScheduler - ==== Redis -> DB 동기화 스케줄러 시작 ====
2026-08-08 05:25:00.142 [scheduling-1] INFO  c.s.s.s.board.PostSyncScheduler - ==== Redis -> DB 동기화 완료 ====
2026-08-08 05:30:00.013 [scheduling-1] INFO  c.s.s.s.board.PostSyncScheduler - ==== Redis -> DB 동기화 스케줄러 시작 ====
2026-08-08 05:30:00.178 [scheduling-1] INFO  c.s.s.s.board.PostSyncScheduler - ==== Redis -> DB 동기화 완료 ====
2026-08-08 05:35:00.010 [scheduling-1] INFO  c.s.s.s.board.PostSyncScheduler - ==== Redis -> DB 동기화 스케줄러 시작 ====
2026-08-08 05:35:00.149 [scheduling-1] INFO  c.s.s.s.board.PostSyncScheduler - ==== Redis -> DB 동기화 완료 ====
2026-08-08 05:40:00.013 [scheduling-1] INFO  c.s.s.s.board.PostSyncScheduler - ==== Redis -> DB 동기화 스케줄러 시작 ====
2026-08-08 05:40:00.154 [scheduling-1] INFO  c.s.s.s.board.PostSyncScheduler - ==== Redis -> DB 동기화 완료 ====
2026-08-08 05:45:00.011 [scheduling-1] INFO  c.s.s.s.board.PostSyncScheduler - ==== Redis -> DB 동기화 스케줄러 시작 ====
2026-08-08 05:45:00.192 [scheduling-1] INFO  c.s.s.s.board.PostSyncScheduler - ==== Redis -> DB 동기화 완료 ====
2026-08-08 05:50:00.007 [scheduling-1] INFO  c.s.s.s.board.PostSyncScheduler - ==== Redis -> DB 동기화 스케줄러 시작 ====
2026-08-08 05:50:00.130 [scheduling-1] INFO  c.s.s.s.board.PostSyncScheduler - ==== Redis -> DB 동기화 완료 ====
2026-08-08 05:55:00.005 [scheduling-1] INFO  c.s.s.s.board.PostSyncScheduler - ==== Redis -> DB 동기화 스케줄러 시작 ====
2026-08-08 05:55:00.150 [scheduling-1] INFO  c.s.s.s.board.PostSyncScheduler - ==== Redis -> DB 동기화 완료 ====
2026-08-08 05:55:11.167 [http-nio-8383-exec-1] INFO  o.a.c.c.C.[Tomcat].[localhost].[/] - Initializing Spring DispatcherServlet 'dispatcherServlet'
2026-08-08 05:55:11.169 [http-nio-8383-exec-1] INFO  o.s.web.servlet.DispatcherServlet - Initializing Servlet 'dispatcherServlet'
2026-08-08 05:55:11.179 [http-nio-8383-exec-1] INFO  o.s.web.servlet.DispatcherServlet - Completed initialization in 8 ms
2026-08-08 05:55:11.227 [http-nio-8383-exec-1] TRACE o.s.security.web.FilterChainProxy - Trying to match request against DefaultSecurityFilterChain [RequestMatcher=any request, Filters=[org.springframework.security.web.session.DisableEncodeUrlFilter@323ac216, org.springframework.security.web.context.request.async.WebAsyncManagerIntegrationFilter@6ee3342f, org.springframework.security.web.context.SecurityContextHolderFilter@3f01bc87, org.springframework.security.web.header.HeaderWriterFilter@3db94c33, org.springframework.web.filter.CorsFilter@52b0adb8, org.springframework.security.web.authentication.logout.LogoutFilter@436e36c5, org.springframework.security.oauth2.client.web.OAuth2AuthorizationRequestRedirectFilter@28210997, org.springframework.security.oauth2.client.web.OAuth2LoginAuthenticationFilter@4c99e13, com.sleepyproject.sleepy_backend.config.JwtFilter@73544301, org.springframework.security.web.savedrequest.RequestCacheAwareFilter@4e25e8bc, org.springframework.security.web.servletapi.SecurityContextHolderAwareRequestFilter@347b89df, org.springframework.security.web.authentication.AnonymousAuthenticationFilter@62291f8c, org.springframework.security.web.session.SessionManagementFilter@1b05acc5, org.springframework.security.web.access.ExceptionTranslationFilter@3bb5c954, org.springframework.security.web.access.intercept.AuthorizationFilter@272d1e75]] (1/1)
2026-08-08 05:55:11.229 [http-nio-8383-exec-1] DEBUG o.s.security.web.FilterChainProxy - Securing POST /api/auth/signup
2026-08-08 05:55:11.231 [http-nio-8383-exec-1] TRACE o.s.security.web.FilterChainProxy - Invoking DisableEncodeUrlFilter (1/15)
2026-08-08 05:55:11.232 [http-nio-8383-exec-1] TRACE o.s.security.web.FilterChainProxy - Invoking WebAsyncManagerIntegrationFilter (2/15)
2026-08-08 05:55:11.238 [http-nio-8383-exec-1] TRACE o.s.security.web.FilterChainProxy - Invoking SecurityContextHolderFilter (3/15)
2026-08-08 05:55:11.240 [http-nio-8383-exec-1] TRACE o.s.security.web.FilterChainProxy - Invoking HeaderWriterFilter (4/15)
2026-08-08 05:55:11.244 [http-nio-8383-exec-1] TRACE o.s.security.web.FilterChainProxy - Invoking CorsFilter (5/15)
2026-08-08 05:55:11.246 [http-nio-8383-exec-1] TRACE o.s.security.web.FilterChainProxy - Invoking LogoutFilter (6/15)
2026-08-08 05:55:11.247 [http-nio-8383-exec-1] TRACE o.s.s.w.a.logout.LogoutFilter - Did not match request to Or [Ant [pattern='/logout', GET], Ant [pattern='/logout', POST], Ant [pattern='/logout', PUT], Ant [pattern='/logout', DELETE]]
2026-08-08 05:55:11.247 [http-nio-8383-exec-1] TRACE o.s.security.web.FilterChainProxy - Invoking OAuth2AuthorizationRequestRedirectFilter (7/15)
2026-08-08 05:55:11.248 [http-nio-8383-exec-1] TRACE o.s.security.web.FilterChainProxy - Invoking OAuth2LoginAuthenticationFilter (8/15)
2026-08-08 05:55:11.248 [http-nio-8383-exec-1] TRACE o.s.s.o.c.w.OAuth2LoginAuthenticationFilter - Did not match request to Ant [pattern='/login/oauth2/code/*']
2026-08-08 05:55:11.248 [http-nio-8383-exec-1] TRACE o.s.security.web.FilterChainProxy - Invoking JwtFilter (9/15)
2026-08-08 05:55:11.248 [http-nio-8383-exec-1] TRACE o.s.security.web.FilterChainProxy - Invoking RequestCacheAwareFilter (10/15)
2026-08-08 05:55:11.248 [http-nio-8383-exec-1] TRACE o.s.security.web.FilterChainProxy - Invoking SecurityContextHolderAwareRequestFilter (11/15)
2026-08-08 05:55:11.250 [http-nio-8383-exec-1] TRACE o.s.security.web.FilterChainProxy - Invoking AnonymousAuthenticationFilter (12/15)
2026-08-08 05:55:11.250 [http-nio-8383-exec-1] TRACE o.s.security.web.FilterChainProxy - Invoking SessionManagementFilter (13/15)
2026-08-08 05:55:11.252 [http-nio-8383-exec-1] TRACE o.s.s.w.c.SupplierDeferredSecurityContext - Created SecurityContextImpl [Null authentication]
2026-08-08 05:55:11.254 [http-nio-8383-exec-1] TRACE o.s.s.w.a.AnonymousAuthenticationFilter - Set SecurityContextHolder to AnonymousAuthenticationToken [Principal=anonymousUser, Credentials=[PROTECTED], Authenticated=true, Details=WebAuthenticationDetails [RemoteIpAddress=0:0:0:0:0:0:0:1, SessionId=null], Granted Authorities=[ROLE_ANONYMOUS]]
2026-08-08 05:55:11.255 [http-nio-8383-exec-1] TRACE o.s.security.web.FilterChainProxy - Invoking ExceptionTranslationFilter (14/15)
2026-08-08 05:55:11.255 [http-nio-8383-exec-1] TRACE o.s.security.web.FilterChainProxy - Invoking AuthorizationFilter (15/15)
2026-08-08 05:55:11.256 [http-nio-8383-exec-1] TRACE o.s.s.w.a.i.RequestMatcherDelegatingAuthorizationManager - Authorizing POST /api/auth/signup
2026-08-08 05:55:11.258 [http-nio-8383-exec-1] TRACE o.s.s.w.a.i.RequestMatcherDelegatingAuthorizationManager - Checking authorization on POST /api/auth/signup using org.springframework.security.config.annotation.web.configurers.AuthorizeHttpRequestsConfigurer$$Lambda/0x000001ccbddd93e0@4a593236
2026-08-08 05:55:11.260 [http-nio-8383-exec-1] DEBUG o.s.security.web.FilterChainProxy - Secured POST /api/auth/signup
2026-08-08 05:55:11.600 [http-nio-8383-exec-1] TRACE o.s.s.w.h.writers.HstsHeaderWriter - Not injecting HSTS header since it did not match request to [Is Secure]
2026-08-08 05:55:11.712 [http-nio-8383-exec-2] TRACE o.s.security.web.FilterChainProxy - Trying to match request against DefaultSecurityFilterChain [RequestMatcher=any request, Filters=[org.springframework.security.web.session.DisableEncodeUrlFilter@323ac216, org.springframework.security.web.context.request.async.WebAsyncManagerIntegrationFilter@6ee3342f, org.springframework.security.web.context.SecurityContextHolderFilter@3f01bc87, org.springframework.security.web.header.HeaderWriterFilter@3db94c33, org.springframework.web.filter.CorsFilter@52b0adb8, org.springframework.security.web.authentication.logout.LogoutFilter@436e36c5, org.springframework.security.oauth2.client.web.OAuth2AuthorizationRequestRedirectFilter@28210997, org.springframework.security.oauth2.client.web.OAuth2LoginAuthenticationFilter@4c99e13, com.sleepyproject.sleepy_backend.config.JwtFilter@73544301, org.springframework.security.web.savedrequest.RequestCacheAwareFilter@4e25e8bc, org.springframework.security.web.servletapi.SecurityContextHolderAwareRequestFilter@347b89df, org.springframework.security.web.authentication.AnonymousAuthenticationFilter@62291f8c, org.springframework.security.web.session.SessionManagementFilter@1b05acc5, org.springframework.security.web.access.ExceptionTranslationFilter@3bb5c954, org.springframework.security.web.access.intercept.AuthorizationFilter@272d1e75]] (1/1)
2026-08-08 05:55:11.712 [http-nio-8383-exec-2] DEBUG o.s.security.web.FilterChainProxy - Securing POST /api/auth/login
2026-08-08 05:55:11.712 [http-nio-8383-exec-2] TRACE o.s.security.web.FilterChainProxy - Invoking DisableEncodeUrlFilter (1/15)
2026-08-08 05:55:11.712 [http-nio-8383-exec-2] TRACE o.s.security.web.FilterChainProxy - Invoking WebAsyncManagerIntegrationFilter (2/15)
2026-08-08 05:55:11.712 [http-nio-8383-exec-2] TRACE o.s.security.web.FilterChainProxy - Invoking SecurityContextHolderFilter (3/15)
2026-08-08 05:55:11.713 [http-nio-8383-exec-2] TRACE o.s.security.web.FilterChainProxy - Invoking HeaderWriterFilter (4/15)
2026-08-08 05:55:11.713 [http-nio-8383-exec-2] TRACE o.s.security.web.FilterChainProxy - Invoking CorsFilter (5/15)
2026-08-08 05:55:11.713 [http-nio-8383-exec-2] TRACE o.s.security.web.FilterChainProxy - Invoking LogoutFilter (6/15)
2026-08-08 05:55:11.713 [http-nio-8383-exec-2] TRACE o.s.s.w.a.logout.LogoutFilter - Did not match request to Or [Ant [pattern='/logout', GET], Ant [pattern='/logout', POST], Ant [pattern='/logout', PUT], Ant [pattern='/logout', DELETE]]
2026-08-08 05:55:11.713 [http-nio-8383-exec-2] TRACE o.s.security.web.FilterChainProxy - Invoking OAuth2AuthorizationRequestRedirectFilter (7/15)
2026-08-08 05:55:11.713 [http-nio-8383-exec-2] TRACE o.s.security.web.FilterChainProxy - Invoking OAuth2LoginAuthenticationFilter (8/15)
2026-08-08 05:55:11.713 [http-nio-8383-exec-2] TRACE o.s.s.o.c.w.OAuth2LoginAuthenticationFilter - Did not match request to Ant [pattern='/login/oauth2/code/*']
2026-08-08 05:55:11.713 [http-nio-8383-exec-2] TRACE o.s.security.web.FilterChainProxy - Invoking JwtFilter (9/15)
2026-08-08 05:55:11.714 [http-nio-8383-exec-2] TRACE o.s.security.web.FilterChainProxy - Invoking RequestCacheAwareFilter (10/15)
2026-08-08 05:55:11.714 [http-nio-8383-exec-2] TRACE o.s.security.web.FilterChainProxy - Invoking SecurityContextHolderAwareRequestFilter (11/15)
2026-08-08 05:55:11.714 [http-nio-8383-exec-2] TRACE o.s.security.web.FilterChainProxy - Invoking AnonymousAuthenticationFilter (12/15)
2026-08-08 05:55:11.715 [http-nio-8383-exec-2] TRACE o.s.security.web.FilterChainProxy - Invoking SessionManagementFilter (13/15)
2026-08-08 05:55:11.715 [http-nio-8383-exec-2] TRACE o.s.s.w.c.SupplierDeferredSecurityContext - Created SecurityContextImpl [Null authentication]
2026-08-08 05:55:11.715 [http-nio-8383-exec-2] TRACE o.s.s.w.a.AnonymousAuthenticationFilter - Set SecurityContextHolder to AnonymousAuthenticationToken [Principal=anonymousUser, Credentials=[PROTECTED], Authenticated=true, Details=WebAuthenticationDetails [RemoteIpAddress=0:0:0:0:0:0:0:1, SessionId=null], Granted Authorities=[ROLE_ANONYMOUS]]
2026-08-08 05:55:11.716 [http-nio-8383-exec-2] TRACE o.s.security.web.FilterChainProxy - Invoking ExceptionTranslationFilter (14/15)
2026-08-08 05:55:11.716 [http-nio-8383-exec-2] TRACE o.s.security.web.FilterChainProxy - Invoking AuthorizationFilter (15/15)
2026-08-08 05:55:11.716 [http-nio-8383-exec-2] TRACE o.s.s.w.a.i.RequestMatcherDelegatingAuthorizationManager - Authorizing POST /api/auth/login
2026-08-08 05:55:11.716 [http-nio-8383-exec-2] TRACE o.s.s.w.a.i.RequestMatcherDelegatingAuthorizationManager - Checking authorization on POST /api/auth/login using org.springframework.security.config.annotation.web.configurers.AuthorizeHttpRequestsConfigurer$$Lambda/0x000001ccbddd93e0@4a593236
2026-08-08 05:55:11.716 [http-nio-8383-exec-2] DEBUG o.s.security.web.FilterChainProxy - Secured POST /api/auth/login
2026-08-08 05:55:12.046 [http-nio-8383-exec-2] TRACE o.s.s.w.h.writers.HstsHeaderWriter - Not injecting HSTS header since it did not match request to [Is Secure]
2026-08-08 05:55:12.067 [http-nio-8383-exec-3] TRACE o.s.security.web.FilterChainProxy - Trying to match request against DefaultSecurityFilterChain [RequestMatcher=any request, Filters=[org.springframework.security.web.session.DisableEncodeUrlFilter@323ac216, org.springframework.security.web.context.request.async.WebAsyncManagerIntegrationFilter@6ee3342f, org.springframework.security.web.context.SecurityContextHolderFilter@3f01bc87, org.springframework.security.web.header.HeaderWriterFilter@3db94c33, org.springframework.web.filter.CorsFilter@52b0adb8, org.springframework.security.web.authentication.logout.LogoutFilter@436e36c5, org.springframework.security.oauth2.client.web.OAuth2AuthorizationRequestRedirectFilter@28210997, org.springframework.security.oauth2.client.web.OAuth2LoginAuthenticationFilter@4c99e13, com.sleepyproject.sleepy_backend.config.JwtFilter@73544301, org.springframework.security.web.savedrequest.RequestCacheAwareFilter@4e25e8bc, org.springframework.security.web.servletapi.SecurityContextHolderAwareRequestFilter@347b89df, org.springframework.security.web.authentication.AnonymousAuthenticationFilter@62291f8c, org.springframework.security.web.session.SessionManagementFilter@1b05acc5, org.springframework.security.web.access.ExceptionTranslationFilter@3bb5c954, org.springframework.security.web.access.intercept.AuthorizationFilter@272d1e75]] (1/1)
2026-08-08 05:55:12.067 [http-nio-8383-exec-3] DEBUG o.s.security.web.FilterChainProxy - Securing POST /api/board/posts
2026-08-08 05:55:12.068 [http-nio-8383-exec-3] TRACE o.s.security.web.FilterChainProxy - Invoking DisableEncodeUrlFilter (1/15)
2026-08-08 05:55:12.068 [http-nio-8383-exec-3] TRACE o.s.security.web.FilterChainProxy - Invoking WebAsyncManagerIntegrationFilter (2/15)
2026-08-08 05:55:12.069 [http-nio-8383-exec-3] TRACE o.s.security.web.FilterChainProxy - Invoking SecurityContextHolderFilter (3/15)
2026-08-08 05:55:12.069 [http-nio-8383-exec-3] TRACE o.s.security.web.FilterChainProxy - Invoking HeaderWriterFilter (4/15)
2026-08-08 05:55:12.069 [http-nio-8383-exec-3] TRACE o.s.security.web.FilterChainProxy - Invoking CorsFilter (5/15)
2026-08-08 05:55:12.070 [http-nio-8383-exec-3] TRACE o.s.security.web.FilterChainProxy - Invoking LogoutFilter (6/15)
2026-08-08 05:55:12.070 [http-nio-8383-exec-3] TRACE o.s.s.w.a.logout.LogoutFilter - Did not match request to Or [Ant [pattern='/logout', GET], Ant [pattern='/logout', POST], Ant [pattern='/logout', PUT], Ant [pattern='/logout', DELETE]]
2026-08-08 05:55:12.070 [http-nio-8383-exec-3] TRACE o.s.security.web.FilterChainProxy - Invoking OAuth2AuthorizationRequestRedirectFilter (7/15)
2026-08-08 05:55:12.071 [http-nio-8383-exec-3] TRACE o.s.security.web.FilterChainProxy - Invoking OAuth2LoginAuthenticationFilter (8/15)
2026-08-08 05:55:12.071 [http-nio-8383-exec-3] TRACE o.s.s.o.c.w.OAuth2LoginAuthenticationFilter - Did not match request to Ant [pattern='/login/oauth2/code/*']
2026-08-08 05:55:12.071 [http-nio-8383-exec-3] TRACE o.s.security.web.FilterChainProxy - Invoking JwtFilter (9/15)
2026-08-08 05:55:12.173 [http-nio-8383-exec-3] TRACE o.s.s.w.c.SupplierDeferredSecurityContext - Created SecurityContextImpl [Null authentication]
2026-08-08 05:55:12.174 [http-nio-8383-exec-3] TRACE o.s.security.web.FilterChainProxy - Invoking RequestCacheAwareFilter (10/15)
2026-08-08 05:55:12.174 [http-nio-8383-exec-3] TRACE o.s.security.web.FilterChainProxy - Invoking SecurityContextHolderAwareRequestFilter (11/15)
2026-08-08 05:55:12.174 [http-nio-8383-exec-3] TRACE o.s.security.web.FilterChainProxy - Invoking AnonymousAuthenticationFilter (12/15)
2026-08-08 05:55:12.174 [http-nio-8383-exec-3] TRACE o.s.security.web.FilterChainProxy - Invoking SessionManagementFilter (13/15)
2026-08-08 05:55:12.175 [http-nio-8383-exec-3] TRACE o.s.s.w.a.AnonymousAuthenticationFilter - Did not set SecurityContextHolder since already authenticated UsernamePasswordAuthenticationToken [Principal=testuser999, Credentials=[PROTECTED], Authenticated=true, Details=null, Granted Authorities=[ROLE_BUYER]]
2026-08-08 05:55:12.176 [http-nio-8383-exec-3] TRACE o.s.s.w.a.s.CompositeSessionAuthenticationStrategy - Preparing session with ChangeSessionIdAuthenticationStrategy (1/1)
2026-08-08 05:55:12.176 [http-nio-8383-exec-3] TRACE o.s.security.web.FilterChainProxy - Invoking ExceptionTranslationFilter (14/15)
2026-08-08 05:55:12.176 [http-nio-8383-exec-3] TRACE o.s.security.web.FilterChainProxy - Invoking AuthorizationFilter (15/15)
2026-08-08 05:55:12.176 [http-nio-8383-exec-3] TRACE o.s.s.w.a.i.RequestMatcherDelegatingAuthorizationManager - Authorizing POST /api/board/posts
2026-08-08 05:55:12.180 [http-nio-8383-exec-3] TRACE o.s.s.w.a.i.RequestMatcherDelegatingAuthorizationManager - Checking authorization on POST /api/board/posts using org.springframework.security.authorization.AuthenticatedAuthorizationManager@1ad2110d
2026-08-08 05:55:12.180 [http-nio-8383-exec-3] DEBUG o.s.security.web.FilterChainProxy - Secured POST /api/board/posts
2026-08-08 05:55:12.320 [http-nio-8383-exec-3] TRACE o.s.s.w.h.writers.HstsHeaderWriter - Not injecting HSTS header since it did not match request to [Is Secure]
