2026-08-12 00:41:26.686 [background-preinit] INFO  o.h.validator.internal.util.Version - HV000001: Hibernate Validator 8.0.1.Final
2026-08-12 00:41:26.829 [main] INFO  c.s.s.SleepyBackendApplication - Starting SleepyBackendApplication v0.0.1-SNAPSHOT using Java 21.0.5 with PID 5020 (C:\Users\USER\Desktop\sleepy-backend\sleepy-backend\build\libs\sleepy-backend-0.0.1-SNAPSHOT.jar started by USER in C:\Users\USER\Desktop\sleepy-backend\sleepy-backend)
2026-08-12 00:41:26.831 [main] INFO  c.s.s.SleepyBackendApplication - No active profile set, falling back to 1 default profile: "default"
2026-08-12 00:41:29.244 [main] INFO  o.s.d.r.c.RepositoryConfigurationDelegate - Multiple Spring Data modules found, entering strict repository configuration mode
2026-08-12 00:41:29.249 [main] INFO  o.s.d.r.c.RepositoryConfigurationDelegate - Bootstrapping Spring Data JPA repositories in DEFAULT mode.
2026-08-12 00:41:29.545 [main] INFO  o.s.d.r.c.RepositoryConfigurationExtensionSupport - Spring Data JPA - Could not safely identify store assignment for repository candidate interface com.sleepyproject.sleepy_backend.repository.redis.BlackListedTokenRepository; If you want this repository to be a JPA repository, consider annotating your entities with one of these annotations: jakarta.persistence.Entity, jakarta.persistence.MappedSuperclass (preferred), or consider extending one of the following types with your repository: org.springframework.data.jpa.repository.JpaRepository
2026-08-12 00:41:29.548 [main] INFO  o.s.d.r.c.RepositoryConfigurationExtensionSupport - Spring Data JPA - Could not safely identify store assignment for repository candidate interface com.sleepyproject.sleepy_backend.repository.redis.RefreshTokenRepository; If you want this repository to be a JPA repository, consider annotating your entities with one of these annotations: jakarta.persistence.Entity, jakarta.persistence.MappedSuperclass (preferred), or consider extending one of the following types with your repository: org.springframework.data.jpa.repository.JpaRepository
2026-08-12 00:41:29.593 [main] INFO  o.s.d.r.c.RepositoryConfigurationDelegate - Finished Spring Data repository scanning in 328 ms. Found 16 JPA repository interfaces.
2026-08-12 00:41:29.629 [main] INFO  o.s.d.r.c.RepositoryConfigurationDelegate - Multiple Spring Data modules found, entering strict repository configuration mode
2026-08-12 00:41:29.631 [main] INFO  o.s.d.r.c.RepositoryConfigurationDelegate - Bootstrapping Spring Data Redis repositories in DEFAULT mode.
2026-08-12 00:41:29.656 [main] INFO  o.s.d.r.c.RepositoryConfigurationExtensionSupport - Spring Data Redis - Could not safely identify store assignment for repository candidate interface com.sleepyproject.sleepy_backend.repository.NotificationRepository; If you want this repository to be a Redis repository, consider annotating your entities with one of these annotations: org.springframework.data.redis.core.RedisHash (preferred), or consider extending one of the following types with your repository: org.springframework.data.keyvalue.repository.KeyValueRepository
2026-08-12 00:41:29.659 [main] INFO  o.s.d.r.c.RepositoryConfigurationExtensionSupport - Spring Data Redis - Could not safely identify store assignment for repository candidate interface com.sleepyproject.sleepy_backend.domain.member.BrandScrapRepository; If you want this repository to be a Redis repository, consider annotating your entities with one of these annotations: org.springframework.data.redis.core.RedisHash (preferred), or consider extending one of the following types with your repository: org.springframework.data.keyvalue.repository.KeyValueRepository
2026-08-12 00:41:29.660 [main] INFO  o.s.d.r.c.RepositoryConfigurationExtensionSupport - Spring Data Redis - Could not safely identify store assignment for repository candidate interface com.sleepyproject.sleepy_backend.repository.board.CommentRepository; If you want this repository to be a Redis repository, consider annotating your entities with one of these annotations: org.springframework.data.redis.core.RedisHash (preferred), or consider extending one of the following types with your repository: org.springframework.data.keyvalue.repository.KeyValueRepository
2026-08-12 00:41:29.660 [main] INFO  o.s.d.r.c.RepositoryConfigurationExtensionSupport - Spring Data Redis - Could not safely identify store assignment for repository candidate interface com.sleepyproject.sleepy_backend.repository.board.PostLikeRepository; If you want this repository to be a Redis repository, consider annotating your entities with one of these annotations: org.springframework.data.redis.core.RedisHash (preferred), or consider extending one of the following types with your repository: org.springframework.data.keyvalue.repository.KeyValueRepository
2026-08-12 00:41:29.661 [main] INFO  o.s.d.r.c.RepositoryConfigurationExtensionSupport - Spring Data Redis - Could not safely identify store assignment for repository candidate interface com.sleepyproject.sleepy_backend.repository.board.PostRepository; If you want this repository to be a Redis repository, consider annotating your entities with one of these annotations: org.springframework.data.redis.core.RedisHash (preferred), or consider extending one of the following types with your repository: org.springframework.data.keyvalue.repository.KeyValueRepository
2026-08-12 00:41:29.663 [main] INFO  o.s.d.r.c.RepositoryConfigurationExtensionSupport - Spring Data Redis - Could not safely identify store assignment for repository candidate interface com.sleepyproject.sleepy_backend.repository.inquiry.InquiryRepository; If you want this repository to be a Redis repository, consider annotating your entities with one of these annotations: org.springframework.data.redis.core.RedisHash (preferred), or consider extending one of the following types with your repository: org.springframework.data.keyvalue.repository.KeyValueRepository
2026-08-12 00:41:29.664 [main] INFO  o.s.d.r.c.RepositoryConfigurationExtensionSupport - Spring Data Redis - Could not safely identify store assignment for repository candidate interface com.sleepyproject.sleepy_backend.repository.like.LikeRepository; If you want this repository to be a Redis repository, consider annotating your entities with one of these annotations: org.springframework.data.redis.core.RedisHash (preferred), or consider extending one of the following types with your repository: org.springframework.data.keyvalue.repository.KeyValueRepository
2026-08-12 00:41:29.664 [main] INFO  o.s.d.r.c.RepositoryConfigurationExtensionSupport - Spring Data Redis - Could not safely identify store assignment for repository candidate interface com.sleepyproject.sleepy_backend.repository.member.MemberRepository; If you want this repository to be a Redis repository, consider annotating your entities with one of these annotations: org.springframework.data.redis.core.RedisHash (preferred), or consider extending one of the following types with your repository: org.springframework.data.keyvalue.repository.KeyValueRepository
2026-08-12 00:41:29.665 [main] INFO  o.s.d.r.c.RepositoryConfigurationExtensionSupport - Spring Data Redis - Could not safely identify store assignment for repository candidate interface com.sleepyproject.sleepy_backend.repository.product.ProductRepository; If you want this repository to be a Redis repository, consider annotating your entities with one of these annotations: org.springframework.data.redis.core.RedisHash (preferred), or consider extending one of the following types with your repository: org.springframework.data.keyvalue.repository.KeyValueRepository
2026-08-12 00:41:29.666 [main] INFO  o.s.d.r.c.RepositoryConfigurationExtensionSupport - Spring Data Redis - Could not safely identify store assignment for repository candidate interface com.sleepyproject.sleepy_backend.repository.product.ProductTagRepository; If you want this repository to be a Redis repository, consider annotating your entities with one of these annotations: org.springframework.data.redis.core.RedisHash (preferred), or consider extending one of the following types with your repository: org.springframework.data.keyvalue.repository.KeyValueRepository
2026-08-12 00:41:29.666 [main] INFO  o.s.d.r.c.RepositoryConfigurationExtensionSupport - Spring Data Redis - Could not safely identify store assignment for repository candidate interface com.sleepyproject.sleepy_backend.repository.product.TagRepository; If you want this repository to be a Redis repository, consider annotating your entities with one of these annotations: org.springframework.data.redis.core.RedisHash (preferred), or consider extending one of the following types with your repository: org.springframework.data.keyvalue.repository.KeyValueRepository
2026-08-12 00:41:29.667 [main] INFO  o.s.d.r.c.RepositoryConfigurationExtensionSupport - Spring Data Redis - Could not safely identify store assignment for repository candidate interface com.sleepyproject.sleepy_backend.repository.product.WishlistRepository; If you want this repository to be a Redis repository, consider annotating your entities with one of these annotations: org.springframework.data.redis.core.RedisHash (preferred), or consider extending one of the following types with your repository: org.springframework.data.keyvalue.repository.KeyValueRepository
2026-08-12 00:41:29.670 [main] INFO  o.s.d.r.c.RepositoryConfigurationExtensionSupport - Spring Data Redis - Could not safely identify store assignment for repository candidate interface com.sleepyproject.sleepy_backend.repository.report.ReportRepository; If you want this repository to be a Redis repository, consider annotating your entities with one of these annotations: org.springframework.data.redis.core.RedisHash (preferred), or consider extending one of the following types with your repository: org.springframework.data.keyvalue.repository.KeyValueRepository
2026-08-12 00:41:29.670 [main] INFO  o.s.d.r.c.RepositoryConfigurationExtensionSupport - Spring Data Redis - Could not safely identify store assignment for repository candidate interface com.sleepyproject.sleepy_backend.repository.review.ReviewReportRepository; If you want this repository to be a Redis repository, consider annotating your entities with one of these annotations: org.springframework.data.redis.core.RedisHash (preferred), or consider extending one of the following types with your repository: org.springframework.data.keyvalue.repository.KeyValueRepository
2026-08-12 00:41:29.671 [main] INFO  o.s.d.r.c.RepositoryConfigurationExtensionSupport - Spring Data Redis - Could not safely identify store assignment for repository candidate interface com.sleepyproject.sleepy_backend.repository.review.ReviewRepository; If you want this repository to be a Redis repository, consider annotating your entities with one of these annotations: org.springframework.data.redis.core.RedisHash (preferred), or consider extending one of the following types with your repository: org.springframework.data.keyvalue.repository.KeyValueRepository
2026-08-12 00:41:29.672 [main] INFO  o.s.d.r.c.RepositoryConfigurationExtensionSupport - Spring Data Redis - Could not safely identify store assignment for repository candidate interface com.sleepyproject.sleepy_backend.repository.seller.SellerApplicationRepository; If you want this repository to be a Redis repository, consider annotating your entities with one of these annotations: org.springframework.data.redis.core.RedisHash (preferred), or consider extending one of the following types with your repository: org.springframework.data.keyvalue.repository.KeyValueRepository
2026-08-12 00:41:29.679 [main] INFO  o.s.d.r.c.RepositoryConfigurationDelegate - Finished Spring Data repository scanning in 32 ms. Found 2 Redis repository interfaces.
2026-08-12 00:41:31.480 [main] INFO  o.s.b.w.e.tomcat.TomcatWebServer - Tomcat initialized with port 8383 (http)
2026-08-12 00:41:31.507 [main] INFO  o.a.coyote.http11.Http11NioProtocol - Initializing ProtocolHandler ["http-nio-8383"]
2026-08-12 00:41:31.515 [main] INFO  o.a.catalina.core.StandardService - Starting service [Tomcat]
2026-08-12 00:41:31.516 [main] INFO  o.a.catalina.core.StandardEngine - Starting Servlet engine: [Apache Tomcat/10.1.31]
2026-08-12 00:41:31.608 [main] INFO  o.a.c.c.C.[Tomcat].[localhost].[/] - Initializing Spring embedded WebApplicationContext
2026-08-12 00:41:31.610 [main] INFO  o.s.b.w.s.c.ServletWebServerApplicationContext - Root WebApplicationContext: initialization completed in 4659 ms
2026-08-12 00:41:32.115 [main] INFO  com.zaxxer.hikari.HikariDataSource - HikariPool-1 - Starting...
2026-08-12 00:41:32.813 [main] INFO  com.zaxxer.hikari.pool.HikariPool - HikariPool-1 - Added connection com.mysql.cj.jdbc.ConnectionImpl@1d7f7962
2026-08-12 00:41:32.818 [main] INFO  com.zaxxer.hikari.HikariDataSource - HikariPool-1 - Start completed.
2026-08-12 00:41:32.960 [main] INFO  org.flywaydb.core.FlywayExecutor - Database: jdbc:mysql://localhost:3306/sleepy (MySQL 8.0)
2026-08-12 00:41:33.039 [main] INFO  o.f.c.i.s.JdbcTableSchemaHistory - Repair of failed migration in Schema History table `sleepy`.`flyway_schema_history` not necessary. No failed migration detected.
2026-08-12 00:41:33.066 [main] INFO  o.f.core.internal.command.DbRepair - Successfully repaired schema history table `sleepy`.`flyway_schema_history` (execution time 00:00.069s).
2026-08-12 00:41:33.112 [main] INFO  o.f.core.internal.command.DbValidate - Successfully validated 11 migrations (execution time 00:00.013s)
2026-08-12 00:41:33.138 [main] INFO  o.f.core.internal.command.DbMigrate - Current version of schema `sleepy`: 11
2026-08-12 00:41:33.146 [main] INFO  o.f.core.internal.command.DbMigrate - Schema `sleepy` is up to date. No migration necessary.
2026-08-12 00:41:33.329 [main] INFO  o.h.jpa.internal.util.LogHelper - HHH000204: Processing PersistenceUnitInfo [name: default]
2026-08-12 00:41:33.496 [main] INFO  org.hibernate.Version - HHH000412: Hibernate ORM core version 6.5.3.Final
2026-08-12 00:41:33.558 [main] INFO  o.h.c.i.RegionFactoryInitiator - HHH000026: Second-level cache disabled
2026-08-12 00:41:33.973 [main] INFO  o.s.o.j.p.SpringPersistenceUnitInfo - No LoadTimeWeaver setup: ignoring JPA class transformer
2026-08-12 00:41:34.140 [main] WARN  org.hibernate.orm.deprecation - HHH90000025: MySQL8Dialect does not need to be specified explicitly using 'hibernate.dialect' (remove the property setting and it will be selected by default)
2026-08-12 00:41:34.144 [main] WARN  org.hibernate.orm.deprecation - HHH90000026: MySQL8Dialect has been deprecated; use org.hibernate.dialect.MySQLDialect instead
2026-08-12 00:41:36.585 [main] INFO  o.h.e.t.j.p.i.JtaPlatformInitiator - HHH000489: No JTA platform available (set 'hibernate.transaction.jta.platform' to enable JTA platform integration)
2026-08-12 00:41:37.052 [main] INFO  o.s.o.j.LocalContainerEntityManagerFactoryBean - Initialized JPA EntityManagerFactory for persistence unit 'default'
2026-08-12 00:41:38.431 [main] INFO  o.s.d.j.r.query.QueryEnhancerFactory - Hibernate is in classpath; If applicable, HQL parser will be used.
2026-08-12 00:41:41.544 [main] WARN  o.s.b.a.o.j.JpaBaseConfiguration$JpaWebConfiguration - spring.jpa.open-in-view is enabled by default. Therefore, database queries may be performed during view rendering. Explicitly configure spring.jpa.open-in-view to disable this warning
2026-08-12 00:41:41.680 [main] TRACE o.s.s.c.a.a.c.AuthenticationConfiguration$EnableGlobalAuthenticationAutowiredConfigurer - Eagerly initializing {org.springframework.boot.autoconfigure.security.servlet.SpringBootWebSecurityConfiguration$WebSecurityEnablerConfiguration=org.springframework.boot.autoconfigure.security.servlet.SpringBootWebSecurityConfiguration$WebSecurityEnablerConfiguration@5356476a}
2026-08-12 00:41:41.682 [main] DEBUG o.s.s.c.a.a.c.AuthenticationConfiguration$DefaultPasswordEncoderAuthenticationManagerBuilder - No authenticationProviders and no parentAuthenticationManager defined. Returning null.
2026-08-12 00:41:42.247 [main] DEBUG o.s.s.web.DefaultSecurityFilterChain - Will secure any request with filters: DisableEncodeUrlFilter, WebAsyncManagerIntegrationFilter, SecurityContextHolderFilter, HeaderWriterFilter, CorsFilter, LogoutFilter, OAuth2AuthorizationRequestRedirectFilter, OAuth2LoginAuthenticationFilter, JwtFilter, RequestCacheAwareFilter, SecurityContextHolderAwareRequestFilter, AnonymousAuthenticationFilter, SessionManagementFilter, ExceptionTranslationFilter, AuthorizationFilter
2026-08-12 00:41:42.790 [main] INFO  o.a.coyote.http11.Http11NioProtocol - Starting ProtocolHandler ["http-nio-8383"]
2026-08-12 00:41:42.819 [main] INFO  o.s.b.w.e.tomcat.TomcatWebServer - Tomcat started on port 8383 (http) with context path '/'
2026-08-12 00:41:42.852 [main] INFO  c.s.s.SleepyBackendApplication - Started SleepyBackendApplication in 17.371 seconds (process running for 18.519)
2026-08-12 00:45:00.038 [scheduling-1] INFO  c.s.s.s.board.PostSyncScheduler - ==== Redis -> DB 동기화 스케줄러 시작 ====
2026-08-12 00:45:00.720 [scheduling-1] INFO  c.s.s.s.board.PostSyncScheduler - ==== Redis -> DB 동기화 완료 ====
2026-08-12 00:50:00.013 [scheduling-1] INFO  c.s.s.s.board.PostSyncScheduler - ==== Redis -> DB 동기화 스케줄러 시작 ====
2026-08-12 00:50:00.172 [scheduling-1] INFO  c.s.s.s.board.PostSyncScheduler - ==== Redis -> DB 동기화 완료 ====
2026-08-12 00:55:00.015 [scheduling-1] INFO  c.s.s.s.board.PostSyncScheduler - ==== Redis -> DB 동기화 스케줄러 시작 ====
2026-08-12 00:55:00.188 [scheduling-1] INFO  c.s.s.s.board.PostSyncScheduler - ==== Redis -> DB 동기화 완료 ====
2026-08-12 01:00:00.010 [scheduling-1] INFO  c.s.s.s.board.PostSyncScheduler - ==== Redis -> DB 동기화 스케줄러 시작 ====
2026-08-12 01:00:00.176 [scheduling-1] INFO  c.s.s.s.board.PostSyncScheduler - ==== Redis -> DB 동기화 완료 ====
2026-08-12 01:00:00.179 [scheduling-1] INFO  c.s.s.s.board.PostScoreScheduler - Starting scheduled task to update Post Popularity Scores...
2026-08-12 01:00:00.276 [scheduling-1] INFO  c.s.s.s.board.PostScoreScheduler - Finished updating popularity scores for 20 posts.
2026-08-12 01:05:00.006 [scheduling-1] INFO  c.s.s.s.board.PostSyncScheduler - ==== Redis -> DB 동기화 스케줄러 시작 ====
2026-08-12 01:05:00.173 [scheduling-1] INFO  c.s.s.s.board.PostSyncScheduler - ==== Redis -> DB 동기화 완료 ====
2026-08-12 01:10:00.009 [scheduling-1] INFO  c.s.s.s.board.PostSyncScheduler - ==== Redis -> DB 동기화 스케줄러 시작 ====
2026-08-12 01:10:00.184 [scheduling-1] INFO  c.s.s.s.board.PostSyncScheduler - ==== Redis -> DB 동기화 완료 ====
2026-08-12 01:15:00.012 [scheduling-1] INFO  c.s.s.s.board.PostSyncScheduler - ==== Redis -> DB 동기화 스케줄러 시작 ====
2026-08-12 01:15:00.188 [scheduling-1] INFO  c.s.s.s.board.PostSyncScheduler - ==== Redis -> DB 동기화 완료 ====
2026-08-12 01:20:00.003 [scheduling-1] INFO  c.s.s.s.board.PostSyncScheduler - ==== Redis -> DB 동기화 스케줄러 시작 ====
2026-08-12 01:20:00.180 [scheduling-1] INFO  c.s.s.s.board.PostSyncScheduler - ==== Redis -> DB 동기화 완료 ====
2026-08-12 01:25:00.003 [scheduling-1] INFO  c.s.s.s.board.PostSyncScheduler - ==== Redis -> DB 동기화 스케줄러 시작 ====
2026-08-12 01:25:00.230 [scheduling-1] INFO  c.s.s.s.board.PostSyncScheduler - ==== Redis -> DB 동기화 완료 ====
2026-08-12 01:30:00.016 [scheduling-1] INFO  c.s.s.s.board.PostSyncScheduler - ==== Redis -> DB 동기화 스케줄러 시작 ====
2026-08-12 01:30:00.192 [scheduling-1] INFO  c.s.s.s.board.PostSyncScheduler - ==== Redis -> DB 동기화 완료 ====
2026-08-12 01:32:37.497 [http-nio-8383-exec-1] INFO  o.a.c.c.C.[Tomcat].[localhost].[/] - Initializing Spring DispatcherServlet 'dispatcherServlet'
2026-08-12 01:32:37.498 [http-nio-8383-exec-1] INFO  o.s.web.servlet.DispatcherServlet - Initializing Servlet 'dispatcherServlet'
2026-08-12 01:32:37.512 [http-nio-8383-exec-1] INFO  o.s.web.servlet.DispatcherServlet - Completed initialization in 13 ms
2026-08-12 01:32:37.566 [http-nio-8383-exec-1] TRACE o.s.security.web.FilterChainProxy - Trying to match request against DefaultSecurityFilterChain [RequestMatcher=any request, Filters=[org.springframework.security.web.session.DisableEncodeUrlFilter@70c1092a, org.springframework.security.web.context.request.async.WebAsyncManagerIntegrationFilter@6b51ae08, org.springframework.security.web.context.SecurityContextHolderFilter@57c369e8, org.springframework.security.web.header.HeaderWriterFilter@271ab510, org.springframework.web.filter.CorsFilter@5096c1ce, org.springframework.security.web.authentication.logout.LogoutFilter@38bc128d, org.springframework.security.oauth2.client.web.OAuth2AuthorizationRequestRedirectFilter@27d45d8, org.springframework.security.oauth2.client.web.OAuth2LoginAuthenticationFilter@47bd0384, com.sleepyproject.sleepy_backend.config.JwtFilter@6a3b205, org.springframework.security.web.savedrequest.RequestCacheAwareFilter@1a4f2755, org.springframework.security.web.servletapi.SecurityContextHolderAwareRequestFilter@1e81c8c5, org.springframework.security.web.authentication.AnonymousAuthenticationFilter@1d2258b5, org.springframework.security.web.session.SessionManagementFilter@6fa3905b, org.springframework.security.web.access.ExceptionTranslationFilter@7c7e0c55, org.springframework.security.web.access.intercept.AuthorizationFilter@6f6e3748]] (1/1)
2026-08-12 01:32:37.568 [http-nio-8383-exec-1] DEBUG o.s.security.web.FilterChainProxy - Securing GET /api/board/posts?keyword=&page=0&size=20&sort=popularityScore,desc&type=ALL
2026-08-12 01:32:37.570 [http-nio-8383-exec-1] TRACE o.s.security.web.FilterChainProxy - Invoking DisableEncodeUrlFilter (1/15)
2026-08-12 01:32:37.571 [http-nio-8383-exec-1] TRACE o.s.security.web.FilterChainProxy - Invoking WebAsyncManagerIntegrationFilter (2/15)
2026-08-12 01:32:37.579 [http-nio-8383-exec-1] TRACE o.s.security.web.FilterChainProxy - Invoking SecurityContextHolderFilter (3/15)
2026-08-12 01:32:37.581 [http-nio-8383-exec-1] TRACE o.s.security.web.FilterChainProxy - Invoking HeaderWriterFilter (4/15)
2026-08-12 01:32:37.585 [http-nio-8383-exec-1] TRACE o.s.security.web.FilterChainProxy - Invoking CorsFilter (5/15)
2026-08-12 01:32:37.587 [http-nio-8383-exec-1] TRACE o.s.security.web.FilterChainProxy - Invoking LogoutFilter (6/15)
2026-08-12 01:32:37.588 [http-nio-8383-exec-1] TRACE o.s.s.w.a.logout.LogoutFilter - Did not match request to Or [Ant [pattern='/logout', GET], Ant [pattern='/logout', POST], Ant [pattern='/logout', PUT], Ant [pattern='/logout', DELETE]]
2026-08-12 01:32:37.588 [http-nio-8383-exec-1] TRACE o.s.security.web.FilterChainProxy - Invoking OAuth2AuthorizationRequestRedirectFilter (7/15)
2026-08-12 01:32:37.589 [http-nio-8383-exec-1] TRACE o.s.security.web.FilterChainProxy - Invoking OAuth2LoginAuthenticationFilter (8/15)
2026-08-12 01:32:37.589 [http-nio-8383-exec-1] TRACE o.s.s.o.c.w.OAuth2LoginAuthenticationFilter - Did not match request to Ant [pattern='/login/oauth2/code/*']
2026-08-12 01:32:37.589 [http-nio-8383-exec-1] TRACE o.s.security.web.FilterChainProxy - Invoking JwtFilter (9/15)
2026-08-12 01:32:37.817 [http-nio-8383-exec-1] TRACE o.s.security.web.FilterChainProxy - Invoking RequestCacheAwareFilter (10/15)
2026-08-12 01:32:37.818 [http-nio-8383-exec-1] TRACE o.s.security.web.FilterChainProxy - Invoking SecurityContextHolderAwareRequestFilter (11/15)
2026-08-12 01:32:37.821 [http-nio-8383-exec-1] TRACE o.s.security.web.FilterChainProxy - Invoking AnonymousAuthenticationFilter (12/15)
2026-08-12 01:32:37.822 [http-nio-8383-exec-1] TRACE o.s.security.web.FilterChainProxy - Invoking SessionManagementFilter (13/15)
2026-08-12 01:32:37.823 [http-nio-8383-exec-1] TRACE o.s.s.w.c.SupplierDeferredSecurityContext - Created SecurityContextImpl [Null authentication]
2026-08-12 01:32:37.826 [http-nio-8383-exec-1] TRACE o.s.s.w.a.AnonymousAuthenticationFilter - Set SecurityContextHolder to AnonymousAuthenticationToken [Principal=anonymousUser, Credentials=[PROTECTED], Authenticated=true, Details=WebAuthenticationDetails [RemoteIpAddress=0:0:0:0:0:0:0:1, SessionId=null], Granted Authorities=[ROLE_ANONYMOUS]]
2026-08-12 01:32:37.826 [http-nio-8383-exec-1] TRACE o.s.security.web.FilterChainProxy - Invoking ExceptionTranslationFilter (14/15)
2026-08-12 01:32:37.826 [http-nio-8383-exec-1] TRACE o.s.security.web.FilterChainProxy - Invoking AuthorizationFilter (15/15)
2026-08-12 01:32:37.827 [http-nio-8383-exec-1] TRACE o.s.s.w.a.i.RequestMatcherDelegatingAuthorizationManager - Authorizing GET /api/board/posts?keyword=&page=0&size=20&sort=popularityScore,desc&type=ALL
2026-08-12 01:32:37.829 [http-nio-8383-exec-1] TRACE o.s.s.w.a.i.RequestMatcherDelegatingAuthorizationManager - Checking authorization on GET /api/board/posts?keyword=&page=0&size=20&sort=popularityScore,desc&type=ALL using org.springframework.security.config.annotation.web.configurers.AuthorizeHttpRequestsConfigurer$$Lambda/0x000001e742def428@32a15f82
2026-08-12 01:32:37.831 [http-nio-8383-exec-1] DEBUG o.s.security.web.FilterChainProxy - Secured GET /api/board/posts?keyword=&page=0&size=20&sort=popularityScore,desc&type=ALL
2026-08-12 01:32:38.313 [http-nio-8383-exec-1] WARN  o.s.d.w.c.SpringDataJacksonConfiguration$PageModule$WarningLoggingModifier - Serializing PageImpl instances as-is is not supported, meaning that there is no guarantee about the stability of the resulting JSON structure!
	For a stable JSON structure, please use Spring Data's PagedModel (globally via @EnableSpringDataWebSupport(pageSerializationMode = VIA_DTO))
	or Spring HATEOAS and Spring Data's PagedResourcesAssembler as documented in https://docs.spring.io/spring-data/commons/reference/repositories/core-extensions.html#core.web.pageables.

2026-08-12 01:32:38.389 [http-nio-8383-exec-1] TRACE o.s.s.w.h.writers.HstsHeaderWriter - Not injecting HSTS header since it did not match request to [Is Secure]
2026-08-12 01:32:38.402 [http-nio-8383-exec-2] TRACE o.s.security.web.FilterChainProxy - Trying to match request against DefaultSecurityFilterChain [RequestMatcher=any request, Filters=[org.springframework.security.web.session.DisableEncodeUrlFilter@70c1092a, org.springframework.security.web.context.request.async.WebAsyncManagerIntegrationFilter@6b51ae08, org.springframework.security.web.context.SecurityContextHolderFilter@57c369e8, org.springframework.security.web.header.HeaderWriterFilter@271ab510, org.springframework.web.filter.CorsFilter@5096c1ce, org.springframework.security.web.authentication.logout.LogoutFilter@38bc128d, org.springframework.security.oauth2.client.web.OAuth2AuthorizationRequestRedirectFilter@27d45d8, org.springframework.security.oauth2.client.web.OAuth2LoginAuthenticationFilter@47bd0384, com.sleepyproject.sleepy_backend.config.JwtFilter@6a3b205, org.springframework.security.web.savedrequest.RequestCacheAwareFilter@1a4f2755, org.springframework.security.web.servletapi.SecurityContextHolderAwareRequestFilter@1e81c8c5, org.springframework.security.web.authentication.AnonymousAuthenticationFilter@1d2258b5, org.springframework.security.web.session.SessionManagementFilter@6fa3905b, org.springframework.security.web.access.ExceptionTranslationFilter@7c7e0c55, org.springframework.security.web.access.intercept.AuthorizationFilter@6f6e3748]] (1/1)
2026-08-12 01:32:38.402 [http-nio-8383-exec-2] DEBUG o.s.security.web.FilterChainProxy - Securing GET /api/board/posts?keyword=&page=0&size=20&sort=popularityScore,desc&type=ALL
2026-08-12 01:32:38.403 [http-nio-8383-exec-2] TRACE o.s.security.web.FilterChainProxy - Invoking DisableEncodeUrlFilter (1/15)
2026-08-12 01:32:38.403 [http-nio-8383-exec-2] TRACE o.s.security.web.FilterChainProxy - Invoking WebAsyncManagerIntegrationFilter (2/15)
2026-08-12 01:32:38.403 [http-nio-8383-exec-2] TRACE o.s.security.web.FilterChainProxy - Invoking SecurityContextHolderFilter (3/15)
2026-08-12 01:32:38.403 [http-nio-8383-exec-2] TRACE o.s.security.web.FilterChainProxy - Invoking HeaderWriterFilter (4/15)
2026-08-12 01:32:38.403 [http-nio-8383-exec-2] TRACE o.s.security.web.FilterChainProxy - Invoking CorsFilter (5/15)
2026-08-12 01:32:38.403 [http-nio-8383-exec-2] TRACE o.s.security.web.FilterChainProxy - Invoking LogoutFilter (6/15)
2026-08-12 01:32:38.403 [http-nio-8383-exec-2] TRACE o.s.s.w.a.logout.LogoutFilter - Did not match request to Or [Ant [pattern='/logout', GET], Ant [pattern='/logout', POST], Ant [pattern='/logout', PUT], Ant [pattern='/logout', DELETE]]
2026-08-12 01:32:38.404 [http-nio-8383-exec-2] TRACE o.s.security.web.FilterChainProxy - Invoking OAuth2AuthorizationRequestRedirectFilter (7/15)
2026-08-12 01:32:38.404 [http-nio-8383-exec-2] TRACE o.s.security.web.FilterChainProxy - Invoking OAuth2LoginAuthenticationFilter (8/15)
2026-08-12 01:32:38.404 [http-nio-8383-exec-2] TRACE o.s.s.o.c.w.OAuth2LoginAuthenticationFilter - Did not match request to Ant [pattern='/login/oauth2/code/*']
2026-08-12 01:32:38.404 [http-nio-8383-exec-2] TRACE o.s.security.web.FilterChainProxy - Invoking JwtFilter (9/15)
2026-08-12 01:32:38.410 [http-nio-8383-exec-2] TRACE o.s.security.web.FilterChainProxy - Invoking RequestCacheAwareFilter (10/15)
2026-08-12 01:32:38.411 [http-nio-8383-exec-2] TRACE o.s.security.web.FilterChainProxy - Invoking SecurityContextHolderAwareRequestFilter (11/15)
2026-08-12 01:32:38.411 [http-nio-8383-exec-2] TRACE o.s.security.web.FilterChainProxy - Invoking AnonymousAuthenticationFilter (12/15)
2026-08-12 01:32:38.411 [http-nio-8383-exec-2] TRACE o.s.security.web.FilterChainProxy - Invoking SessionManagementFilter (13/15)
2026-08-12 01:32:38.411 [http-nio-8383-exec-2] TRACE o.s.s.w.c.SupplierDeferredSecurityContext - Created SecurityContextImpl [Null authentication]
2026-08-12 01:32:38.411 [http-nio-8383-exec-2] TRACE o.s.s.w.a.AnonymousAuthenticationFilter - Set SecurityContextHolder to AnonymousAuthenticationToken [Principal=anonymousUser, Credentials=[PROTECTED], Authenticated=true, Details=WebAuthenticationDetails [RemoteIpAddress=0:0:0:0:0:0:0:1, SessionId=null], Granted Authorities=[ROLE_ANONYMOUS]]
2026-08-12 01:32:38.412 [http-nio-8383-exec-2] TRACE o.s.security.web.FilterChainProxy - Invoking ExceptionTranslationFilter (14/15)
2026-08-12 01:32:38.412 [http-nio-8383-exec-2] TRACE o.s.security.web.FilterChainProxy - Invoking AuthorizationFilter (15/15)
2026-08-12 01:32:38.412 [http-nio-8383-exec-2] TRACE o.s.s.w.a.i.RequestMatcherDelegatingAuthorizationManager - Authorizing GET /api/board/posts?keyword=&page=0&size=20&sort=popularityScore,desc&type=ALL
2026-08-12 01:32:38.412 [http-nio-8383-exec-2] TRACE o.s.s.w.a.i.RequestMatcherDelegatingAuthorizationManager - Checking authorization on GET /api/board/posts?keyword=&page=0&size=20&sort=popularityScore,desc&type=ALL using org.springframework.security.config.annotation.web.configurers.AuthorizeHttpRequestsConfigurer$$Lambda/0x000001e742def428@32a15f82
2026-08-12 01:32:38.412 [http-nio-8383-exec-2] DEBUG o.s.security.web.FilterChainProxy - Secured GET /api/board/posts?keyword=&page=0&size=20&sort=popularityScore,desc&type=ALL
2026-08-12 01:32:38.654 [http-nio-8383-exec-2] TRACE o.s.s.w.h.writers.HstsHeaderWriter - Not injecting HSTS header since it did not match request to [Is Secure]
2026-08-12 01:32:39.737 [http-nio-8383-exec-3] TRACE o.s.security.web.FilterChainProxy - Trying to match request against DefaultSecurityFilterChain [RequestMatcher=any request, Filters=[org.springframework.security.web.session.DisableEncodeUrlFilter@70c1092a, org.springframework.security.web.context.request.async.WebAsyncManagerIntegrationFilter@6b51ae08, org.springframework.security.web.context.SecurityContextHolderFilter@57c369e8, org.springframework.security.web.header.HeaderWriterFilter@271ab510, org.springframework.web.filter.CorsFilter@5096c1ce, org.springframework.security.web.authentication.logout.LogoutFilter@38bc128d, org.springframework.security.oauth2.client.web.OAuth2AuthorizationRequestRedirectFilter@27d45d8, org.springframework.security.oauth2.client.web.OAuth2LoginAuthenticationFilter@47bd0384, com.sleepyproject.sleepy_backend.config.JwtFilter@6a3b205, org.springframework.security.web.savedrequest.RequestCacheAwareFilter@1a4f2755, org.springframework.security.web.servletapi.SecurityContextHolderAwareRequestFilter@1e81c8c5, org.springframework.security.web.authentication.AnonymousAuthenticationFilter@1d2258b5, org.springframework.security.web.session.SessionManagementFilter@6fa3905b, org.springframework.security.web.access.ExceptionTranslationFilter@7c7e0c55, org.springframework.security.web.access.intercept.AuthorizationFilter@6f6e3748]] (1/1)
2026-08-12 01:32:39.737 [http-nio-8383-exec-3] DEBUG o.s.security.web.FilterChainProxy - Securing GET /api/board/posts?keyword=&page=0&size=50&sort=createdAt,desc&type=MEDIA
2026-08-12 01:32:39.738 [http-nio-8383-exec-3] TRACE o.s.security.web.FilterChainProxy - Invoking DisableEncodeUrlFilter (1/15)
2026-08-12 01:32:39.738 [http-nio-8383-exec-3] TRACE o.s.security.web.FilterChainProxy - Invoking WebAsyncManagerIntegrationFilter (2/15)
2026-08-12 01:32:39.738 [http-nio-8383-exec-3] TRACE o.s.security.web.FilterChainProxy - Invoking SecurityContextHolderFilter (3/15)
2026-08-12 01:32:39.738 [http-nio-8383-exec-3] TRACE o.s.security.web.FilterChainProxy - Invoking HeaderWriterFilter (4/15)
2026-08-12 01:32:39.738 [http-nio-8383-exec-3] TRACE o.s.security.web.FilterChainProxy - Invoking CorsFilter (5/15)
2026-08-12 01:32:39.738 [http-nio-8383-exec-3] TRACE o.s.security.web.FilterChainProxy - Invoking LogoutFilter (6/15)
2026-08-12 01:32:39.739 [http-nio-8383-exec-3] TRACE o.s.s.w.a.logout.LogoutFilter - Did not match request to Or [Ant [pattern='/logout', GET], Ant [pattern='/logout', POST], Ant [pattern='/logout', PUT], Ant [pattern='/logout', DELETE]]
2026-08-12 01:32:39.739 [http-nio-8383-exec-3] TRACE o.s.security.web.FilterChainProxy - Invoking OAuth2AuthorizationRequestRedirectFilter (7/15)
2026-08-12 01:32:39.739 [http-nio-8383-exec-3] TRACE o.s.security.web.FilterChainProxy - Invoking OAuth2LoginAuthenticationFilter (8/15)
2026-08-12 01:32:39.739 [http-nio-8383-exec-3] TRACE o.s.s.o.c.w.OAuth2LoginAuthenticationFilter - Did not match request to Ant [pattern='/login/oauth2/code/*']
2026-08-12 01:32:39.739 [http-nio-8383-exec-3] TRACE o.s.security.web.FilterChainProxy - Invoking JwtFilter (9/15)
2026-08-12 01:32:39.745 [http-nio-8383-exec-3] TRACE o.s.security.web.FilterChainProxy - Invoking RequestCacheAwareFilter (10/15)
2026-08-12 01:32:39.745 [http-nio-8383-exec-3] TRACE o.s.security.web.FilterChainProxy - Invoking SecurityContextHolderAwareRequestFilter (11/15)
2026-08-12 01:32:39.745 [http-nio-8383-exec-3] TRACE o.s.security.web.FilterChainProxy - Invoking AnonymousAuthenticationFilter (12/15)
2026-08-12 01:32:39.745 [http-nio-8383-exec-3] TRACE o.s.security.web.FilterChainProxy - Invoking SessionManagementFilter (13/15)
2026-08-12 01:32:39.745 [http-nio-8383-exec-3] TRACE o.s.s.w.c.SupplierDeferredSecurityContext - Created SecurityContextImpl [Null authentication]
2026-08-12 01:32:39.745 [http-nio-8383-exec-3] TRACE o.s.s.w.a.AnonymousAuthenticationFilter - Set SecurityContextHolder to AnonymousAuthenticationToken [Principal=anonymousUser, Credentials=[PROTECTED], Authenticated=true, Details=WebAuthenticationDetails [RemoteIpAddress=0:0:0:0:0:0:0:1, SessionId=null], Granted Authorities=[ROLE_ANONYMOUS]]
2026-08-12 01:32:39.745 [http-nio-8383-exec-3] TRACE o.s.security.web.FilterChainProxy - Invoking ExceptionTranslationFilter (14/15)
2026-08-12 01:32:39.746 [http-nio-8383-exec-3] TRACE o.s.security.web.FilterChainProxy - Invoking AuthorizationFilter (15/15)
2026-08-12 01:32:39.746 [http-nio-8383-exec-3] TRACE o.s.s.w.a.i.RequestMatcherDelegatingAuthorizationManager - Authorizing GET /api/board/posts?keyword=&page=0&size=50&sort=createdAt,desc&type=MEDIA
2026-08-12 01:32:39.746 [http-nio-8383-exec-3] TRACE o.s.s.w.a.i.RequestMatcherDelegatingAuthorizationManager - Checking authorization on GET /api/board/posts?keyword=&page=0&size=50&sort=createdAt,desc&type=MEDIA using org.springframework.security.config.annotation.web.configurers.AuthorizeHttpRequestsConfigurer$$Lambda/0x000001e742def428@32a15f82
2026-08-12 01:32:39.746 [http-nio-8383-exec-3] DEBUG o.s.security.web.FilterChainProxy - Secured GET /api/board/posts?keyword=&page=0&size=50&sort=createdAt,desc&type=MEDIA
2026-08-12 01:32:39.939 [http-nio-8383-exec-3] TRACE o.s.s.w.h.writers.HstsHeaderWriter - Not injecting HSTS header since it did not match request to [Is Secure]
2026-08-12 01:32:39.954 [http-nio-8383-exec-4] TRACE o.s.security.web.FilterChainProxy - Trying to match request against DefaultSecurityFilterChain [RequestMatcher=any request, Filters=[org.springframework.security.web.session.DisableEncodeUrlFilter@70c1092a, org.springframework.security.web.context.request.async.WebAsyncManagerIntegrationFilter@6b51ae08, org.springframework.security.web.context.SecurityContextHolderFilter@57c369e8, org.springframework.security.web.header.HeaderWriterFilter@271ab510, org.springframework.web.filter.CorsFilter@5096c1ce, org.springframework.security.web.authentication.logout.LogoutFilter@38bc128d, org.springframework.security.oauth2.client.web.OAuth2AuthorizationRequestRedirectFilter@27d45d8, org.springframework.security.oauth2.client.web.OAuth2LoginAuthenticationFilter@47bd0384, com.sleepyproject.sleepy_backend.config.JwtFilter@6a3b205, org.springframework.security.web.savedrequest.RequestCacheAwareFilter@1a4f2755, org.springframework.security.web.servletapi.SecurityContextHolderAwareRequestFilter@1e81c8c5, org.springframework.security.web.authentication.AnonymousAuthenticationFilter@1d2258b5, org.springframework.security.web.session.SessionManagementFilter@6fa3905b, org.springframework.security.web.access.ExceptionTranslationFilter@7c7e0c55, org.springframework.security.web.access.intercept.AuthorizationFilter@6f6e3748]] (1/1)
2026-08-12 01:32:39.954 [http-nio-8383-exec-4] DEBUG o.s.security.web.FilterChainProxy - Securing GET /api/board/posts?keyword=&page=0&size=50&sort=createdAt,desc&type=MEDIA
2026-08-12 01:32:39.955 [http-nio-8383-exec-4] TRACE o.s.security.web.FilterChainProxy - Invoking DisableEncodeUrlFilter (1/15)
2026-08-12 01:32:39.955 [http-nio-8383-exec-4] TRACE o.s.security.web.FilterChainProxy - Invoking WebAsyncManagerIntegrationFilter (2/15)
2026-08-12 01:32:39.955 [http-nio-8383-exec-4] TRACE o.s.security.web.FilterChainProxy - Invoking SecurityContextHolderFilter (3/15)
2026-08-12 01:32:39.955 [http-nio-8383-exec-4] TRACE o.s.security.web.FilterChainProxy - Invoking HeaderWriterFilter (4/15)
2026-08-12 01:32:39.955 [http-nio-8383-exec-4] TRACE o.s.security.web.FilterChainProxy - Invoking CorsFilter (5/15)
2026-08-12 01:32:39.955 [http-nio-8383-exec-4] TRACE o.s.security.web.FilterChainProxy - Invoking LogoutFilter (6/15)
2026-08-12 01:32:39.956 [http-nio-8383-exec-4] TRACE o.s.s.w.a.logout.LogoutFilter - Did not match request to Or [Ant [pattern='/logout', GET], Ant [pattern='/logout', POST], Ant [pattern='/logout', PUT], Ant [pattern='/logout', DELETE]]
2026-08-12 01:32:39.956 [http-nio-8383-exec-4] TRACE o.s.security.web.FilterChainProxy - Invoking OAuth2AuthorizationRequestRedirectFilter (7/15)
2026-08-12 01:32:39.956 [http-nio-8383-exec-4] TRACE o.s.security.web.FilterChainProxy - Invoking OAuth2LoginAuthenticationFilter (8/15)
2026-08-12 01:32:39.956 [http-nio-8383-exec-4] TRACE o.s.s.o.c.w.OAuth2LoginAuthenticationFilter - Did not match request to Ant [pattern='/login/oauth2/code/*']
2026-08-12 01:32:39.956 [http-nio-8383-exec-4] TRACE o.s.security.web.FilterChainProxy - Invoking JwtFilter (9/15)
2026-08-12 01:32:39.962 [http-nio-8383-exec-4] TRACE o.s.security.web.FilterChainProxy - Invoking RequestCacheAwareFilter (10/15)
2026-08-12 01:32:39.962 [http-nio-8383-exec-4] TRACE o.s.security.web.FilterChainProxy - Invoking SecurityContextHolderAwareRequestFilter (11/15)
2026-08-12 01:32:39.962 [http-nio-8383-exec-4] TRACE o.s.security.web.FilterChainProxy - Invoking AnonymousAuthenticationFilter (12/15)
2026-08-12 01:32:39.962 [http-nio-8383-exec-4] TRACE o.s.security.web.FilterChainProxy - Invoking SessionManagementFilter (13/15)
2026-08-12 01:32:39.962 [http-nio-8383-exec-4] TRACE o.s.s.w.c.SupplierDeferredSecurityContext - Created SecurityContextImpl [Null authentication]
2026-08-12 01:32:39.962 [http-nio-8383-exec-4] TRACE o.s.s.w.a.AnonymousAuthenticationFilter - Set SecurityContextHolder to AnonymousAuthenticationToken [Principal=anonymousUser, Credentials=[PROTECTED], Authenticated=true, Details=WebAuthenticationDetails [RemoteIpAddress=0:0:0:0:0:0:0:1, SessionId=null], Granted Authorities=[ROLE_ANONYMOUS]]
2026-08-12 01:32:39.962 [http-nio-8383-exec-4] TRACE o.s.security.web.FilterChainProxy - Invoking ExceptionTranslationFilter (14/15)
2026-08-12 01:32:39.962 [http-nio-8383-exec-4] TRACE o.s.security.web.FilterChainProxy - Invoking AuthorizationFilter (15/15)
2026-08-12 01:32:39.963 [http-nio-8383-exec-4] TRACE o.s.s.w.a.i.RequestMatcherDelegatingAuthorizationManager - Authorizing GET /api/board/posts?keyword=&page=0&size=50&sort=createdAt,desc&type=MEDIA
2026-08-12 01:32:39.963 [http-nio-8383-exec-4] TRACE o.s.s.w.a.i.RequestMatcherDelegatingAuthorizationManager - Checking authorization on GET /api/board/posts?keyword=&page=0&size=50&sort=createdAt,desc&type=MEDIA using org.springframework.security.config.annotation.web.configurers.AuthorizeHttpRequestsConfigurer$$Lambda/0x000001e742def428@32a15f82
2026-08-12 01:32:39.963 [http-nio-8383-exec-4] DEBUG o.s.security.web.FilterChainProxy - Secured GET /api/board/posts?keyword=&page=0&size=50&sort=createdAt,desc&type=MEDIA
2026-08-12 01:32:40.192 [http-nio-8383-exec-4] TRACE o.s.s.w.h.writers.HstsHeaderWriter - Not injecting HSTS header since it did not match request to [Is Secure]
2026-08-12 01:32:41.932 [http-nio-8383-exec-5] TRACE o.s.security.web.FilterChainProxy - Trying to match request against DefaultSecurityFilterChain [RequestMatcher=any request, Filters=[org.springframework.security.web.session.DisableEncodeUrlFilter@70c1092a, org.springframework.security.web.context.request.async.WebAsyncManagerIntegrationFilter@6b51ae08, org.springframework.security.web.context.SecurityContextHolderFilter@57c369e8, org.springframework.security.web.header.HeaderWriterFilter@271ab510, org.springframework.web.filter.CorsFilter@5096c1ce, org.springframework.security.web.authentication.logout.LogoutFilter@38bc128d, org.springframework.security.oauth2.client.web.OAuth2AuthorizationRequestRedirectFilter@27d45d8, org.springframework.security.oauth2.client.web.OAuth2LoginAuthenticationFilter@47bd0384, com.sleepyproject.sleepy_backend.config.JwtFilter@6a3b205, org.springframework.security.web.savedrequest.RequestCacheAwareFilter@1a4f2755, org.springframework.security.web.servletapi.SecurityContextHolderAwareRequestFilter@1e81c8c5, org.springframework.security.web.authentication.AnonymousAuthenticationFilter@1d2258b5, org.springframework.security.web.session.SessionManagementFilter@6fa3905b, org.springframework.security.web.access.ExceptionTranslationFilter@7c7e0c55, org.springframework.security.web.access.intercept.AuthorizationFilter@6f6e3748]] (1/1)
2026-08-12 01:32:41.932 [http-nio-8383-exec-5] DEBUG o.s.security.web.FilterChainProxy - Securing GET /api/board/posts?keyword=&page=0&size=20&sort=popularityScore,desc&type=ALL
2026-08-12 01:32:41.933 [http-nio-8383-exec-5] TRACE o.s.security.web.FilterChainProxy - Invoking DisableEncodeUrlFilter (1/15)
2026-08-12 01:32:41.934 [http-nio-8383-exec-5] TRACE o.s.security.web.FilterChainProxy - Invoking WebAsyncManagerIntegrationFilter (2/15)
2026-08-12 01:32:41.934 [http-nio-8383-exec-5] TRACE o.s.security.web.FilterChainProxy - Invoking SecurityContextHolderFilter (3/15)
2026-08-12 01:32:41.935 [http-nio-8383-exec-5] TRACE o.s.security.web.FilterChainProxy - Invoking HeaderWriterFilter (4/15)
2026-08-12 01:32:41.935 [http-nio-8383-exec-5] TRACE o.s.security.web.FilterChainProxy - Invoking CorsFilter (5/15)
2026-08-12 01:32:41.935 [http-nio-8383-exec-5] TRACE o.s.security.web.FilterChainProxy - Invoking LogoutFilter (6/15)
2026-08-12 01:32:41.935 [http-nio-8383-exec-5] TRACE o.s.s.w.a.logout.LogoutFilter - Did not match request to Or [Ant [pattern='/logout', GET], Ant [pattern='/logout', POST], Ant [pattern='/logout', PUT], Ant [pattern='/logout', DELETE]]
2026-08-12 01:32:41.935 [http-nio-8383-exec-5] TRACE o.s.security.web.FilterChainProxy - Invoking OAuth2AuthorizationRequestRedirectFilter (7/15)
2026-08-12 01:32:41.935 [http-nio-8383-exec-5] TRACE o.s.security.web.FilterChainProxy - Invoking OAuth2LoginAuthenticationFilter (8/15)
2026-08-12 01:32:41.935 [http-nio-8383-exec-5] TRACE o.s.s.o.c.w.OAuth2LoginAuthenticationFilter - Did not match request to Ant [pattern='/login/oauth2/code/*']
2026-08-12 01:32:41.936 [http-nio-8383-exec-5] TRACE o.s.security.web.FilterChainProxy - Invoking JwtFilter (9/15)
2026-08-12 01:32:41.945 [http-nio-8383-exec-5] TRACE o.s.security.web.FilterChainProxy - Invoking RequestCacheAwareFilter (10/15)
2026-08-12 01:32:41.946 [http-nio-8383-exec-5] TRACE o.s.security.web.FilterChainProxy - Invoking SecurityContextHolderAwareRequestFilter (11/15)
2026-08-12 01:32:41.946 [http-nio-8383-exec-5] TRACE o.s.security.web.FilterChainProxy - Invoking AnonymousAuthenticationFilter (12/15)
2026-08-12 01:32:41.946 [http-nio-8383-exec-5] TRACE o.s.security.web.FilterChainProxy - Invoking SessionManagementFilter (13/15)
2026-08-12 01:32:41.946 [http-nio-8383-exec-5] TRACE o.s.s.w.c.SupplierDeferredSecurityContext - Created SecurityContextImpl [Null authentication]
2026-08-12 01:32:41.946 [http-nio-8383-exec-5] TRACE o.s.s.w.a.AnonymousAuthenticationFilter - Set SecurityContextHolder to AnonymousAuthenticationToken [Principal=anonymousUser, Credentials=[PROTECTED], Authenticated=true, Details=WebAuthenticationDetails [RemoteIpAddress=0:0:0:0:0:0:0:1, SessionId=null], Granted Authorities=[ROLE_ANONYMOUS]]
2026-08-12 01:32:41.947 [http-nio-8383-exec-5] TRACE o.s.security.web.FilterChainProxy - Invoking ExceptionTranslationFilter (14/15)
2026-08-12 01:32:41.947 [http-nio-8383-exec-5] TRACE o.s.security.web.FilterChainProxy - Invoking AuthorizationFilter (15/15)
2026-08-12 01:32:41.947 [http-nio-8383-exec-5] TRACE o.s.s.w.a.i.RequestMatcherDelegatingAuthorizationManager - Authorizing GET /api/board/posts?keyword=&page=0&size=20&sort=popularityScore,desc&type=ALL
2026-08-12 01:32:41.948 [http-nio-8383-exec-5] TRACE o.s.s.w.a.i.RequestMatcherDelegatingAuthorizationManager - Checking authorization on GET /api/board/posts?keyword=&page=0&size=20&sort=popularityScore,desc&type=ALL using org.springframework.security.config.annotation.web.configurers.AuthorizeHttpRequestsConfigurer$$Lambda/0x000001e742def428@32a15f82
2026-08-12 01:32:41.948 [http-nio-8383-exec-5] DEBUG o.s.security.web.FilterChainProxy - Secured GET /api/board/posts?keyword=&page=0&size=20&sort=popularityScore,desc&type=ALL
2026-08-12 01:32:42.157 [http-nio-8383-exec-5] TRACE o.s.s.w.h.writers.HstsHeaderWriter - Not injecting HSTS header since it did not match request to [Is Secure]
2026-08-12 01:32:42.166 [http-nio-8383-exec-6] TRACE o.s.security.web.FilterChainProxy - Trying to match request against DefaultSecurityFilterChain [RequestMatcher=any request, Filters=[org.springframework.security.web.session.DisableEncodeUrlFilter@70c1092a, org.springframework.security.web.context.request.async.WebAsyncManagerIntegrationFilter@6b51ae08, org.springframework.security.web.context.SecurityContextHolderFilter@57c369e8, org.springframework.security.web.header.HeaderWriterFilter@271ab510, org.springframework.web.filter.CorsFilter@5096c1ce, org.springframework.security.web.authentication.logout.LogoutFilter@38bc128d, org.springframework.security.oauth2.client.web.OAuth2AuthorizationRequestRedirectFilter@27d45d8, org.springframework.security.oauth2.client.web.OAuth2LoginAuthenticationFilter@47bd0384, com.sleepyproject.sleepy_backend.config.JwtFilter@6a3b205, org.springframework.security.web.savedrequest.RequestCacheAwareFilter@1a4f2755, org.springframework.security.web.servletapi.SecurityContextHolderAwareRequestFilter@1e81c8c5, org.springframework.security.web.authentication.AnonymousAuthenticationFilter@1d2258b5, org.springframework.security.web.session.SessionManagementFilter@6fa3905b, org.springframework.security.web.access.ExceptionTranslationFilter@7c7e0c55, org.springframework.security.web.access.intercept.AuthorizationFilter@6f6e3748]] (1/1)
2026-08-12 01:32:42.166 [http-nio-8383-exec-6] DEBUG o.s.security.web.FilterChainProxy - Securing GET /api/board/posts?keyword=&page=0&size=20&sort=popularityScore,desc&type=ALL
2026-08-12 01:32:42.166 [http-nio-8383-exec-6] TRACE o.s.security.web.FilterChainProxy - Invoking DisableEncodeUrlFilter (1/15)
2026-08-12 01:32:42.166 [http-nio-8383-exec-6] TRACE o.s.security.web.FilterChainProxy - Invoking WebAsyncManagerIntegrationFilter (2/15)
2026-08-12 01:32:42.166 [http-nio-8383-exec-6] TRACE o.s.security.web.FilterChainProxy - Invoking SecurityContextHolderFilter (3/15)
2026-08-12 01:32:42.166 [http-nio-8383-exec-6] TRACE o.s.security.web.FilterChainProxy - Invoking HeaderWriterFilter (4/15)
2026-08-12 01:32:42.167 [http-nio-8383-exec-6] TRACE o.s.security.web.FilterChainProxy - Invoking CorsFilter (5/15)
2026-08-12 01:32:42.167 [http-nio-8383-exec-6] TRACE o.s.security.web.FilterChainProxy - Invoking LogoutFilter (6/15)
2026-08-12 01:32:42.167 [http-nio-8383-exec-6] TRACE o.s.s.w.a.logout.LogoutFilter - Did not match request to Or [Ant [pattern='/logout', GET], Ant [pattern='/logout', POST], Ant [pattern='/logout', PUT], Ant [pattern='/logout', DELETE]]
2026-08-12 01:32:42.167 [http-nio-8383-exec-6] TRACE o.s.security.web.FilterChainProxy - Invoking OAuth2AuthorizationRequestRedirectFilter (7/15)
2026-08-12 01:32:42.167 [http-nio-8383-exec-6] TRACE o.s.security.web.FilterChainProxy - Invoking OAuth2LoginAuthenticationFilter (8/15)
2026-08-12 01:32:42.167 [http-nio-8383-exec-6] TRACE o.s.s.o.c.w.OAuth2LoginAuthenticationFilter - Did not match request to Ant [pattern='/login/oauth2/code/*']
2026-08-12 01:32:42.167 [http-nio-8383-exec-6] TRACE o.s.security.web.FilterChainProxy - Invoking JwtFilter (9/15)
2026-08-12 01:32:42.175 [http-nio-8383-exec-6] TRACE o.s.security.web.FilterChainProxy - Invoking RequestCacheAwareFilter (10/15)
2026-08-12 01:32:42.175 [http-nio-8383-exec-6] TRACE o.s.security.web.FilterChainProxy - Invoking SecurityContextHolderAwareRequestFilter (11/15)
2026-08-12 01:32:42.175 [http-nio-8383-exec-6] TRACE o.s.security.web.FilterChainProxy - Invoking AnonymousAuthenticationFilter (12/15)
2026-08-12 01:32:42.175 [http-nio-8383-exec-6] TRACE o.s.security.web.FilterChainProxy - Invoking SessionManagementFilter (13/15)
2026-08-12 01:32:42.175 [http-nio-8383-exec-6] TRACE o.s.s.w.c.SupplierDeferredSecurityContext - Created SecurityContextImpl [Null authentication]
2026-08-12 01:32:42.175 [http-nio-8383-exec-6] TRACE o.s.s.w.a.AnonymousAuthenticationFilter - Set SecurityContextHolder to AnonymousAuthenticationToken [Principal=anonymousUser, Credentials=[PROTECTED], Authenticated=true, Details=WebAuthenticationDetails [RemoteIpAddress=0:0:0:0:0:0:0:1, SessionId=null], Granted Authorities=[ROLE_ANONYMOUS]]
2026-08-12 01:32:42.175 [http-nio-8383-exec-6] TRACE o.s.security.web.FilterChainProxy - Invoking ExceptionTranslationFilter (14/15)
2026-08-12 01:32:42.176 [http-nio-8383-exec-6] TRACE o.s.security.web.FilterChainProxy - Invoking AuthorizationFilter (15/15)
2026-08-12 01:32:42.176 [http-nio-8383-exec-6] TRACE o.s.s.w.a.i.RequestMatcherDelegatingAuthorizationManager - Authorizing GET /api/board/posts?keyword=&page=0&size=20&sort=popularityScore,desc&type=ALL
2026-08-12 01:32:42.176 [http-nio-8383-exec-6] TRACE o.s.s.w.a.i.RequestMatcherDelegatingAuthorizationManager - Checking authorization on GET /api/board/posts?keyword=&page=0&size=20&sort=popularityScore,desc&type=ALL using org.springframework.security.config.annotation.web.configurers.AuthorizeHttpRequestsConfigurer$$Lambda/0x000001e742def428@32a15f82
2026-08-12 01:32:42.176 [http-nio-8383-exec-6] DEBUG o.s.security.web.FilterChainProxy - Secured GET /api/board/posts?keyword=&page=0&size=20&sort=popularityScore,desc&type=ALL
2026-08-12 01:32:42.400 [http-nio-8383-exec-6] TRACE o.s.s.w.h.writers.HstsHeaderWriter - Not injecting HSTS header since it did not match request to [Is Secure]
2026-08-12 01:32:45.316 [http-nio-8383-exec-7] TRACE o.s.security.web.FilterChainProxy - Trying to match request against DefaultSecurityFilterChain [RequestMatcher=any request, Filters=[org.springframework.security.web.session.DisableEncodeUrlFilter@70c1092a, org.springframework.security.web.context.request.async.WebAsyncManagerIntegrationFilter@6b51ae08, org.springframework.security.web.context.SecurityContextHolderFilter@57c369e8, org.springframework.security.web.header.HeaderWriterFilter@271ab510, org.springframework.web.filter.CorsFilter@5096c1ce, org.springframework.security.web.authentication.logout.LogoutFilter@38bc128d, org.springframework.security.oauth2.client.web.OAuth2AuthorizationRequestRedirectFilter@27d45d8, org.springframework.security.oauth2.client.web.OAuth2LoginAuthenticationFilter@47bd0384, com.sleepyproject.sleepy_backend.config.JwtFilter@6a3b205, org.springframework.security.web.savedrequest.RequestCacheAwareFilter@1a4f2755, org.springframework.security.web.servletapi.SecurityContextHolderAwareRequestFilter@1e81c8c5, org.springframework.security.web.authentication.AnonymousAuthenticationFilter@1d2258b5, org.springframework.security.web.session.SessionManagementFilter@6fa3905b, org.springframework.security.web.access.ExceptionTranslationFilter@7c7e0c55, org.springframework.security.web.access.intercept.AuthorizationFilter@6f6e3748]] (1/1)
2026-08-12 01:32:45.316 [http-nio-8383-exec-7] DEBUG o.s.security.web.FilterChainProxy - Securing POST /api/board/posts
2026-08-12 01:32:45.316 [http-nio-8383-exec-7] TRACE o.s.security.web.FilterChainProxy - Invoking DisableEncodeUrlFilter (1/15)
2026-08-12 01:32:45.316 [http-nio-8383-exec-7] TRACE o.s.security.web.FilterChainProxy - Invoking WebAsyncManagerIntegrationFilter (2/15)
2026-08-12 01:32:45.316 [http-nio-8383-exec-7] TRACE o.s.security.web.FilterChainProxy - Invoking SecurityContextHolderFilter (3/15)
2026-08-12 01:32:45.316 [http-nio-8383-exec-7] TRACE o.s.security.web.FilterChainProxy - Invoking HeaderWriterFilter (4/15)
2026-08-12 01:32:45.316 [http-nio-8383-exec-7] TRACE o.s.security.web.FilterChainProxy - Invoking CorsFilter (5/15)
2026-08-12 01:32:45.328 [http-nio-8383-exec-7] TRACE o.s.security.web.FilterChainProxy - Invoking LogoutFilter (6/15)
2026-08-12 01:32:45.328 [http-nio-8383-exec-7] TRACE o.s.s.w.a.logout.LogoutFilter - Did not match request to Or [Ant [pattern='/logout', GET], Ant [pattern='/logout', POST], Ant [pattern='/logout', PUT], Ant [pattern='/logout', DELETE]]
2026-08-12 01:32:45.328 [http-nio-8383-exec-7] TRACE o.s.security.web.FilterChainProxy - Invoking OAuth2AuthorizationRequestRedirectFilter (7/15)
2026-08-12 01:32:45.328 [http-nio-8383-exec-7] TRACE o.s.security.web.FilterChainProxy - Invoking OAuth2LoginAuthenticationFilter (8/15)
2026-08-12 01:32:45.328 [http-nio-8383-exec-7] TRACE o.s.s.o.c.w.OAuth2LoginAuthenticationFilter - Did not match request to Ant [pattern='/login/oauth2/code/*']
2026-08-12 01:32:45.328 [http-nio-8383-exec-7] TRACE o.s.security.web.FilterChainProxy - Invoking JwtFilter (9/15)
2026-08-12 01:32:45.333 [http-nio-8383-exec-7] TRACE o.s.security.web.FilterChainProxy - Invoking RequestCacheAwareFilter (10/15)
2026-08-12 01:32:45.333 [http-nio-8383-exec-7] TRACE o.s.security.web.FilterChainProxy - Invoking SecurityContextHolderAwareRequestFilter (11/15)
2026-08-12 01:32:45.333 [http-nio-8383-exec-7] TRACE o.s.security.web.FilterChainProxy - Invoking AnonymousAuthenticationFilter (12/15)
2026-08-12 01:32:45.333 [http-nio-8383-exec-7] TRACE o.s.security.web.FilterChainProxy - Invoking SessionManagementFilter (13/15)
2026-08-12 01:32:45.333 [http-nio-8383-exec-7] TRACE o.s.s.w.c.SupplierDeferredSecurityContext - Created SecurityContextImpl [Null authentication]
2026-08-12 01:32:45.334 [http-nio-8383-exec-7] TRACE o.s.s.w.a.AnonymousAuthenticationFilter - Set SecurityContextHolder to AnonymousAuthenticationToken [Principal=anonymousUser, Credentials=[PROTECTED], Authenticated=true, Details=WebAuthenticationDetails [RemoteIpAddress=0:0:0:0:0:0:0:1, SessionId=null], Granted Authorities=[ROLE_ANONYMOUS]]
2026-08-12 01:32:45.334 [http-nio-8383-exec-7] TRACE o.s.security.web.FilterChainProxy - Invoking ExceptionTranslationFilter (14/15)
2026-08-12 01:32:45.334 [http-nio-8383-exec-7] TRACE o.s.security.web.FilterChainProxy - Invoking AuthorizationFilter (15/15)
2026-08-12 01:32:45.334 [http-nio-8383-exec-7] TRACE o.s.s.w.a.i.RequestMatcherDelegatingAuthorizationManager - Authorizing POST /api/board/posts
2026-08-12 01:32:45.336 [http-nio-8383-exec-7] TRACE o.s.s.w.a.i.RequestMatcherDelegatingAuthorizationManager - Checking authorization on POST /api/board/posts using org.springframework.security.authorization.AuthenticatedAuthorizationManager@6165b17b
2026-08-12 01:32:45.337 [http-nio-8383-exec-7] TRACE o.s.s.w.a.ExceptionTranslationFilter - Sending AnonymousAuthenticationToken [Principal=anonymousUser, Credentials=[PROTECTED], Authenticated=true, Details=WebAuthenticationDetails [RemoteIpAddress=0:0:0:0:0:0:0:1, SessionId=null], Granted Authorities=[ROLE_ANONYMOUS]] to authentication entry point since access is denied
org.springframework.security.access.AccessDeniedException: Access Denied
	at org.springframework.security.web.access.intercept.AuthorizationFilter.doFilter(AuthorizationFilter.java:98)
	at org.springframework.security.web.FilterChainProxy$VirtualFilterChain.doFilter(FilterChainProxy.java:374)
	at org.springframework.security.web.access.ExceptionTranslationFilter.doFilter(ExceptionTranslationFilter.java:126)
	at org.springframework.security.web.access.ExceptionTranslationFilter.doFilter(ExceptionTranslationFilter.java:120)
	at org.springframework.security.web.FilterChainProxy$VirtualFilterChain.doFilter(FilterChainProxy.java:374)
	at org.springframework.security.web.session.SessionManagementFilter.doFilter(SessionManagementFilter.java:131)
	at org.springframework.security.web.session.SessionManagementFilter.doFilter(SessionManagementFilter.java:85)
	at org.springframework.security.web.FilterChainProxy$VirtualFilterChain.doFilter(FilterChainProxy.java:374)
	at org.springframework.security.web.authentication.AnonymousAuthenticationFilter.doFilter(AnonymousAuthenticationFilter.java:100)
	at org.springframework.security.web.FilterChainProxy$VirtualFilterChain.doFilter(FilterChainProxy.java:374)
	at org.springframework.security.web.servletapi.SecurityContextHolderAwareRequestFilter.doFilter(SecurityContextHolderAwareRequestFilter.java:179)
	at org.springframework.security.web.FilterChainProxy$VirtualFilterChain.doFilter(FilterChainProxy.java:374)
	at org.springframework.security.web.savedrequest.RequestCacheAwareFilter.doFilter(RequestCacheAwareFilter.java:63)
	at org.springframework.security.web.FilterChainProxy$VirtualFilterChain.doFilter(FilterChainProxy.java:374)
	at com.sleepyproject.sleepy_backend.config.JwtFilter.doFilterInternal(JwtFilter.java:59)
	at org.springframework.web.filter.OncePerRequestFilter.doFilter(OncePerRequestFilter.java:116)
	at org.springframework.security.web.FilterChainProxy$VirtualFilterChain.doFilter(FilterChainProxy.java:374)
	at org.springframework.security.web.authentication.AbstractAuthenticationProcessingFilter.doFilter(AbstractAuthenticationProcessingFilter.java:227)
	at org.springframework.security.web.authentication.AbstractAuthenticationProcessingFilter.doFilter(AbstractAuthenticationProcessingFilter.java:221)
	at org.springframework.security.web.FilterChainProxy$VirtualFilterChain.doFilter(FilterChainProxy.java:374)
	at org.springframework.security.oauth2.client.web.OAuth2AuthorizationRequestRedirectFilter.doFilterInternal(OAuth2AuthorizationRequestRedirectFilter.java:198)
	at org.springframework.web.filter.OncePerRequestFilter.doFilter(OncePerRequestFilter.java:116)
	at org.springframework.security.web.FilterChainProxy$VirtualFilterChain.doFilter(FilterChainProxy.java:374)
	at org.springframework.security.web.authentication.logout.LogoutFilter.doFilter(LogoutFilter.java:107)
	at org.springframework.security.web.authentication.logout.LogoutFilter.doFilter(LogoutFilter.java:93)
	at org.springframework.security.web.FilterChainProxy$VirtualFilterChain.doFilter(FilterChainProxy.java:374)
	at org.springframework.web.filter.CorsFilter.doFilterInternal(CorsFilter.java:91)
	at org.springframework.web.filter.OncePerRequestFilter.doFilter(OncePerRequestFilter.java:116)
	at org.springframework.security.web.FilterChainProxy$VirtualFilterChain.doFilter(FilterChainProxy.java:374)
	at org.springframework.security.web.header.HeaderWriterFilter.doHeadersAfter(HeaderWriterFilter.java:90)
	at org.springframework.security.web.header.HeaderWriterFilter.doFilterInternal(HeaderWriterFilter.java:75)
	at org.springframework.web.filter.OncePerRequestFilter.doFilter(OncePerRequestFilter.java:116)
	at org.springframework.security.web.FilterChainProxy$VirtualFilterChain.doFilter(FilterChainProxy.java:374)
	at org.springframework.security.web.context.SecurityContextHolderFilter.doFilter(SecurityContextHolderFilter.java:82)
	at org.springframework.security.web.context.SecurityContextHolderFilter.doFilter(SecurityContextHolderFilter.java:69)
	at org.springframework.security.web.FilterChainProxy$VirtualFilterChain.doFilter(FilterChainProxy.java:374)
	at org.springframework.security.web.context.request.async.WebAsyncManagerIntegrationFilter.doFilterInternal(WebAsyncManagerIntegrationFilter.java:62)
	at org.springframework.web.filter.OncePerRequestFilter.doFilter(OncePerRequestFilter.java:116)
	at org.springframework.security.web.FilterChainProxy$VirtualFilterChain.doFilter(FilterChainProxy.java:374)
	at org.springframework.security.web.session.DisableEncodeUrlFilter.doFilterInternal(DisableEncodeUrlFilter.java:42)
	at org.springframework.web.filter.OncePerRequestFilter.doFilter(OncePerRequestFilter.java:116)
	at org.springframework.security.web.FilterChainProxy$VirtualFilterChain.doFilter(FilterChainProxy.java:374)
	at org.springframework.security.web.FilterChainProxy.doFilterInternal(FilterChainProxy.java:233)
	at org.springframework.security.web.FilterChainProxy.doFilter(FilterChainProxy.java:191)
	at org.springframework.web.filter.CompositeFilter$VirtualFilterChain.doFilter(CompositeFilter.java:113)
	at org.springframework.web.servlet.handler.HandlerMappingIntrospector.lambda$createCacheFilter$3(HandlerMappingIntrospector.java:195)
	at org.springframework.web.filter.CompositeFilter$VirtualFilterChain.doFilter(CompositeFilter.java:113)
	at org.springframework.web.filter.CompositeFilter.doFilter(CompositeFilter.java:74)
	at org.springframework.security.config.annotation.web.configuration.WebMvcSecurityConfiguration$CompositeFilterChainProxy.doFilter(WebMvcSecurityConfiguration.java:230)
	at org.springframework.web.filter.DelegatingFilterProxy.invokeDelegate(DelegatingFilterProxy.java:362)
	at org.springframework.web.filter.DelegatingFilterProxy.doFilter(DelegatingFilterProxy.java:278)
	at org.apache.catalina.core.ApplicationFilterChain.internalDoFilter(ApplicationFilterChain.java:164)
	at org.apache.catalina.core.ApplicationFilterChain.doFilter(ApplicationFilterChain.java:140)
	at org.springframework.web.filter.RequestContextFilter.doFilterInternal(RequestContextFilter.java:100)
	at org.springframework.web.filter.OncePerRequestFilter.doFilter(OncePerRequestFilter.java:116)
	at org.apache.catalina.core.ApplicationFilterChain.internalDoFilter(ApplicationFilterChain.java:164)
	at org.apache.catalina.core.ApplicationFilterChain.doFilter(ApplicationFilterChain.java:140)
	at org.springframework.web.filter.FormContentFilter.doFilterInternal(FormContentFilter.java:93)
	at org.springframework.web.filter.OncePerRequestFilter.doFilter(OncePerRequestFilter.java:116)
	at org.apache.catalina.core.ApplicationFilterChain.internalDoFilter(ApplicationFilterChain.java:164)
	at org.apache.catalina.core.ApplicationFilterChain.doFilter(ApplicationFilterChain.java:140)
	at org.springframework.web.filter.CharacterEncodingFilter.doFilterInternal(CharacterEncodingFilter.java:201)
	at org.springframework.web.filter.OncePerRequestFilter.doFilter(OncePerRequestFilter.java:116)
	at org.apache.catalina.core.ApplicationFilterChain.internalDoFilter(ApplicationFilterChain.java:164)
	at org.apache.catalina.core.ApplicationFilterChain.doFilter(ApplicationFilterChain.java:140)
	at org.springframework.web.filter.OncePerRequestFilter.doFilter(OncePerRequestFilter.java:101)
	at org.apache.catalina.core.ApplicationFilterChain.internalDoFilter(ApplicationFilterChain.java:164)
	at org.apache.catalina.core.ApplicationFilterChain.doFilter(ApplicationFilterChain.java:140)
	at org.apache.catalina.core.StandardWrapperValve.invoke(StandardWrapperValve.java:167)
	at org.apache.catalina.core.StandardContextValve.invoke(StandardContextValve.java:90)
	at org.apache.catalina.authenticator.AuthenticatorBase.invoke(AuthenticatorBase.java:483)
	at org.apache.catalina.core.StandardHostValve.invoke(StandardHostValve.java:115)
	at org.apache.catalina.valves.ErrorReportValve.invoke(ErrorReportValve.java:93)
	at org.apache.catalina.core.StandardEngineValve.invoke(StandardEngineValve.java:74)
	at org.apache.catalina.connector.CoyoteAdapter.service(CoyoteAdapter.java:344)
	at org.apache.coyote.http11.Http11Processor.service(Http11Processor.java:384)
	at org.apache.coyote.AbstractProcessorLight.process(AbstractProcessorLight.java:63)
	at org.apache.coyote.AbstractProtocol$ConnectionHandler.process(AbstractProtocol.java:905)
	at org.apache.tomcat.util.net.NioEndpoint$SocketProcessor.doRun(NioEndpoint.java:1741)
	at org.apache.tomcat.util.net.SocketProcessorBase.run(SocketProcessorBase.java:52)
	at org.apache.tomcat.util.threads.ThreadPoolExecutor.runWorker(ThreadPoolExecutor.java:1190)
	at org.apache.tomcat.util.threads.ThreadPoolExecutor$Worker.run(ThreadPoolExecutor.java:659)
	at org.apache.tomcat.util.threads.TaskThread$WrappingRunnable.run(TaskThread.java:63)
	at java.base/java.lang.Thread.run(Thread.java:1583)
2026-08-12 01:32:45.343 [http-nio-8383-exec-7] TRACE o.s.s.w.h.writers.HstsHeaderWriter - Not injecting HSTS header since it did not match request to [Is Secure]
2026-08-12 01:32:45.353 [http-nio-8383-exec-8] TRACE o.s.security.web.FilterChainProxy - Trying to match request against DefaultSecurityFilterChain [RequestMatcher=any request, Filters=[org.springframework.security.web.session.DisableEncodeUrlFilter@70c1092a, org.springframework.security.web.context.request.async.WebAsyncManagerIntegrationFilter@6b51ae08, org.springframework.security.web.context.SecurityContextHolderFilter@57c369e8, org.springframework.security.web.header.HeaderWriterFilter@271ab510, org.springframework.web.filter.CorsFilter@5096c1ce, org.springframework.security.web.authentication.logout.LogoutFilter@38bc128d, org.springframework.security.oauth2.client.web.OAuth2AuthorizationRequestRedirectFilter@27d45d8, org.springframework.security.oauth2.client.web.OAuth2LoginAuthenticationFilter@47bd0384, com.sleepyproject.sleepy_backend.config.JwtFilter@6a3b205, org.springframework.security.web.savedrequest.RequestCacheAwareFilter@1a4f2755, org.springframework.security.web.servletapi.SecurityContextHolderAwareRequestFilter@1e81c8c5, org.springframework.security.web.authentication.AnonymousAuthenticationFilter@1d2258b5, org.springframework.security.web.session.SessionManagementFilter@6fa3905b, org.springframework.security.web.access.ExceptionTranslationFilter@7c7e0c55, org.springframework.security.web.access.intercept.AuthorizationFilter@6f6e3748]] (1/1)
2026-08-12 01:32:45.354 [http-nio-8383-exec-8] DEBUG o.s.security.web.FilterChainProxy - Securing POST /api/auth/refresh
2026-08-12 01:32:45.354 [http-nio-8383-exec-8] TRACE o.s.security.web.FilterChainProxy - Invoking DisableEncodeUrlFilter (1/15)
2026-08-12 01:32:45.354 [http-nio-8383-exec-8] TRACE o.s.security.web.FilterChainProxy - Invoking WebAsyncManagerIntegrationFilter (2/15)
2026-08-12 01:32:45.354 [http-nio-8383-exec-8] TRACE o.s.security.web.FilterChainProxy - Invoking SecurityContextHolderFilter (3/15)
2026-08-12 01:32:45.354 [http-nio-8383-exec-8] TRACE o.s.security.web.FilterChainProxy - Invoking HeaderWriterFilter (4/15)
2026-08-12 01:32:45.354 [http-nio-8383-exec-8] TRACE o.s.security.web.FilterChainProxy - Invoking CorsFilter (5/15)
2026-08-12 01:32:45.355 [http-nio-8383-exec-8] TRACE o.s.security.web.FilterChainProxy - Invoking LogoutFilter (6/15)
2026-08-12 01:32:45.355 [http-nio-8383-exec-8] TRACE o.s.s.w.a.logout.LogoutFilter - Did not match request to Or [Ant [pattern='/logout', GET], Ant [pattern='/logout', POST], Ant [pattern='/logout', PUT], Ant [pattern='/logout', DELETE]]
2026-08-12 01:32:45.355 [http-nio-8383-exec-8] TRACE o.s.security.web.FilterChainProxy - Invoking OAuth2AuthorizationRequestRedirectFilter (7/15)
2026-08-12 01:32:45.355 [http-nio-8383-exec-8] TRACE o.s.security.web.FilterChainProxy - Invoking OAuth2LoginAuthenticationFilter (8/15)
2026-08-12 01:32:45.355 [http-nio-8383-exec-8] TRACE o.s.s.o.c.w.OAuth2LoginAuthenticationFilter - Did not match request to Ant [pattern='/login/oauth2/code/*']
2026-08-12 01:32:45.355 [http-nio-8383-exec-8] TRACE o.s.security.web.FilterChainProxy - Invoking JwtFilter (9/15)
2026-08-12 01:32:45.355 [http-nio-8383-exec-8] TRACE o.s.security.web.FilterChainProxy - Invoking RequestCacheAwareFilter (10/15)
2026-08-12 01:32:45.355 [http-nio-8383-exec-8] TRACE o.s.security.web.FilterChainProxy - Invoking SecurityContextHolderAwareRequestFilter (11/15)
2026-08-12 01:32:45.355 [http-nio-8383-exec-8] TRACE o.s.security.web.FilterChainProxy - Invoking AnonymousAuthenticationFilter (12/15)
2026-08-12 01:32:45.355 [http-nio-8383-exec-8] TRACE o.s.security.web.FilterChainProxy - Invoking SessionManagementFilter (13/15)
2026-08-12 01:32:45.355 [http-nio-8383-exec-8] TRACE o.s.s.w.c.SupplierDeferredSecurityContext - Created SecurityContextImpl [Null authentication]
2026-08-12 01:32:45.356 [http-nio-8383-exec-8] TRACE o.s.s.w.a.AnonymousAuthenticationFilter - Set SecurityContextHolder to AnonymousAuthenticationToken [Principal=anonymousUser, Credentials=[PROTECTED], Authenticated=true, Details=WebAuthenticationDetails [RemoteIpAddress=0:0:0:0:0:0:0:1, SessionId=null], Granted Authorities=[ROLE_ANONYMOUS]]
2026-08-12 01:32:45.356 [http-nio-8383-exec-8] TRACE o.s.security.web.FilterChainProxy - Invoking ExceptionTranslationFilter (14/15)
2026-08-12 01:32:45.356 [http-nio-8383-exec-8] TRACE o.s.security.web.FilterChainProxy - Invoking AuthorizationFilter (15/15)
2026-08-12 01:32:45.356 [http-nio-8383-exec-8] TRACE o.s.s.w.a.i.RequestMatcherDelegatingAuthorizationManager - Authorizing POST /api/auth/refresh
2026-08-12 01:32:45.356 [http-nio-8383-exec-8] TRACE o.s.s.w.a.i.RequestMatcherDelegatingAuthorizationManager - Checking authorization on POST /api/auth/refresh using org.springframework.security.config.annotation.web.configurers.AuthorizeHttpRequestsConfigurer$$Lambda/0x000001e742def428@32a15f82
2026-08-12 01:32:45.356 [http-nio-8383-exec-8] DEBUG o.s.security.web.FilterChainProxy - Secured POST /api/auth/refresh
2026-08-12 01:32:45.483 [http-nio-8383-exec-8] TRACE o.s.s.w.h.writers.HstsHeaderWriter - Not injecting HSTS header since it did not match request to [Is Secure]
2026-08-12 01:32:45.493 [http-nio-8383-exec-9] TRACE o.s.security.web.FilterChainProxy - Trying to match request against DefaultSecurityFilterChain [RequestMatcher=any request, Filters=[org.springframework.security.web.session.DisableEncodeUrlFilter@70c1092a, org.springframework.security.web.context.request.async.WebAsyncManagerIntegrationFilter@6b51ae08, org.springframework.security.web.context.SecurityContextHolderFilter@57c369e8, org.springframework.security.web.header.HeaderWriterFilter@271ab510, org.springframework.web.filter.CorsFilter@5096c1ce, org.springframework.security.web.authentication.logout.LogoutFilter@38bc128d, org.springframework.security.oauth2.client.web.OAuth2AuthorizationRequestRedirectFilter@27d45d8, org.springframework.security.oauth2.client.web.OAuth2LoginAuthenticationFilter@47bd0384, com.sleepyproject.sleepy_backend.config.JwtFilter@6a3b205, org.springframework.security.web.savedrequest.RequestCacheAwareFilter@1a4f2755, org.springframework.security.web.servletapi.SecurityContextHolderAwareRequestFilter@1e81c8c5, org.springframework.security.web.authentication.AnonymousAuthenticationFilter@1d2258b5, org.springframework.security.web.session.SessionManagementFilter@6fa3905b, org.springframework.security.web.access.ExceptionTranslationFilter@7c7e0c55, org.springframework.security.web.access.intercept.AuthorizationFilter@6f6e3748]] (1/1)
2026-08-12 01:32:45.493 [http-nio-8383-exec-9] DEBUG o.s.security.web.FilterChainProxy - Securing POST /api/board/posts
2026-08-12 01:32:45.493 [http-nio-8383-exec-9] TRACE o.s.security.web.FilterChainProxy - Invoking DisableEncodeUrlFilter (1/15)
2026-08-12 01:32:45.493 [http-nio-8383-exec-9] TRACE o.s.security.web.FilterChainProxy - Invoking WebAsyncManagerIntegrationFilter (2/15)
2026-08-12 01:32:45.494 [http-nio-8383-exec-9] TRACE o.s.security.web.FilterChainProxy - Invoking SecurityContextHolderFilter (3/15)
2026-08-12 01:32:45.494 [http-nio-8383-exec-9] TRACE o.s.security.web.FilterChainProxy - Invoking HeaderWriterFilter (4/15)
2026-08-12 01:32:45.494 [http-nio-8383-exec-9] TRACE o.s.security.web.FilterChainProxy - Invoking CorsFilter (5/15)
2026-08-12 01:32:45.495 [http-nio-8383-exec-9] TRACE o.s.security.web.FilterChainProxy - Invoking LogoutFilter (6/15)
2026-08-12 01:32:45.496 [http-nio-8383-exec-9] TRACE o.s.s.w.a.logout.LogoutFilter - Did not match request to Or [Ant [pattern='/logout', GET], Ant [pattern='/logout', POST], Ant [pattern='/logout', PUT], Ant [pattern='/logout', DELETE]]
2026-08-12 01:32:45.496 [http-nio-8383-exec-9] TRACE o.s.security.web.FilterChainProxy - Invoking OAuth2AuthorizationRequestRedirectFilter (7/15)
2026-08-12 01:32:45.496 [http-nio-8383-exec-9] TRACE o.s.security.web.FilterChainProxy - Invoking OAuth2LoginAuthenticationFilter (8/15)
2026-08-12 01:32:45.496 [http-nio-8383-exec-9] TRACE o.s.s.o.c.w.OAuth2LoginAuthenticationFilter - Did not match request to Ant [pattern='/login/oauth2/code/*']
2026-08-12 01:32:45.496 [http-nio-8383-exec-9] TRACE o.s.security.web.FilterChainProxy - Invoking JwtFilter (9/15)
2026-08-12 01:32:45.506 [http-nio-8383-exec-9] TRACE o.s.s.w.c.SupplierDeferredSecurityContext - Created SecurityContextImpl [Null authentication]
2026-08-12 01:32:45.506 [http-nio-8383-exec-9] TRACE o.s.security.web.FilterChainProxy - Invoking RequestCacheAwareFilter (10/15)
2026-08-12 01:32:45.506 [http-nio-8383-exec-9] TRACE o.s.security.web.FilterChainProxy - Invoking SecurityContextHolderAwareRequestFilter (11/15)
2026-08-12 01:32:45.506 [http-nio-8383-exec-9] TRACE o.s.security.web.FilterChainProxy - Invoking AnonymousAuthenticationFilter (12/15)
2026-08-12 01:32:45.506 [http-nio-8383-exec-9] TRACE o.s.security.web.FilterChainProxy - Invoking SessionManagementFilter (13/15)
2026-08-12 01:32:45.507 [http-nio-8383-exec-9] TRACE o.s.s.w.a.AnonymousAuthenticationFilter - Did not set SecurityContextHolder since already authenticated UsernamePasswordAuthenticationToken [Principal=oc-FytAA23qQU0q8G9ybCC1rzvAiD2aeodx_MRXEGVk@naver.user, Credentials=[PROTECTED], Authenticated=true, Details=null, Granted Authorities=[ROLE_SELLER]]
2026-08-12 01:32:45.507 [http-nio-8383-exec-9] TRACE o.s.s.w.a.s.CompositeSessionAuthenticationStrategy - Preparing session with ChangeSessionIdAuthenticationStrategy (1/1)
2026-08-12 01:32:45.508 [http-nio-8383-exec-9] TRACE o.s.security.web.FilterChainProxy - Invoking ExceptionTranslationFilter (14/15)
2026-08-12 01:32:45.508 [http-nio-8383-exec-9] TRACE o.s.security.web.FilterChainProxy - Invoking AuthorizationFilter (15/15)
2026-08-12 01:32:45.508 [http-nio-8383-exec-9] TRACE o.s.s.w.a.i.RequestMatcherDelegatingAuthorizationManager - Authorizing POST /api/board/posts
2026-08-12 01:32:45.508 [http-nio-8383-exec-10] TRACE o.s.security.web.FilterChainProxy - Trying to match request against DefaultSecurityFilterChain [RequestMatcher=any request, Filters=[org.springframework.security.web.session.DisableEncodeUrlFilter@70c1092a, org.springframework.security.web.context.request.async.WebAsyncManagerIntegrationFilter@6b51ae08, org.springframework.security.web.context.SecurityContextHolderFilter@57c369e8, org.springframework.security.web.header.HeaderWriterFilter@271ab510, org.springframework.web.filter.CorsFilter@5096c1ce, org.springframework.security.web.authentication.logout.LogoutFilter@38bc128d, org.springframework.security.oauth2.client.web.OAuth2AuthorizationRequestRedirectFilter@27d45d8, org.springframework.security.oauth2.client.web.OAuth2LoginAuthenticationFilter@47bd0384, com.sleepyproject.sleepy_backend.config.JwtFilter@6a3b205, org.springframework.security.web.savedrequest.RequestCacheAwareFilter@1a4f2755, org.springframework.security.web.servletapi.SecurityContextHolderAwareRequestFilter@1e81c8c5, org.springframework.security.web.authentication.AnonymousAuthenticationFilter@1d2258b5, org.springframework.security.web.session.SessionManagementFilter@6fa3905b, org.springframework.security.web.access.ExceptionTranslationFilter@7c7e0c55, org.springframework.security.web.access.intercept.AuthorizationFilter@6f6e3748]] (1/1)
2026-08-12 01:32:45.508 [http-nio-8383-exec-10] DEBUG o.s.security.web.FilterChainProxy - Securing GET /api/auth/me
2026-08-12 01:32:45.508 [http-nio-8383-exec-10] TRACE o.s.security.web.FilterChainProxy - Invoking DisableEncodeUrlFilter (1/15)
2026-08-12 01:32:45.508 [http-nio-8383-exec-10] TRACE o.s.security.web.FilterChainProxy - Invoking WebAsyncManagerIntegrationFilter (2/15)
2026-08-12 01:32:45.508 [http-nio-8383-exec-9] TRACE o.s.s.w.a.i.RequestMatcherDelegatingAuthorizationManager - Checking authorization on POST /api/board/posts using org.springframework.security.authorization.AuthenticatedAuthorizationManager@6165b17b
2026-08-12 01:32:45.508 [http-nio-8383-exec-10] TRACE o.s.security.web.FilterChainProxy - Invoking SecurityContextHolderFilter (3/15)
2026-08-12 01:32:45.508 [http-nio-8383-exec-9] DEBUG o.s.security.web.FilterChainProxy - Secured POST /api/board/posts
2026-08-12 01:32:45.508 [http-nio-8383-exec-10] TRACE o.s.security.web.FilterChainProxy - Invoking HeaderWriterFilter (4/15)
2026-08-12 01:32:45.509 [http-nio-8383-exec-10] TRACE o.s.security.web.FilterChainProxy - Invoking CorsFilter (5/15)
2026-08-12 01:32:45.509 [http-nio-8383-exec-10] TRACE o.s.security.web.FilterChainProxy - Invoking LogoutFilter (6/15)
2026-08-12 01:32:45.509 [http-nio-8383-exec-10] TRACE o.s.s.w.a.logout.LogoutFilter - Did not match request to Or [Ant [pattern='/logout', GET], Ant [pattern='/logout', POST], Ant [pattern='/logout', PUT], Ant [pattern='/logout', DELETE]]
2026-08-12 01:32:45.509 [http-nio-8383-exec-10] TRACE o.s.security.web.FilterChainProxy - Invoking OAuth2AuthorizationRequestRedirectFilter (7/15)
2026-08-12 01:32:45.509 [http-nio-8383-exec-10] TRACE o.s.security.web.FilterChainProxy - Invoking OAuth2LoginAuthenticationFilter (8/15)
2026-08-12 01:32:45.509 [http-nio-8383-exec-10] TRACE o.s.s.o.c.w.OAuth2LoginAuthenticationFilter - Did not match request to Ant [pattern='/login/oauth2/code/*']
2026-08-12 01:32:45.509 [http-nio-8383-exec-10] TRACE o.s.security.web.FilterChainProxy - Invoking JwtFilter (9/15)
2026-08-12 01:32:45.519 [http-nio-8383-exec-10] TRACE o.s.s.w.c.SupplierDeferredSecurityContext - Created SecurityContextImpl [Null authentication]
2026-08-12 01:32:45.519 [http-nio-8383-exec-10] TRACE o.s.security.web.FilterChainProxy - Invoking RequestCacheAwareFilter (10/15)
2026-08-12 01:32:45.519 [http-nio-8383-exec-10] TRACE o.s.security.web.FilterChainProxy - Invoking SecurityContextHolderAwareRequestFilter (11/15)
2026-08-12 01:32:45.519 [http-nio-8383-exec-10] TRACE o.s.security.web.FilterChainProxy - Invoking AnonymousAuthenticationFilter (12/15)
2026-08-12 01:32:45.519 [http-nio-8383-exec-10] TRACE o.s.security.web.FilterChainProxy - Invoking SessionManagementFilter (13/15)
2026-08-12 01:32:45.519 [http-nio-8383-exec-10] TRACE o.s.s.w.a.AnonymousAuthenticationFilter - Did not set SecurityContextHolder since already authenticated UsernamePasswordAuthenticationToken [Principal=oc-FytAA23qQU0q8G9ybCC1rzvAiD2aeodx_MRXEGVk@naver.user, Credentials=[PROTECTED], Authenticated=true, Details=null, Granted Authorities=[ROLE_SELLER]]
2026-08-12 01:32:45.519 [http-nio-8383-exec-10] TRACE o.s.s.w.a.s.CompositeSessionAuthenticationStrategy - Preparing session with ChangeSessionIdAuthenticationStrategy (1/1)
2026-08-12 01:32:45.519 [http-nio-8383-exec-10] TRACE o.s.security.web.FilterChainProxy - Invoking ExceptionTranslationFilter (14/15)
2026-08-12 01:32:45.519 [http-nio-8383-exec-10] TRACE o.s.security.web.FilterChainProxy - Invoking AuthorizationFilter (15/15)
2026-08-12 01:32:45.519 [http-nio-8383-exec-10] TRACE o.s.s.w.a.i.RequestMatcherDelegatingAuthorizationManager - Authorizing GET /api/auth/me
2026-08-12 01:32:45.520 [http-nio-8383-exec-10] TRACE o.s.s.w.a.i.RequestMatcherDelegatingAuthorizationManager - Checking authorization on GET /api/auth/me using org.springframework.security.authorization.AuthenticatedAuthorizationManager@6165b17b
2026-08-12 01:32:45.520 [http-nio-8383-exec-10] DEBUG o.s.security.web.FilterChainProxy - Secured GET /api/auth/me
2026-08-12 01:32:45.527 [http-nio-8383-exec-10] TRACE o.s.s.w.h.writers.HstsHeaderWriter - Not injecting HSTS header since it did not match request to [Is Secure]
2026-08-12 01:32:45.663 [http-nio-8383-exec-9] TRACE o.s.s.w.h.writers.HstsHeaderWriter - Not injecting HSTS header since it did not match request to [Is Secure]
2026-08-12 01:32:46.433 [http-nio-8383-exec-1] TRACE o.s.security.web.FilterChainProxy - Trying to match request against DefaultSecurityFilterChain [RequestMatcher=any request, Filters=[org.springframework.security.web.session.DisableEncodeUrlFilter@70c1092a, org.springframework.security.web.context.request.async.WebAsyncManagerIntegrationFilter@6b51ae08, org.springframework.security.web.context.SecurityContextHolderFilter@57c369e8, org.springframework.security.web.header.HeaderWriterFilter@271ab510, org.springframework.web.filter.CorsFilter@5096c1ce, org.springframework.security.web.authentication.logout.LogoutFilter@38bc128d, org.springframework.security.oauth2.client.web.OAuth2AuthorizationRequestRedirectFilter@27d45d8, org.springframework.security.oauth2.client.web.OAuth2LoginAuthenticationFilter@47bd0384, com.sleepyproject.sleepy_backend.config.JwtFilter@6a3b205, org.springframework.security.web.savedrequest.RequestCacheAwareFilter@1a4f2755, org.springframework.security.web.servletapi.SecurityContextHolderAwareRequestFilter@1e81c8c5, org.springframework.security.web.authentication.AnonymousAuthenticationFilter@1d2258b5, org.springframework.security.web.session.SessionManagementFilter@6fa3905b, org.springframework.security.web.access.ExceptionTranslationFilter@7c7e0c55, org.springframework.security.web.access.intercept.AuthorizationFilter@6f6e3748]] (1/1)
2026-08-12 01:32:46.433 [http-nio-8383-exec-1] DEBUG o.s.security.web.FilterChainProxy - Securing GET /api/board/posts?keyword=&page=0&size=20&sort=popularityScore,desc&type=REVIEW
2026-08-12 01:32:46.434 [http-nio-8383-exec-1] TRACE o.s.security.web.FilterChainProxy - Invoking DisableEncodeUrlFilter (1/15)
2026-08-12 01:32:46.434 [http-nio-8383-exec-1] TRACE o.s.security.web.FilterChainProxy - Invoking WebAsyncManagerIntegrationFilter (2/15)
2026-08-12 01:32:46.434 [http-nio-8383-exec-1] TRACE o.s.security.web.FilterChainProxy - Invoking SecurityContextHolderFilter (3/15)
2026-08-12 01:32:46.434 [http-nio-8383-exec-1] TRACE o.s.security.web.FilterChainProxy - Invoking HeaderWriterFilter (4/15)
2026-08-12 01:32:46.434 [http-nio-8383-exec-1] TRACE o.s.security.web.FilterChainProxy - Invoking CorsFilter (5/15)
2026-08-12 01:32:46.434 [http-nio-8383-exec-1] TRACE o.s.security.web.FilterChainProxy - Invoking LogoutFilter (6/15)
2026-08-12 01:32:46.434 [http-nio-8383-exec-1] TRACE o.s.s.w.a.logout.LogoutFilter - Did not match request to Or [Ant [pattern='/logout', GET], Ant [pattern='/logout', POST], Ant [pattern='/logout', PUT], Ant [pattern='/logout', DELETE]]
2026-08-12 01:32:46.434 [http-nio-8383-exec-1] TRACE o.s.security.web.FilterChainProxy - Invoking OAuth2AuthorizationRequestRedirectFilter (7/15)
2026-08-12 01:32:46.434 [http-nio-8383-exec-1] TRACE o.s.security.web.FilterChainProxy - Invoking OAuth2LoginAuthenticationFilter (8/15)
2026-08-12 01:32:46.434 [http-nio-8383-exec-1] TRACE o.s.s.o.c.w.OAuth2LoginAuthenticationFilter - Did not match request to Ant [pattern='/login/oauth2/code/*']
2026-08-12 01:32:46.434 [http-nio-8383-exec-1] TRACE o.s.security.web.FilterChainProxy - Invoking JwtFilter (9/15)
2026-08-12 01:32:46.444 [http-nio-8383-exec-1] TRACE o.s.s.w.c.SupplierDeferredSecurityContext - Created SecurityContextImpl [Null authentication]
2026-08-12 01:32:46.445 [http-nio-8383-exec-1] TRACE o.s.security.web.FilterChainProxy - Invoking RequestCacheAwareFilter (10/15)
2026-08-12 01:32:46.445 [http-nio-8383-exec-1] TRACE o.s.security.web.FilterChainProxy - Invoking SecurityContextHolderAwareRequestFilter (11/15)
2026-08-12 01:32:46.445 [http-nio-8383-exec-1] TRACE o.s.security.web.FilterChainProxy - Invoking AnonymousAuthenticationFilter (12/15)
2026-08-12 01:32:46.445 [http-nio-8383-exec-1] TRACE o.s.security.web.FilterChainProxy - Invoking SessionManagementFilter (13/15)
2026-08-12 01:32:46.445 [http-nio-8383-exec-1] TRACE o.s.s.w.a.AnonymousAuthenticationFilter - Did not set SecurityContextHolder since already authenticated UsernamePasswordAuthenticationToken [Principal=oc-FytAA23qQU0q8G9ybCC1rzvAiD2aeodx_MRXEGVk@naver.user, Credentials=[PROTECTED], Authenticated=true, Details=null, Granted Authorities=[ROLE_SELLER]]
2026-08-12 01:32:46.445 [http-nio-8383-exec-1] TRACE o.s.s.w.a.s.CompositeSessionAuthenticationStrategy - Preparing session with ChangeSessionIdAuthenticationStrategy (1/1)
2026-08-12 01:32:46.445 [http-nio-8383-exec-1] TRACE o.s.security.web.FilterChainProxy - Invoking ExceptionTranslationFilter (14/15)
2026-08-12 01:32:46.445 [http-nio-8383-exec-1] TRACE o.s.security.web.FilterChainProxy - Invoking AuthorizationFilter (15/15)
2026-08-12 01:32:46.445 [http-nio-8383-exec-1] TRACE o.s.s.w.a.i.RequestMatcherDelegatingAuthorizationManager - Authorizing GET /api/board/posts?keyword=&page=0&size=20&sort=popularityScore,desc&type=REVIEW
2026-08-12 01:32:46.445 [http-nio-8383-exec-1] TRACE o.s.s.w.a.i.RequestMatcherDelegatingAuthorizationManager - Checking authorization on GET /api/board/posts?keyword=&page=0&size=20&sort=popularityScore,desc&type=REVIEW using org.springframework.security.config.annotation.web.configurers.AuthorizeHttpRequestsConfigurer$$Lambda/0x000001e742def428@32a15f82
2026-08-12 01:32:46.445 [http-nio-8383-exec-1] DEBUG o.s.security.web.FilterChainProxy - Secured GET /api/board/posts?keyword=&page=0&size=20&sort=popularityScore,desc&type=REVIEW
2026-08-12 01:32:46.535 [http-nio-8383-exec-1] TRACE o.s.s.w.h.writers.HstsHeaderWriter - Not injecting HSTS header since it did not match request to [Is Secure]
2026-08-12 01:32:46.544 [http-nio-8383-exec-2] TRACE o.s.security.web.FilterChainProxy - Trying to match request against DefaultSecurityFilterChain [RequestMatcher=any request, Filters=[org.springframework.security.web.session.DisableEncodeUrlFilter@70c1092a, org.springframework.security.web.context.request.async.WebAsyncManagerIntegrationFilter@6b51ae08, org.springframework.security.web.context.SecurityContextHolderFilter@57c369e8, org.springframework.security.web.header.HeaderWriterFilter@271ab510, org.springframework.web.filter.CorsFilter@5096c1ce, org.springframework.security.web.authentication.logout.LogoutFilter@38bc128d, org.springframework.security.oauth2.client.web.OAuth2AuthorizationRequestRedirectFilter@27d45d8, org.springframework.security.oauth2.client.web.OAuth2LoginAuthenticationFilter@47bd0384, com.sleepyproject.sleepy_backend.config.JwtFilter@6a3b205, org.springframework.security.web.savedrequest.RequestCacheAwareFilter@1a4f2755, org.springframework.security.web.servletapi.SecurityContextHolderAwareRequestFilter@1e81c8c5, org.springframework.security.web.authentication.AnonymousAuthenticationFilter@1d2258b5, org.springframework.security.web.session.SessionManagementFilter@6fa3905b, org.springframework.security.web.access.ExceptionTranslationFilter@7c7e0c55, org.springframework.security.web.access.intercept.AuthorizationFilter@6f6e3748]] (1/1)
2026-08-12 01:32:46.544 [http-nio-8383-exec-2] DEBUG o.s.security.web.FilterChainProxy - Securing GET /api/board/posts?keyword=&page=0&size=20&sort=popularityScore,desc&type=REVIEW
2026-08-12 01:32:46.544 [http-nio-8383-exec-2] TRACE o.s.security.web.FilterChainProxy - Invoking DisableEncodeUrlFilter (1/15)
2026-08-12 01:32:46.544 [http-nio-8383-exec-2] TRACE o.s.security.web.FilterChainProxy - Invoking WebAsyncManagerIntegrationFilter (2/15)
2026-08-12 01:32:46.544 [http-nio-8383-exec-2] TRACE o.s.security.web.FilterChainProxy - Invoking SecurityContextHolderFilter (3/15)
2026-08-12 01:32:46.544 [http-nio-8383-exec-2] TRACE o.s.security.web.FilterChainProxy - Invoking HeaderWriterFilter (4/15)
2026-08-12 01:32:46.544 [http-nio-8383-exec-2] TRACE o.s.security.web.FilterChainProxy - Invoking CorsFilter (5/15)
2026-08-12 01:32:46.544 [http-nio-8383-exec-2] TRACE o.s.security.web.FilterChainProxy - Invoking LogoutFilter (6/15)
2026-08-12 01:32:46.544 [http-nio-8383-exec-2] TRACE o.s.s.w.a.logout.LogoutFilter - Did not match request to Or [Ant [pattern='/logout', GET], Ant [pattern='/logout', POST], Ant [pattern='/logout', PUT], Ant [pattern='/logout', DELETE]]
2026-08-12 01:32:46.544 [http-nio-8383-exec-2] TRACE o.s.security.web.FilterChainProxy - Invoking OAuth2AuthorizationRequestRedirectFilter (7/15)
2026-08-12 01:32:46.544 [http-nio-8383-exec-2] TRACE o.s.security.web.FilterChainProxy - Invoking OAuth2LoginAuthenticationFilter (8/15)
2026-08-12 01:32:46.544 [http-nio-8383-exec-2] TRACE o.s.s.o.c.w.OAuth2LoginAuthenticationFilter - Did not match request to Ant [pattern='/login/oauth2/code/*']
2026-08-12 01:32:46.544 [http-nio-8383-exec-2] TRACE o.s.security.web.FilterChainProxy - Invoking JwtFilter (9/15)
2026-08-12 01:32:46.554 [http-nio-8383-exec-2] TRACE o.s.s.w.c.SupplierDeferredSecurityContext - Created SecurityContextImpl [Null authentication]
2026-08-12 01:32:46.554 [http-nio-8383-exec-2] TRACE o.s.security.web.FilterChainProxy - Invoking RequestCacheAwareFilter (10/15)
2026-08-12 01:32:46.554 [http-nio-8383-exec-2] TRACE o.s.security.web.FilterChainProxy - Invoking SecurityContextHolderAwareRequestFilter (11/15)
2026-08-12 01:32:46.554 [http-nio-8383-exec-2] TRACE o.s.security.web.FilterChainProxy - Invoking AnonymousAuthenticationFilter (12/15)
2026-08-12 01:32:46.554 [http-nio-8383-exec-2] TRACE o.s.security.web.FilterChainProxy - Invoking SessionManagementFilter (13/15)
2026-08-12 01:32:46.554 [http-nio-8383-exec-2] TRACE o.s.s.w.a.AnonymousAuthenticationFilter - Did not set SecurityContextHolder since already authenticated UsernamePasswordAuthenticationToken [Principal=oc-FytAA23qQU0q8G9ybCC1rzvAiD2aeodx_MRXEGVk@naver.user, Credentials=[PROTECTED], Authenticated=true, Details=null, Granted Authorities=[ROLE_SELLER]]
2026-08-12 01:32:46.554 [http-nio-8383-exec-2] TRACE o.s.s.w.a.s.CompositeSessionAuthenticationStrategy - Preparing session with ChangeSessionIdAuthenticationStrategy (1/1)
2026-08-12 01:32:46.554 [http-nio-8383-exec-2] TRACE o.s.security.web.FilterChainProxy - Invoking ExceptionTranslationFilter (14/15)
2026-08-12 01:32:46.554 [http-nio-8383-exec-2] TRACE o.s.security.web.FilterChainProxy - Invoking AuthorizationFilter (15/15)
2026-08-12 01:32:46.554 [http-nio-8383-exec-2] TRACE o.s.s.w.a.i.RequestMatcherDelegatingAuthorizationManager - Authorizing GET /api/board/posts?keyword=&page=0&size=20&sort=popularityScore,desc&type=REVIEW
2026-08-12 01:32:46.555 [http-nio-8383-exec-2] TRACE o.s.s.w.a.i.RequestMatcherDelegatingAuthorizationManager - Checking authorization on GET /api/board/posts?keyword=&page=0&size=20&sort=popularityScore,desc&type=REVIEW using org.springframework.security.config.annotation.web.configurers.AuthorizeHttpRequestsConfigurer$$Lambda/0x000001e742def428@32a15f82
2026-08-12 01:32:46.555 [http-nio-8383-exec-2] DEBUG o.s.security.web.FilterChainProxy - Secured GET /api/board/posts?keyword=&page=0&size=20&sort=popularityScore,desc&type=REVIEW
2026-08-12 01:32:46.630 [http-nio-8383-exec-2] TRACE o.s.s.w.h.writers.HstsHeaderWriter - Not injecting HSTS header since it did not match request to [Is Secure]
2026-08-12 01:35:00.005 [scheduling-1] INFO  c.s.s.s.board.PostSyncScheduler - ==== Redis -> DB 동기화 스케줄러 시작 ====
2026-08-12 01:35:00.195 [scheduling-1] INFO  c.s.s.s.board.PostSyncScheduler - ==== Redis -> DB 동기화 완료 ====
2026-08-12 01:40:00.015 [scheduling-1] INFO  c.s.s.s.board.PostSyncScheduler - ==== Redis -> DB 동기화 스케줄러 시작 ====
2026-08-12 01:40:00.161 [scheduling-1] INFO  c.s.s.s.board.PostSyncScheduler - ==== Redis -> DB 동기화 완료 ====
2026-08-12 01:45:00.010 [scheduling-1] INFO  c.s.s.s.board.PostSyncScheduler - ==== Redis -> DB 동기화 스케줄러 시작 ====
2026-08-12 01:45:00.175 [scheduling-1] INFO  c.s.s.s.board.PostSyncScheduler - ==== Redis -> DB 동기화 완료 ====
2026-08-12 01:50:00.008 [scheduling-1] INFO  c.s.s.s.board.PostSyncScheduler - ==== Redis -> DB 동기화 스케줄러 시작 ====
2026-08-12 01:50:00.152 [scheduling-1] INFO  c.s.s.s.board.PostSyncScheduler - ==== Redis -> DB 동기화 완료 ====
2026-08-12 01:55:00.015 [scheduling-1] INFO  c.s.s.s.board.PostSyncScheduler - ==== Redis -> DB 동기화 스케줄러 시작 ====
2026-08-12 01:55:00.146 [scheduling-1] INFO  c.s.s.s.board.PostSyncScheduler - ==== Redis -> DB 동기화 완료 ====
2026-08-12 02:00:00.010 [scheduling-1] INFO  c.s.s.s.board.PostSyncScheduler - ==== Redis -> DB 동기화 스케줄러 시작 ====
2026-08-12 02:00:00.143 [scheduling-1] INFO  c.s.s.s.board.PostSyncScheduler - ==== Redis -> DB 동기화 완료 ====
2026-08-12 02:00:00.145 [scheduling-1] INFO  c.s.s.s.board.PostScoreScheduler - Starting scheduled task to update Post Popularity Scores...
2026-08-12 02:00:00.180 [scheduling-1] INFO  c.s.s.s.board.PostScoreScheduler - Finished updating popularity scores for 21 posts.
2026-08-12 02:05:00.014 [scheduling-1] INFO  c.s.s.s.board.PostSyncScheduler - ==== Redis -> DB 동기화 스케줄러 시작 ====
2026-08-12 02:05:00.165 [scheduling-1] INFO  c.s.s.s.board.PostSyncScheduler - ==== Redis -> DB 동기화 완료 ====
2026-08-12 02:10:00.016 [scheduling-1] INFO  c.s.s.s.board.PostSyncScheduler - ==== Redis -> DB 동기화 스케줄러 시작 ====
2026-08-12 02:10:00.169 [scheduling-1] INFO  c.s.s.s.board.PostSyncScheduler - ==== Redis -> DB 동기화 완료 ====
2026-08-12 02:15:00.012 [scheduling-1] INFO  c.s.s.s.board.PostSyncScheduler - ==== Redis -> DB 동기화 스케줄러 시작 ====
2026-08-12 02:15:00.184 [scheduling-1] INFO  c.s.s.s.board.PostSyncScheduler - ==== Redis -> DB 동기화 완료 ====
2026-08-12 02:20:00.002 [scheduling-1] INFO  c.s.s.s.board.PostSyncScheduler - ==== Redis -> DB 동기화 스케줄러 시작 ====
2026-08-12 02:20:00.126 [scheduling-1] INFO  c.s.s.s.board.PostSyncScheduler - ==== Redis -> DB 동기화 완료 ====
2026-08-12 02:25:00.007 [scheduling-1] INFO  c.s.s.s.board.PostSyncScheduler - ==== Redis -> DB 동기화 스케줄러 시작 ====
2026-08-12 02:25:00.190 [scheduling-1] INFO  c.s.s.s.board.PostSyncScheduler - ==== Redis -> DB 동기화 완료 ====
2026-08-12 02:30:00.016 [scheduling-1] INFO  c.s.s.s.board.PostSyncScheduler - ==== Redis -> DB 동기화 스케줄러 시작 ====
2026-08-12 02:30:00.139 [scheduling-1] INFO  c.s.s.s.board.PostSyncScheduler - ==== Redis -> DB 동기화 완료 ====
2026-08-12 02:35:00.002 [scheduling-1] INFO  c.s.s.s.board.PostSyncScheduler - ==== Redis -> DB 동기화 스케줄러 시작 ====
2026-08-12 02:35:00.129 [scheduling-1] INFO  c.s.s.s.board.PostSyncScheduler - ==== Redis -> DB 동기화 완료 ====
2026-08-12 02:40:00.014 [scheduling-1] INFO  c.s.s.s.board.PostSyncScheduler - ==== Redis -> DB 동기화 스케줄러 시작 ====
2026-08-12 02:40:00.140 [scheduling-1] INFO  c.s.s.s.board.PostSyncScheduler - ==== Redis -> DB 동기화 완료 ====
2026-08-12 02:45:00.006 [scheduling-1] INFO  c.s.s.s.board.PostSyncScheduler - ==== Redis -> DB 동기화 스케줄러 시작 ====
2026-08-12 02:45:00.140 [scheduling-1] INFO  c.s.s.s.board.PostSyncScheduler - ==== Redis -> DB 동기화 완료 ====
2026-08-12 02:50:00.006 [scheduling-1] INFO  c.s.s.s.board.PostSyncScheduler - ==== Redis -> DB 동기화 스케줄러 시작 ====
2026-08-12 02:50:00.108 [scheduling-1] INFO  c.s.s.s.board.PostSyncScheduler - ==== Redis -> DB 동기화 완료 ====
2026-08-12 02:55:00.014 [scheduling-1] INFO  c.s.s.s.board.PostSyncScheduler - ==== Redis -> DB 동기화 스케줄러 시작 ====
2026-08-12 02:55:00.136 [scheduling-1] INFO  c.s.s.s.board.PostSyncScheduler - ==== Redis -> DB 동기화 완료 ====
2026-08-12 03:00:00.008 [scheduling-1] INFO  c.s.s.s.board.PostSyncScheduler - ==== Redis -> DB 동기화 스케줄러 시작 ====
2026-08-12 03:00:00.129 [scheduling-1] INFO  c.s.s.s.board.PostSyncScheduler - ==== Redis -> DB 동기화 완료 ====
2026-08-12 03:00:00.132 [scheduling-1] INFO  c.s.s.s.board.PostScoreScheduler - Starting scheduled task to update Post Popularity Scores...
2026-08-12 03:00:00.154 [scheduling-1] INFO  c.s.s.s.board.PostScoreScheduler - Finished updating popularity scores for 21 posts.
2026-08-12 03:05:00.003 [scheduling-1] INFO  c.s.s.s.board.PostSyncScheduler - ==== Redis -> DB 동기화 스케줄러 시작 ====
2026-08-12 03:05:00.112 [scheduling-1] INFO  c.s.s.s.board.PostSyncScheduler - ==== Redis -> DB 동기화 완료 ====
2026-08-12 03:10:00.006 [scheduling-1] INFO  c.s.s.s.board.PostSyncScheduler - ==== Redis -> DB 동기화 스케줄러 시작 ====
2026-08-12 03:10:00.166 [scheduling-1] INFO  c.s.s.s.board.PostSyncScheduler - ==== Redis -> DB 동기화 완료 ====
2026-08-12 03:15:00.006 [scheduling-1] INFO  c.s.s.s.board.PostSyncScheduler - ==== Redis -> DB 동기화 스케줄러 시작 ====
2026-08-12 03:15:00.119 [scheduling-1] INFO  c.s.s.s.board.PostSyncScheduler - ==== Redis -> DB 동기화 완료 ====
2026-08-12 03:20:00.004 [scheduling-1] INFO  c.s.s.s.board.PostSyncScheduler - ==== Redis -> DB 동기화 스케줄러 시작 ====
2026-08-12 03:20:00.122 [scheduling-1] INFO  c.s.s.s.board.PostSyncScheduler - ==== Redis -> DB 동기화 완료 ====
2026-08-12 03:25:00.014 [scheduling-1] INFO  c.s.s.s.board.PostSyncScheduler - ==== Redis -> DB 동기화 스케줄러 시작 ====
2026-08-12 03:25:00.145 [scheduling-1] INFO  c.s.s.s.board.PostSyncScheduler - ==== Redis -> DB 동기화 완료 ====
2026-08-12 03:30:00.016 [scheduling-1] INFO  c.s.s.s.board.PostSyncScheduler - ==== Redis -> DB 동기화 스케줄러 시작 ====
2026-08-12 03:30:00.128 [scheduling-1] INFO  c.s.s.s.board.PostSyncScheduler - ==== Redis -> DB 동기화 완료 ====
2026-08-12 03:35:00.006 [scheduling-1] INFO  c.s.s.s.board.PostSyncScheduler - ==== Redis -> DB 동기화 스케줄러 시작 ====
2026-08-12 03:35:00.126 [scheduling-1] INFO  c.s.s.s.board.PostSyncScheduler - ==== Redis -> DB 동기화 완료 ====
2026-08-12 03:40:00.007 [scheduling-1] INFO  c.s.s.s.board.PostSyncScheduler - ==== Redis -> DB 동기화 스케줄러 시작 ====
2026-08-12 03:40:00.149 [scheduling-1] INFO  c.s.s.s.board.PostSyncScheduler - ==== Redis -> DB 동기화 완료 ====
2026-08-12 03:45:00.015 [scheduling-1] INFO  c.s.s.s.board.PostSyncScheduler - ==== Redis -> DB 동기화 스케줄러 시작 ====
2026-08-12 03:45:00.136 [scheduling-1] INFO  c.s.s.s.board.PostSyncScheduler - ==== Redis -> DB 동기화 완료 ====
2026-08-12 03:50:00.011 [scheduling-1] INFO  c.s.s.s.board.PostSyncScheduler - ==== Redis -> DB 동기화 스케줄러 시작 ====
2026-08-12 03:50:00.131 [scheduling-1] INFO  c.s.s.s.board.PostSyncScheduler - ==== Redis -> DB 동기화 완료 ====
2026-08-12 03:55:00.006 [scheduling-1] INFO  c.s.s.s.board.PostSyncScheduler - ==== Redis -> DB 동기화 스케줄러 시작 ====
2026-08-12 03:55:00.121 [scheduling-1] INFO  c.s.s.s.board.PostSyncScheduler - ==== Redis -> DB 동기화 완료 ====
2026-08-12 04:00:00.004 [scheduling-1] INFO  c.s.s.s.board.PostScoreScheduler - Starting scheduled task to update Post Popularity Scores...
2026-08-12 04:00:00.032 [scheduling-1] INFO  c.s.s.s.board.PostScoreScheduler - Finished updating popularity scores for 21 posts.
2026-08-12 04:00:00.095 [scheduling-1] INFO  c.s.s.s.board.PostSyncScheduler - ==== Redis -> DB 동기화 스케줄러 시작 ====
2026-08-12 04:00:00.234 [scheduling-1] INFO  c.s.s.s.board.PostSyncScheduler - ==== Redis -> DB 동기화 완료 ====
2026-08-12 04:05:00.003 [scheduling-1] INFO  c.s.s.s.board.PostSyncScheduler - ==== Redis -> DB 동기화 스케줄러 시작 ====
2026-08-12 04:05:00.136 [scheduling-1] INFO  c.s.s.s.board.PostSyncScheduler - ==== Redis -> DB 동기화 완료 ====
2026-08-12 04:10:00.016 [scheduling-1] INFO  c.s.s.s.board.PostSyncScheduler - ==== Redis -> DB 동기화 스케줄러 시작 ====
2026-08-12 04:10:00.163 [scheduling-1] INFO  c.s.s.s.board.PostSyncScheduler - ==== Redis -> DB 동기화 완료 ====
2026-08-12 04:15:00.002 [scheduling-1] INFO  c.s.s.s.board.PostSyncScheduler - ==== Redis -> DB 동기화 스케줄러 시작 ====
2026-08-12 04:15:00.114 [scheduling-1] INFO  c.s.s.s.board.PostSyncScheduler - ==== Redis -> DB 동기화 완료 ====
2026-08-12 04:20:00.009 [scheduling-1] INFO  c.s.s.s.board.PostSyncScheduler - ==== Redis -> DB 동기화 스케줄러 시작 ====
2026-08-12 04:20:00.110 [scheduling-1] INFO  c.s.s.s.board.PostSyncScheduler - ==== Redis -> DB 동기화 완료 ====
2026-08-12 04:25:00.014 [scheduling-1] INFO  c.s.s.s.board.PostSyncScheduler - ==== Redis -> DB 동기화 스케줄러 시작 ====
2026-08-12 04:25:00.119 [scheduling-1] INFO  c.s.s.s.board.PostSyncScheduler - ==== Redis -> DB 동기화 완료 ====
2026-08-12 04:25:24.303 [http-nio-8383-exec-3] TRACE o.s.security.web.FilterChainProxy - Trying to match request against DefaultSecurityFilterChain [RequestMatcher=any request, Filters=[org.springframework.security.web.session.DisableEncodeUrlFilter@70c1092a, org.springframework.security.web.context.request.async.WebAsyncManagerIntegrationFilter@6b51ae08, org.springframework.security.web.context.SecurityContextHolderFilter@57c369e8, org.springframework.security.web.header.HeaderWriterFilter@271ab510, org.springframework.web.filter.CorsFilter@5096c1ce, org.springframework.security.web.authentication.logout.LogoutFilter@38bc128d, org.springframework.security.oauth2.client.web.OAuth2AuthorizationRequestRedirectFilter@27d45d8, org.springframework.security.oauth2.client.web.OAuth2LoginAuthenticationFilter@47bd0384, com.sleepyproject.sleepy_backend.config.JwtFilter@6a3b205, org.springframework.security.web.savedrequest.RequestCacheAwareFilter@1a4f2755, org.springframework.security.web.servletapi.SecurityContextHolderAwareRequestFilter@1e81c8c5, org.springframework.security.web.authentication.AnonymousAuthenticationFilter@1d2258b5, org.springframework.security.web.session.SessionManagementFilter@6fa3905b, org.springframework.security.web.access.ExceptionTranslationFilter@7c7e0c55, org.springframework.security.web.access.intercept.AuthorizationFilter@6f6e3748]] (1/1)
2026-08-12 04:25:24.306 [http-nio-8383-exec-3] DEBUG o.s.security.web.FilterChainProxy - Securing GET /api/board/posts?keyword=&page=0&size=50&sort=createdAt,desc&type=MEDIA
2026-08-12 04:25:24.306 [http-nio-8383-exec-3] TRACE o.s.security.web.FilterChainProxy - Invoking DisableEncodeUrlFilter (1/15)
2026-08-12 04:25:24.307 [http-nio-8383-exec-3] TRACE o.s.security.web.FilterChainProxy - Invoking WebAsyncManagerIntegrationFilter (2/15)
2026-08-12 04:25:24.308 [http-nio-8383-exec-3] TRACE o.s.security.web.FilterChainProxy - Invoking SecurityContextHolderFilter (3/15)
2026-08-12 04:25:24.309 [http-nio-8383-exec-3] TRACE o.s.security.web.FilterChainProxy - Invoking HeaderWriterFilter (4/15)
2026-08-12 04:25:24.309 [http-nio-8383-exec-3] TRACE o.s.security.web.FilterChainProxy - Invoking CorsFilter (5/15)
2026-08-12 04:25:24.310 [http-nio-8383-exec-3] TRACE o.s.security.web.FilterChainProxy - Invoking LogoutFilter (6/15)
2026-08-12 04:25:24.312 [http-nio-8383-exec-3] TRACE o.s.s.w.a.logout.LogoutFilter - Did not match request to Or [Ant [pattern='/logout', GET], Ant [pattern='/logout', POST], Ant [pattern='/logout', PUT], Ant [pattern='/logout', DELETE]]
2026-08-12 04:25:24.312 [http-nio-8383-exec-3] TRACE o.s.security.web.FilterChainProxy - Invoking OAuth2AuthorizationRequestRedirectFilter (7/15)
2026-08-12 04:25:24.314 [http-nio-8383-exec-3] TRACE o.s.security.web.FilterChainProxy - Invoking OAuth2LoginAuthenticationFilter (8/15)
2026-08-12 04:25:24.314 [http-nio-8383-exec-3] TRACE o.s.s.o.c.w.OAuth2LoginAuthenticationFilter - Did not match request to Ant [pattern='/login/oauth2/code/*']
2026-08-12 04:25:24.315 [http-nio-8383-exec-3] TRACE o.s.security.web.FilterChainProxy - Invoking JwtFilter (9/15)
2026-08-12 04:25:24.376 [http-nio-8383-exec-3] TRACE o.s.security.web.FilterChainProxy - Invoking RequestCacheAwareFilter (10/15)
2026-08-12 04:25:24.376 [http-nio-8383-exec-3] TRACE o.s.security.web.FilterChainProxy - Invoking SecurityContextHolderAwareRequestFilter (11/15)
2026-08-12 04:25:24.377 [http-nio-8383-exec-3] TRACE o.s.security.web.FilterChainProxy - Invoking AnonymousAuthenticationFilter (12/15)
2026-08-12 04:25:24.377 [http-nio-8383-exec-3] TRACE o.s.security.web.FilterChainProxy - Invoking SessionManagementFilter (13/15)
2026-08-12 04:25:24.378 [http-nio-8383-exec-3] TRACE o.s.s.w.c.SupplierDeferredSecurityContext - Created SecurityContextImpl [Null authentication]
2026-08-12 04:25:24.380 [http-nio-8383-exec-3] TRACE o.s.s.w.a.AnonymousAuthenticationFilter - Set SecurityContextHolder to AnonymousAuthenticationToken [Principal=anonymousUser, Credentials=[PROTECTED], Authenticated=true, Details=WebAuthenticationDetails [RemoteIpAddress=0:0:0:0:0:0:0:1, SessionId=null], Granted Authorities=[ROLE_ANONYMOUS]]
2026-08-12 04:25:24.380 [http-nio-8383-exec-3] TRACE o.s.security.web.FilterChainProxy - Invoking ExceptionTranslationFilter (14/15)
2026-08-12 04:25:24.380 [http-nio-8383-exec-3] TRACE o.s.security.web.FilterChainProxy - Invoking AuthorizationFilter (15/15)
2026-08-12 04:25:24.380 [http-nio-8383-exec-3] TRACE o.s.s.w.a.i.RequestMatcherDelegatingAuthorizationManager - Authorizing GET /api/board/posts?keyword=&page=0&size=50&sort=createdAt,desc&type=MEDIA
2026-08-12 04:25:24.382 [http-nio-8383-exec-3] TRACE o.s.s.w.a.i.RequestMatcherDelegatingAuthorizationManager - Checking authorization on GET /api/board/posts?keyword=&page=0&size=50&sort=createdAt,desc&type=MEDIA using org.springframework.security.config.annotation.web.configurers.AuthorizeHttpRequestsConfigurer$$Lambda/0x000001e742def428@32a15f82
2026-08-12 04:25:24.383 [http-nio-8383-exec-3] DEBUG o.s.security.web.FilterChainProxy - Secured GET /api/board/posts?keyword=&page=0&size=50&sort=createdAt,desc&type=MEDIA
2026-08-12 04:25:24.652 [http-nio-8383-exec-3] TRACE o.s.s.w.h.writers.HstsHeaderWriter - Not injecting HSTS header since it did not match request to [Is Secure]
2026-08-12 04:25:24.664 [http-nio-8383-exec-4] TRACE o.s.security.web.FilterChainProxy - Trying to match request against DefaultSecurityFilterChain [RequestMatcher=any request, Filters=[org.springframework.security.web.session.DisableEncodeUrlFilter@70c1092a, org.springframework.security.web.context.request.async.WebAsyncManagerIntegrationFilter@6b51ae08, org.springframework.security.web.context.SecurityContextHolderFilter@57c369e8, org.springframework.security.web.header.HeaderWriterFilter@271ab510, org.springframework.web.filter.CorsFilter@5096c1ce, org.springframework.security.web.authentication.logout.LogoutFilter@38bc128d, org.springframework.security.oauth2.client.web.OAuth2AuthorizationRequestRedirectFilter@27d45d8, org.springframework.security.oauth2.client.web.OAuth2LoginAuthenticationFilter@47bd0384, com.sleepyproject.sleepy_backend.config.JwtFilter@6a3b205, org.springframework.security.web.savedrequest.RequestCacheAwareFilter@1a4f2755, org.springframework.security.web.servletapi.SecurityContextHolderAwareRequestFilter@1e81c8c5, org.springframework.security.web.authentication.AnonymousAuthenticationFilter@1d2258b5, org.springframework.security.web.session.SessionManagementFilter@6fa3905b, org.springframework.security.web.access.ExceptionTranslationFilter@7c7e0c55, org.springframework.security.web.access.intercept.AuthorizationFilter@6f6e3748]] (1/1)
2026-08-12 04:25:24.664 [http-nio-8383-exec-4] DEBUG o.s.security.web.FilterChainProxy - Securing GET /api/board/posts?keyword=&page=0&size=50&sort=createdAt,desc&type=MEDIA
2026-08-12 04:25:24.664 [http-nio-8383-exec-4] TRACE o.s.security.web.FilterChainProxy - Invoking DisableEncodeUrlFilter (1/15)
2026-08-12 04:25:24.664 [http-nio-8383-exec-4] TRACE o.s.security.web.FilterChainProxy - Invoking WebAsyncManagerIntegrationFilter (2/15)
2026-08-12 04:25:24.664 [http-nio-8383-exec-4] TRACE o.s.security.web.FilterChainProxy - Invoking SecurityContextHolderFilter (3/15)
2026-08-12 04:25:24.664 [http-nio-8383-exec-4] TRACE o.s.security.web.FilterChainProxy - Invoking HeaderWriterFilter (4/15)
2026-08-12 04:25:24.664 [http-nio-8383-exec-4] TRACE o.s.security.web.FilterChainProxy - Invoking CorsFilter (5/15)
2026-08-12 04:25:24.664 [http-nio-8383-exec-4] TRACE o.s.security.web.FilterChainProxy - Invoking LogoutFilter (6/15)
2026-08-12 04:25:24.664 [http-nio-8383-exec-4] TRACE o.s.s.w.a.logout.LogoutFilter - Did not match request to Or [Ant [pattern='/logout', GET], Ant [pattern='/logout', POST], Ant [pattern='/logout', PUT], Ant [pattern='/logout', DELETE]]
2026-08-12 04:25:24.664 [http-nio-8383-exec-4] TRACE o.s.security.web.FilterChainProxy - Invoking OAuth2AuthorizationRequestRedirectFilter (7/15)
2026-08-12 04:25:24.664 [http-nio-8383-exec-4] TRACE o.s.security.web.FilterChainProxy - Invoking OAuth2LoginAuthenticationFilter (8/15)
2026-08-12 04:25:24.664 [http-nio-8383-exec-4] TRACE o.s.s.o.c.w.OAuth2LoginAuthenticationFilter - Did not match request to Ant [pattern='/login/oauth2/code/*']
2026-08-12 04:25:24.664 [http-nio-8383-exec-4] TRACE o.s.security.web.FilterChainProxy - Invoking JwtFilter (9/15)
2026-08-12 04:25:24.672 [http-nio-8383-exec-4] TRACE o.s.security.web.FilterChainProxy - Invoking RequestCacheAwareFilter (10/15)
2026-08-12 04:25:24.672 [http-nio-8383-exec-4] TRACE o.s.security.web.FilterChainProxy - Invoking SecurityContextHolderAwareRequestFilter (11/15)
2026-08-12 04:25:24.672 [http-nio-8383-exec-4] TRACE o.s.security.web.FilterChainProxy - Invoking AnonymousAuthenticationFilter (12/15)
2026-08-12 04:25:24.672 [http-nio-8383-exec-4] TRACE o.s.security.web.FilterChainProxy - Invoking SessionManagementFilter (13/15)
2026-08-12 04:25:24.672 [http-nio-8383-exec-4] TRACE o.s.s.w.c.SupplierDeferredSecurityContext - Created SecurityContextImpl [Null authentication]
2026-08-12 04:25:24.673 [http-nio-8383-exec-4] TRACE o.s.s.w.a.AnonymousAuthenticationFilter - Set SecurityContextHolder to AnonymousAuthenticationToken [Principal=anonymousUser, Credentials=[PROTECTED], Authenticated=true, Details=WebAuthenticationDetails [RemoteIpAddress=0:0:0:0:0:0:0:1, SessionId=null], Granted Authorities=[ROLE_ANONYMOUS]]
2026-08-12 04:25:24.673 [http-nio-8383-exec-4] TRACE o.s.security.web.FilterChainProxy - Invoking ExceptionTranslationFilter (14/15)
2026-08-12 04:25:24.673 [http-nio-8383-exec-4] TRACE o.s.security.web.FilterChainProxy - Invoking AuthorizationFilter (15/15)
2026-08-12 04:25:24.673 [http-nio-8383-exec-4] TRACE o.s.s.w.a.i.RequestMatcherDelegatingAuthorizationManager - Authorizing GET /api/board/posts?keyword=&page=0&size=50&sort=createdAt,desc&type=MEDIA
2026-08-12 04:25:24.673 [http-nio-8383-exec-4] TRACE o.s.s.w.a.i.RequestMatcherDelegatingAuthorizationManager - Checking authorization on GET /api/board/posts?keyword=&page=0&size=50&sort=createdAt,desc&type=MEDIA using org.springframework.security.config.annotation.web.configurers.AuthorizeHttpRequestsConfigurer$$Lambda/0x000001e742def428@32a15f82
2026-08-12 04:25:24.673 [http-nio-8383-exec-4] DEBUG o.s.security.web.FilterChainProxy - Secured GET /api/board/posts?keyword=&page=0&size=50&sort=createdAt,desc&type=MEDIA
2026-08-12 04:25:24.871 [http-nio-8383-exec-4] TRACE o.s.s.w.h.writers.HstsHeaderWriter - Not injecting HSTS header since it did not match request to [Is Secure]
2026-08-12 04:25:25.039 [http-nio-8383-exec-5] TRACE o.s.security.web.FilterChainProxy - Trying to match request against DefaultSecurityFilterChain [RequestMatcher=any request, Filters=[org.springframework.security.web.session.DisableEncodeUrlFilter@70c1092a, org.springframework.security.web.context.request.async.WebAsyncManagerIntegrationFilter@6b51ae08, org.springframework.security.web.context.SecurityContextHolderFilter@57c369e8, org.springframework.security.web.header.HeaderWriterFilter@271ab510, org.springframework.web.filter.CorsFilter@5096c1ce, org.springframework.security.web.authentication.logout.LogoutFilter@38bc128d, org.springframework.security.oauth2.client.web.OAuth2AuthorizationRequestRedirectFilter@27d45d8, org.springframework.security.oauth2.client.web.OAuth2LoginAuthenticationFilter@47bd0384, com.sleepyproject.sleepy_backend.config.JwtFilter@6a3b205, org.springframework.security.web.savedrequest.RequestCacheAwareFilter@1a4f2755, org.springframework.security.web.servletapi.SecurityContextHolderAwareRequestFilter@1e81c8c5, org.springframework.security.web.authentication.AnonymousAuthenticationFilter@1d2258b5, org.springframework.security.web.session.SessionManagementFilter@6fa3905b, org.springframework.security.web.access.ExceptionTranslationFilter@7c7e0c55, org.springframework.security.web.access.intercept.AuthorizationFilter@6f6e3748]] (1/1)
2026-08-12 04:25:25.039 [http-nio-8383-exec-5] DEBUG o.s.security.web.FilterChainProxy - Securing GET /api/board/posts?keyword=&page=0&size=10&sort=createdAt,desc&type=MEDIA
2026-08-12 04:25:25.039 [http-nio-8383-exec-5] TRACE o.s.security.web.FilterChainProxy - Invoking DisableEncodeUrlFilter (1/15)
2026-08-12 04:25:25.039 [http-nio-8383-exec-5] TRACE o.s.security.web.FilterChainProxy - Invoking WebAsyncManagerIntegrationFilter (2/15)
2026-08-12 04:25:25.039 [http-nio-8383-exec-5] TRACE o.s.security.web.FilterChainProxy - Invoking SecurityContextHolderFilter (3/15)
2026-08-12 04:25:25.040 [http-nio-8383-exec-5] TRACE o.s.security.web.FilterChainProxy - Invoking HeaderWriterFilter (4/15)
2026-08-12 04:25:25.040 [http-nio-8383-exec-5] TRACE o.s.security.web.FilterChainProxy - Invoking CorsFilter (5/15)
2026-08-12 04:25:25.040 [http-nio-8383-exec-5] TRACE o.s.security.web.FilterChainProxy - Invoking LogoutFilter (6/15)
2026-08-12 04:25:25.040 [http-nio-8383-exec-6] TRACE o.s.security.web.FilterChainProxy - Trying to match request against DefaultSecurityFilterChain [RequestMatcher=any request, Filters=[org.springframework.security.web.session.DisableEncodeUrlFilter@70c1092a, org.springframework.security.web.context.request.async.WebAsyncManagerIntegrationFilter@6b51ae08, org.springframework.security.web.context.SecurityContextHolderFilter@57c369e8, org.springframework.security.web.header.HeaderWriterFilter@271ab510, org.springframework.web.filter.CorsFilter@5096c1ce, org.springframework.security.web.authentication.logout.LogoutFilter@38bc128d, org.springframework.security.oauth2.client.web.OAuth2AuthorizationRequestRedirectFilter@27d45d8, org.springframework.security.oauth2.client.web.OAuth2LoginAuthenticationFilter@47bd0384, com.sleepyproject.sleepy_backend.config.JwtFilter@6a3b205, org.springframework.security.web.savedrequest.RequestCacheAwareFilter@1a4f2755, org.springframework.security.web.servletapi.SecurityContextHolderAwareRequestFilter@1e81c8c5, org.springframework.security.web.authentication.AnonymousAuthenticationFilter@1d2258b5, org.springframework.security.web.session.SessionManagementFilter@6fa3905b, org.springframework.security.web.access.ExceptionTranslationFilter@7c7e0c55, org.springframework.security.web.access.intercept.AuthorizationFilter@6f6e3748]] (1/1)
2026-08-12 04:25:25.040 [http-nio-8383-exec-5] TRACE o.s.s.w.a.logout.LogoutFilter - Did not match request to Or [Ant [pattern='/logout', GET], Ant [pattern='/logout', POST], Ant [pattern='/logout', PUT], Ant [pattern='/logout', DELETE]]
2026-08-12 04:25:25.040 [http-nio-8383-exec-5] TRACE o.s.security.web.FilterChainProxy - Invoking OAuth2AuthorizationRequestRedirectFilter (7/15)
2026-08-12 04:25:25.040 [http-nio-8383-exec-6] DEBUG o.s.security.web.FilterChainProxy - Securing GET /api/products/list?category=&keyword=&sellerId=&page=0&size=50&sort=reviewCount,desc
2026-08-12 04:25:25.040 [http-nio-8383-exec-5] TRACE o.s.security.web.FilterChainProxy - Invoking OAuth2LoginAuthenticationFilter (8/15)
2026-08-12 04:25:25.040 [http-nio-8383-exec-6] TRACE o.s.security.web.FilterChainProxy - Invoking DisableEncodeUrlFilter (1/15)
2026-08-12 04:25:25.040 [http-nio-8383-exec-5] TRACE o.s.s.o.c.w.OAuth2LoginAuthenticationFilter - Did not match request to Ant [pattern='/login/oauth2/code/*']
2026-08-12 04:25:25.040 [http-nio-8383-exec-6] TRACE o.s.security.web.FilterChainProxy - Invoking WebAsyncManagerIntegrationFilter (2/15)
2026-08-12 04:25:25.040 [http-nio-8383-exec-5] TRACE o.s.security.web.FilterChainProxy - Invoking JwtFilter (9/15)
2026-08-12 04:25:25.040 [http-nio-8383-exec-6] TRACE o.s.security.web.FilterChainProxy - Invoking SecurityContextHolderFilter (3/15)
2026-08-12 04:25:25.040 [http-nio-8383-exec-6] TRACE o.s.security.web.FilterChainProxy - Invoking HeaderWriterFilter (4/15)
2026-08-12 04:25:25.040 [http-nio-8383-exec-6] TRACE o.s.security.web.FilterChainProxy - Invoking CorsFilter (5/15)
2026-08-12 04:25:25.040 [http-nio-8383-exec-6] TRACE o.s.security.web.FilterChainProxy - Invoking LogoutFilter (6/15)
2026-08-12 04:25:25.040 [http-nio-8383-exec-6] TRACE o.s.s.w.a.logout.LogoutFilter - Did not match request to Or [Ant [pattern='/logout', GET], Ant [pattern='/logout', POST], Ant [pattern='/logout', PUT], Ant [pattern='/logout', DELETE]]
2026-08-12 04:25:25.040 [http-nio-8383-exec-6] TRACE o.s.security.web.FilterChainProxy - Invoking OAuth2AuthorizationRequestRedirectFilter (7/15)
2026-08-12 04:25:25.040 [http-nio-8383-exec-6] TRACE o.s.security.web.FilterChainProxy - Invoking OAuth2LoginAuthenticationFilter (8/15)
2026-08-12 04:25:25.041 [http-nio-8383-exec-6] TRACE o.s.s.o.c.w.OAuth2LoginAuthenticationFilter - Did not match request to Ant [pattern='/login/oauth2/code/*']
2026-08-12 04:25:25.041 [http-nio-8383-exec-6] TRACE o.s.security.web.FilterChainProxy - Invoking JwtFilter (9/15)
2026-08-12 04:25:25.041 [http-nio-8383-exec-7] TRACE o.s.security.web.FilterChainProxy - Trying to match request against DefaultSecurityFilterChain [RequestMatcher=any request, Filters=[org.springframework.security.web.session.DisableEncodeUrlFilter@70c1092a, org.springframework.security.web.context.request.async.WebAsyncManagerIntegrationFilter@6b51ae08, org.springframework.security.web.context.SecurityContextHolderFilter@57c369e8, org.springframework.security.web.header.HeaderWriterFilter@271ab510, org.springframework.web.filter.CorsFilter@5096c1ce, org.springframework.security.web.authentication.logout.LogoutFilter@38bc128d, org.springframework.security.oauth2.client.web.OAuth2AuthorizationRequestRedirectFilter@27d45d8, org.springframework.security.oauth2.client.web.OAuth2LoginAuthenticationFilter@47bd0384, com.sleepyproject.sleepy_backend.config.JwtFilter@6a3b205, org.springframework.security.web.savedrequest.RequestCacheAwareFilter@1a4f2755, org.springframework.security.web.servletapi.SecurityContextHolderAwareRequestFilter@1e81c8c5, org.springframework.security.web.authentication.AnonymousAuthenticationFilter@1d2258b5, org.springframework.security.web.session.SessionManagementFilter@6fa3905b, org.springframework.security.web.access.ExceptionTranslationFilter@7c7e0c55, org.springframework.security.web.access.intercept.AuthorizationFilter@6f6e3748]] (1/1)
2026-08-12 04:25:25.042 [http-nio-8383-exec-7] DEBUG o.s.security.web.FilterChainProxy - Securing GET /api/products/list?category=&keyword=&sellerId=&page=0&size=20&sort=createdAt,desc
2026-08-12 04:25:25.042 [http-nio-8383-exec-7] TRACE o.s.security.web.FilterChainProxy - Invoking DisableEncodeUrlFilter (1/15)
2026-08-12 04:25:25.042 [http-nio-8383-exec-7] TRACE o.s.security.web.FilterChainProxy - Invoking WebAsyncManagerIntegrationFilter (2/15)
2026-08-12 04:25:25.042 [http-nio-8383-exec-7] TRACE o.s.security.web.FilterChainProxy - Invoking SecurityContextHolderFilter (3/15)
2026-08-12 04:25:25.042 [http-nio-8383-exec-7] TRACE o.s.security.web.FilterChainProxy - Invoking HeaderWriterFilter (4/15)
2026-08-12 04:25:25.042 [http-nio-8383-exec-7] TRACE o.s.security.web.FilterChainProxy - Invoking CorsFilter (5/15)
2026-08-12 04:25:25.042 [http-nio-8383-exec-7] TRACE o.s.security.web.FilterChainProxy - Invoking LogoutFilter (6/15)
2026-08-12 04:25:25.042 [http-nio-8383-exec-7] TRACE o.s.s.w.a.logout.LogoutFilter - Did not match request to Or [Ant [pattern='/logout', GET], Ant [pattern='/logout', POST], Ant [pattern='/logout', PUT], Ant [pattern='/logout', DELETE]]
2026-08-12 04:25:25.042 [http-nio-8383-exec-7] TRACE o.s.security.web.FilterChainProxy - Invoking OAuth2AuthorizationRequestRedirectFilter (7/15)
2026-08-12 04:25:25.042 [http-nio-8383-exec-7] TRACE o.s.security.web.FilterChainProxy - Invoking OAuth2LoginAuthenticationFilter (8/15)
2026-08-12 04:25:25.042 [http-nio-8383-exec-7] TRACE o.s.s.o.c.w.OAuth2LoginAuthenticationFilter - Did not match request to Ant [pattern='/login/oauth2/code/*']
2026-08-12 04:25:25.042 [http-nio-8383-exec-7] TRACE o.s.security.web.FilterChainProxy - Invoking JwtFilter (9/15)
2026-08-12 04:25:25.050 [http-nio-8383-exec-5] TRACE o.s.security.web.FilterChainProxy - Invoking RequestCacheAwareFilter (10/15)
2026-08-12 04:25:25.050 [http-nio-8383-exec-5] TRACE o.s.security.web.FilterChainProxy - Invoking SecurityContextHolderAwareRequestFilter (11/15)
2026-08-12 04:25:25.050 [http-nio-8383-exec-5] TRACE o.s.security.web.FilterChainProxy - Invoking AnonymousAuthenticationFilter (12/15)
2026-08-12 04:25:25.050 [http-nio-8383-exec-5] TRACE o.s.security.web.FilterChainProxy - Invoking SessionManagementFilter (13/15)
2026-08-12 04:25:25.050 [http-nio-8383-exec-5] TRACE o.s.s.w.c.SupplierDeferredSecurityContext - Created SecurityContextImpl [Null authentication]
2026-08-12 04:25:25.050 [http-nio-8383-exec-6] TRACE o.s.security.web.FilterChainProxy - Invoking RequestCacheAwareFilter (10/15)
2026-08-12 04:25:25.050 [http-nio-8383-exec-6] TRACE o.s.security.web.FilterChainProxy - Invoking SecurityContextHolderAwareRequestFilter (11/15)
2026-08-12 04:25:25.050 [http-nio-8383-exec-5] TRACE o.s.s.w.a.AnonymousAuthenticationFilter - Set SecurityContextHolder to AnonymousAuthenticationToken [Principal=anonymousUser, Credentials=[PROTECTED], Authenticated=true, Details=WebAuthenticationDetails [RemoteIpAddress=0:0:0:0:0:0:0:1, SessionId=null], Granted Authorities=[ROLE_ANONYMOUS]]
2026-08-12 04:25:25.050 [http-nio-8383-exec-6] TRACE o.s.security.web.FilterChainProxy - Invoking AnonymousAuthenticationFilter (12/15)
2026-08-12 04:25:25.050 [http-nio-8383-exec-5] TRACE o.s.security.web.FilterChainProxy - Invoking ExceptionTranslationFilter (14/15)
2026-08-12 04:25:25.050 [http-nio-8383-exec-6] TRACE o.s.security.web.FilterChainProxy - Invoking SessionManagementFilter (13/15)
2026-08-12 04:25:25.050 [http-nio-8383-exec-6] TRACE o.s.s.w.c.SupplierDeferredSecurityContext - Created SecurityContextImpl [Null authentication]
2026-08-12 04:25:25.050 [http-nio-8383-exec-6] TRACE o.s.s.w.a.AnonymousAuthenticationFilter - Set SecurityContextHolder to AnonymousAuthenticationToken [Principal=anonymousUser, Credentials=[PROTECTED], Authenticated=true, Details=WebAuthenticationDetails [RemoteIpAddress=0:0:0:0:0:0:0:1, SessionId=null], Granted Authorities=[ROLE_ANONYMOUS]]
2026-08-12 04:25:25.050 [http-nio-8383-exec-6] TRACE o.s.security.web.FilterChainProxy - Invoking ExceptionTranslationFilter (14/15)
2026-08-12 04:25:25.050 [http-nio-8383-exec-6] TRACE o.s.security.web.FilterChainProxy - Invoking AuthorizationFilter (15/15)
2026-08-12 04:25:25.050 [http-nio-8383-exec-6] TRACE o.s.s.w.a.i.RequestMatcherDelegatingAuthorizationManager - Authorizing GET /api/products/list?category=&keyword=&sellerId=&page=0&size=50&sort=reviewCount,desc
2026-08-12 04:25:25.050 [http-nio-8383-exec-5] TRACE o.s.security.web.FilterChainProxy - Invoking AuthorizationFilter (15/15)
2026-08-12 04:25:25.050 [http-nio-8383-exec-5] TRACE o.s.s.w.a.i.RequestMatcherDelegatingAuthorizationManager - Authorizing GET /api/board/posts?keyword=&page=0&size=10&sort=createdAt,desc&type=MEDIA
2026-08-12 04:25:25.050 [http-nio-8383-exec-5] TRACE o.s.s.w.a.i.RequestMatcherDelegatingAuthorizationManager - Checking authorization on GET /api/board/posts?keyword=&page=0&size=10&sort=createdAt,desc&type=MEDIA using org.springframework.security.config.annotation.web.configurers.AuthorizeHttpRequestsConfigurer$$Lambda/0x000001e742def428@32a15f82
2026-08-12 04:25:25.050 [http-nio-8383-exec-6] TRACE o.s.s.w.a.i.RequestMatcherDelegatingAuthorizationManager - Checking authorization on GET /api/products/list?category=&keyword=&sellerId=&page=0&size=50&sort=reviewCount,desc using org.springframework.security.config.annotation.web.configurers.AuthorizeHttpRequestsConfigurer$$Lambda/0x000001e742def428@32a15f82
2026-08-12 04:25:25.051 [http-nio-8383-exec-5] DEBUG o.s.security.web.FilterChainProxy - Secured GET /api/board/posts?keyword=&page=0&size=10&sort=createdAt,desc&type=MEDIA
2026-08-12 04:25:25.051 [http-nio-8383-exec-6] DEBUG o.s.security.web.FilterChainProxy - Secured GET /api/products/list?category=&keyword=&sellerId=&page=0&size=50&sort=reviewCount,desc
2026-08-12 04:25:25.052 [http-nio-8383-exec-7] TRACE o.s.security.web.FilterChainProxy - Invoking RequestCacheAwareFilter (10/15)
2026-08-12 04:25:25.052 [http-nio-8383-exec-7] TRACE o.s.security.web.FilterChainProxy - Invoking SecurityContextHolderAwareRequestFilter (11/15)
2026-08-12 04:25:25.052 [http-nio-8383-exec-7] TRACE o.s.security.web.FilterChainProxy - Invoking AnonymousAuthenticationFilter (12/15)
2026-08-12 04:25:25.052 [http-nio-8383-exec-7] TRACE o.s.security.web.FilterChainProxy - Invoking SessionManagementFilter (13/15)
2026-08-12 04:25:25.052 [http-nio-8383-exec-7] TRACE o.s.s.w.c.SupplierDeferredSecurityContext - Created SecurityContextImpl [Null authentication]
2026-08-12 04:25:25.054 [http-nio-8383-exec-7] TRACE o.s.s.w.a.AnonymousAuthenticationFilter - Set SecurityContextHolder to AnonymousAuthenticationToken [Principal=anonymousUser, Credentials=[PROTECTED], Authenticated=true, Details=WebAuthenticationDetails [RemoteIpAddress=0:0:0:0:0:0:0:1, SessionId=null], Granted Authorities=[ROLE_ANONYMOUS]]
2026-08-12 04:25:25.055 [http-nio-8383-exec-7] TRACE o.s.security.web.FilterChainProxy - Invoking ExceptionTranslationFilter (14/15)
2026-08-12 04:25:25.055 [http-nio-8383-exec-7] TRACE o.s.security.web.FilterChainProxy - Invoking AuthorizationFilter (15/15)
2026-08-12 04:25:25.055 [http-nio-8383-exec-7] TRACE o.s.s.w.a.i.RequestMatcherDelegatingAuthorizationManager - Authorizing GET /api/products/list?category=&keyword=&sellerId=&page=0&size=20&sort=createdAt,desc
2026-08-12 04:25:25.056 [http-nio-8383-exec-7] TRACE o.s.s.w.a.i.RequestMatcherDelegatingAuthorizationManager - Checking authorization on GET /api/products/list?category=&keyword=&sellerId=&page=0&size=20&sort=createdAt,desc using org.springframework.security.config.annotation.web.configurers.AuthorizeHttpRequestsConfigurer$$Lambda/0x000001e742def428@32a15f82
2026-08-12 04:25:25.056 [http-nio-8383-exec-7] DEBUG o.s.security.web.FilterChainProxy - Secured GET /api/products/list?category=&keyword=&sellerId=&page=0&size=20&sort=createdAt,desc
2026-08-12 04:25:25.104 [http-nio-8383-exec-6] INFO  c.s.s.service.product.ProductService - 카테고리: , 키워드: , 판매자: null 로 검색 진행
2026-08-12 04:25:25.104 [http-nio-8383-exec-7] INFO  c.s.s.service.product.ProductService - 카테고리: , 키워드: , 판매자: null 로 검색 진행
2026-08-12 04:25:25.172 [http-nio-8383-exec-5] TRACE o.s.s.w.h.writers.HstsHeaderWriter - Not injecting HSTS header since it did not match request to [Is Secure]
2026-08-12 04:25:25.182 [http-nio-8383-exec-8] TRACE o.s.security.web.FilterChainProxy - Trying to match request against DefaultSecurityFilterChain [RequestMatcher=any request, Filters=[org.springframework.security.web.session.DisableEncodeUrlFilter@70c1092a, org.springframework.security.web.context.request.async.WebAsyncManagerIntegrationFilter@6b51ae08, org.springframework.security.web.context.SecurityContextHolderFilter@57c369e8, org.springframework.security.web.header.HeaderWriterFilter@271ab510, org.springframework.web.filter.CorsFilter@5096c1ce, org.springframework.security.web.authentication.logout.LogoutFilter@38bc128d, org.springframework.security.oauth2.client.web.OAuth2AuthorizationRequestRedirectFilter@27d45d8, org.springframework.security.oauth2.client.web.OAuth2LoginAuthenticationFilter@47bd0384, com.sleepyproject.sleepy_backend.config.JwtFilter@6a3b205, org.springframework.security.web.savedrequest.RequestCacheAwareFilter@1a4f2755, org.springframework.security.web.servletapi.SecurityContextHolderAwareRequestFilter@1e81c8c5, org.springframework.security.web.authentication.AnonymousAuthenticationFilter@1d2258b5, org.springframework.security.web.session.SessionManagementFilter@6fa3905b, org.springframework.security.web.access.ExceptionTranslationFilter@7c7e0c55, org.springframework.security.web.access.intercept.AuthorizationFilter@6f6e3748]] (1/1)
2026-08-12 04:25:25.183 [http-nio-8383-exec-8] DEBUG o.s.security.web.FilterChainProxy - Securing GET /api/board/posts?keyword=&page=0&size=10&sort=createdAt,desc&type=MEDIA
2026-08-12 04:25:25.183 [http-nio-8383-exec-8] TRACE o.s.security.web.FilterChainProxy - Invoking DisableEncodeUrlFilter (1/15)
2026-08-12 04:25:25.183 [http-nio-8383-exec-8] TRACE o.s.security.web.FilterChainProxy - Invoking WebAsyncManagerIntegrationFilter (2/15)
2026-08-12 04:25:25.183 [http-nio-8383-exec-8] TRACE o.s.security.web.FilterChainProxy - Invoking SecurityContextHolderFilter (3/15)
2026-08-12 04:25:25.183 [http-nio-8383-exec-8] TRACE o.s.security.web.FilterChainProxy - Invoking HeaderWriterFilter (4/15)
2026-08-12 04:25:25.183 [http-nio-8383-exec-8] TRACE o.s.security.web.FilterChainProxy - Invoking CorsFilter (5/15)
2026-08-12 04:25:25.183 [http-nio-8383-exec-8] TRACE o.s.security.web.FilterChainProxy - Invoking LogoutFilter (6/15)
2026-08-12 04:25:25.183 [http-nio-8383-exec-8] TRACE o.s.s.w.a.logout.LogoutFilter - Did not match request to Or [Ant [pattern='/logout', GET], Ant [pattern='/logout', POST], Ant [pattern='/logout', PUT], Ant [pattern='/logout', DELETE]]
2026-08-12 04:25:25.183 [http-nio-8383-exec-8] TRACE o.s.security.web.FilterChainProxy - Invoking OAuth2AuthorizationRequestRedirectFilter (7/15)
2026-08-12 04:25:25.183 [http-nio-8383-exec-8] TRACE o.s.security.web.FilterChainProxy - Invoking OAuth2LoginAuthenticationFilter (8/15)
2026-08-12 04:25:25.183 [http-nio-8383-exec-8] TRACE o.s.s.o.c.w.OAuth2LoginAuthenticationFilter - Did not match request to Ant [pattern='/login/oauth2/code/*']
2026-08-12 04:25:25.183 [http-nio-8383-exec-8] TRACE o.s.security.web.FilterChainProxy - Invoking JwtFilter (9/15)
2026-08-12 04:25:25.194 [http-nio-8383-exec-8] TRACE o.s.security.web.FilterChainProxy - Invoking RequestCacheAwareFilter (10/15)
2026-08-12 04:25:25.194 [http-nio-8383-exec-8] TRACE o.s.security.web.FilterChainProxy - Invoking SecurityContextHolderAwareRequestFilter (11/15)
2026-08-12 04:25:25.194 [http-nio-8383-exec-8] TRACE o.s.security.web.FilterChainProxy - Invoking AnonymousAuthenticationFilter (12/15)
2026-08-12 04:25:25.194 [http-nio-8383-exec-8] TRACE o.s.security.web.FilterChainProxy - Invoking SessionManagementFilter (13/15)
2026-08-12 04:25:25.194 [http-nio-8383-exec-8] TRACE o.s.s.w.c.SupplierDeferredSecurityContext - Created SecurityContextImpl [Null authentication]
2026-08-12 04:25:25.194 [http-nio-8383-exec-8] TRACE o.s.s.w.a.AnonymousAuthenticationFilter - Set SecurityContextHolder to AnonymousAuthenticationToken [Principal=anonymousUser, Credentials=[PROTECTED], Authenticated=true, Details=WebAuthenticationDetails [RemoteIpAddress=0:0:0:0:0:0:0:1, SessionId=null], Granted Authorities=[ROLE_ANONYMOUS]]
2026-08-12 04:25:25.195 [http-nio-8383-exec-8] TRACE o.s.security.web.FilterChainProxy - Invoking ExceptionTranslationFilter (14/15)
2026-08-12 04:25:25.195 [http-nio-8383-exec-8] TRACE o.s.security.web.FilterChainProxy - Invoking AuthorizationFilter (15/15)
2026-08-12 04:25:25.195 [http-nio-8383-exec-8] TRACE o.s.s.w.a.i.RequestMatcherDelegatingAuthorizationManager - Authorizing GET /api/board/posts?keyword=&page=0&size=10&sort=createdAt,desc&type=MEDIA
2026-08-12 04:25:25.195 [http-nio-8383-exec-8] TRACE o.s.s.w.a.i.RequestMatcherDelegatingAuthorizationManager - Checking authorization on GET /api/board/posts?keyword=&page=0&size=10&sort=createdAt,desc&type=MEDIA using org.springframework.security.config.annotation.web.configurers.AuthorizeHttpRequestsConfigurer$$Lambda/0x000001e742def428@32a15f82
2026-08-12 04:25:25.195 [http-nio-8383-exec-8] DEBUG o.s.security.web.FilterChainProxy - Secured GET /api/board/posts?keyword=&page=0&size=10&sort=createdAt,desc&type=MEDIA
2026-08-12 04:25:25.297 [http-nio-8383-exec-7] TRACE o.s.s.w.h.writers.HstsHeaderWriter - Not injecting HSTS header since it did not match request to [Is Secure]
2026-08-12 04:25:25.298 [http-nio-8383-exec-6] TRACE o.s.s.w.h.writers.HstsHeaderWriter - Not injecting HSTS header since it did not match request to [Is Secure]
2026-08-12 04:25:25.311 [http-nio-8383-exec-10] TRACE o.s.security.web.FilterChainProxy - Trying to match request against DefaultSecurityFilterChain [RequestMatcher=any request, Filters=[org.springframework.security.web.session.DisableEncodeUrlFilter@70c1092a, org.springframework.security.web.context.request.async.WebAsyncManagerIntegrationFilter@6b51ae08, org.springframework.security.web.context.SecurityContextHolderFilter@57c369e8, org.springframework.security.web.header.HeaderWriterFilter@271ab510, org.springframework.web.filter.CorsFilter@5096c1ce, org.springframework.security.web.authentication.logout.LogoutFilter@38bc128d, org.springframework.security.oauth2.client.web.OAuth2AuthorizationRequestRedirectFilter@27d45d8, org.springframework.security.oauth2.client.web.OAuth2LoginAuthenticationFilter@47bd0384, com.sleepyproject.sleepy_backend.config.JwtFilter@6a3b205, org.springframework.security.web.savedrequest.RequestCacheAwareFilter@1a4f2755, org.springframework.security.web.servletapi.SecurityContextHolderAwareRequestFilter@1e81c8c5, org.springframework.security.web.authentication.AnonymousAuthenticationFilter@1d2258b5, org.springframework.security.web.session.SessionManagementFilter@6fa3905b, org.springframework.security.web.access.ExceptionTranslationFilter@7c7e0c55, org.springframework.security.web.access.intercept.AuthorizationFilter@6f6e3748]] (1/1)
2026-08-12 04:25:25.311 [http-nio-8383-exec-9] TRACE o.s.security.web.FilterChainProxy - Trying to match request against DefaultSecurityFilterChain [RequestMatcher=any request, Filters=[org.springframework.security.web.session.DisableEncodeUrlFilter@70c1092a, org.springframework.security.web.context.request.async.WebAsyncManagerIntegrationFilter@6b51ae08, org.springframework.security.web.context.SecurityContextHolderFilter@57c369e8, org.springframework.security.web.header.HeaderWriterFilter@271ab510, org.springframework.web.filter.CorsFilter@5096c1ce, org.springframework.security.web.authentication.logout.LogoutFilter@38bc128d, org.springframework.security.oauth2.client.web.OAuth2AuthorizationRequestRedirectFilter@27d45d8, org.springframework.security.oauth2.client.web.OAuth2LoginAuthenticationFilter@47bd0384, com.sleepyproject.sleepy_backend.config.JwtFilter@6a3b205, org.springframework.security.web.savedrequest.RequestCacheAwareFilter@1a4f2755, org.springframework.security.web.servletapi.SecurityContextHolderAwareRequestFilter@1e81c8c5, org.springframework.security.web.authentication.AnonymousAuthenticationFilter@1d2258b5, org.springframework.security.web.session.SessionManagementFilter@6fa3905b, org.springframework.security.web.access.ExceptionTranslationFilter@7c7e0c55, org.springframework.security.web.access.intercept.AuthorizationFilter@6f6e3748]] (1/1)
2026-08-12 04:25:25.311 [http-nio-8383-exec-10] DEBUG o.s.security.web.FilterChainProxy - Securing GET /api/products/list?category=&keyword=&sellerId=&page=0&size=20&sort=createdAt,desc
2026-08-12 04:25:25.311 [http-nio-8383-exec-9] DEBUG o.s.security.web.FilterChainProxy - Securing GET /api/products/list?category=&keyword=&sellerId=&page=0&size=50&sort=reviewCount,desc
2026-08-12 04:25:25.311 [http-nio-8383-exec-9] TRACE o.s.security.web.FilterChainProxy - Invoking DisableEncodeUrlFilter (1/15)
2026-08-12 04:25:25.311 [http-nio-8383-exec-10] TRACE o.s.security.web.FilterChainProxy - Invoking DisableEncodeUrlFilter (1/15)
2026-08-12 04:25:25.311 [http-nio-8383-exec-10] TRACE o.s.security.web.FilterChainProxy - Invoking WebAsyncManagerIntegrationFilter (2/15)
2026-08-12 04:25:25.311 [http-nio-8383-exec-9] TRACE o.s.security.web.FilterChainProxy - Invoking WebAsyncManagerIntegrationFilter (2/15)
2026-08-12 04:25:25.311 [http-nio-8383-exec-10] TRACE o.s.security.web.FilterChainProxy - Invoking SecurityContextHolderFilter (3/15)
2026-08-12 04:25:25.311 [http-nio-8383-exec-9] TRACE o.s.security.web.FilterChainProxy - Invoking SecurityContextHolderFilter (3/15)
2026-08-12 04:25:25.311 [http-nio-8383-exec-10] TRACE o.s.security.web.FilterChainProxy - Invoking HeaderWriterFilter (4/15)
2026-08-12 04:25:25.311 [http-nio-8383-exec-9] TRACE o.s.security.web.FilterChainProxy - Invoking HeaderWriterFilter (4/15)
2026-08-12 04:25:25.311 [http-nio-8383-exec-9] TRACE o.s.security.web.FilterChainProxy - Invoking CorsFilter (5/15)
2026-08-12 04:25:25.311 [http-nio-8383-exec-10] TRACE o.s.security.web.FilterChainProxy - Invoking CorsFilter (5/15)
2026-08-12 04:25:25.312 [http-nio-8383-exec-9] TRACE o.s.security.web.FilterChainProxy - Invoking LogoutFilter (6/15)
2026-08-12 04:25:25.312 [http-nio-8383-exec-10] TRACE o.s.security.web.FilterChainProxy - Invoking LogoutFilter (6/15)
2026-08-12 04:25:25.312 [http-nio-8383-exec-9] TRACE o.s.s.w.a.logout.LogoutFilter - Did not match request to Or [Ant [pattern='/logout', GET], Ant [pattern='/logout', POST], Ant [pattern='/logout', PUT], Ant [pattern='/logout', DELETE]]
2026-08-12 04:25:25.312 [http-nio-8383-exec-9] TRACE o.s.security.web.FilterChainProxy - Invoking OAuth2AuthorizationRequestRedirectFilter (7/15)
2026-08-12 04:25:25.312 [http-nio-8383-exec-10] TRACE o.s.s.w.a.logout.LogoutFilter - Did not match request to Or [Ant [pattern='/logout', GET], Ant [pattern='/logout', POST], Ant [pattern='/logout', PUT], Ant [pattern='/logout', DELETE]]
2026-08-12 04:25:25.312 [http-nio-8383-exec-9] TRACE o.s.security.web.FilterChainProxy - Invoking OAuth2LoginAuthenticationFilter (8/15)
2026-08-12 04:25:25.312 [http-nio-8383-exec-10] TRACE o.s.security.web.FilterChainProxy - Invoking OAuth2AuthorizationRequestRedirectFilter (7/15)
2026-08-12 04:25:25.312 [http-nio-8383-exec-9] TRACE o.s.s.o.c.w.OAuth2LoginAuthenticationFilter - Did not match request to Ant [pattern='/login/oauth2/code/*']
2026-08-12 04:25:25.313 [http-nio-8383-exec-10] TRACE o.s.security.web.FilterChainProxy - Invoking OAuth2LoginAuthenticationFilter (8/15)
2026-08-12 04:25:25.313 [http-nio-8383-exec-9] TRACE o.s.security.web.FilterChainProxy - Invoking JwtFilter (9/15)
2026-08-12 04:25:25.313 [http-nio-8383-exec-10] TRACE o.s.s.o.c.w.OAuth2LoginAuthenticationFilter - Did not match request to Ant [pattern='/login/oauth2/code/*']
2026-08-12 04:25:25.314 [http-nio-8383-exec-10] TRACE o.s.security.web.FilterChainProxy - Invoking JwtFilter (9/15)
2026-08-12 04:25:25.322 [http-nio-8383-exec-9] TRACE o.s.security.web.FilterChainProxy - Invoking RequestCacheAwareFilter (10/15)
2026-08-12 04:25:25.322 [http-nio-8383-exec-9] TRACE o.s.security.web.FilterChainProxy - Invoking SecurityContextHolderAwareRequestFilter (11/15)
2026-08-12 04:25:25.322 [http-nio-8383-exec-9] TRACE o.s.security.web.FilterChainProxy - Invoking AnonymousAuthenticationFilter (12/15)
2026-08-12 04:25:25.322 [http-nio-8383-exec-9] TRACE o.s.security.web.FilterChainProxy - Invoking SessionManagementFilter (13/15)
2026-08-12 04:25:25.322 [http-nio-8383-exec-9] TRACE o.s.s.w.c.SupplierDeferredSecurityContext - Created SecurityContextImpl [Null authentication]
2026-08-12 04:25:25.322 [http-nio-8383-exec-9] TRACE o.s.s.w.a.AnonymousAuthenticationFilter - Set SecurityContextHolder to AnonymousAuthenticationToken [Principal=anonymousUser, Credentials=[PROTECTED], Authenticated=true, Details=WebAuthenticationDetails [RemoteIpAddress=0:0:0:0:0:0:0:1, SessionId=null], Granted Authorities=[ROLE_ANONYMOUS]]
2026-08-12 04:25:25.322 [http-nio-8383-exec-10] TRACE o.s.security.web.FilterChainProxy - Invoking RequestCacheAwareFilter (10/15)
2026-08-12 04:25:25.322 [http-nio-8383-exec-9] TRACE o.s.security.web.FilterChainProxy - Invoking ExceptionTranslationFilter (14/15)
2026-08-12 04:25:25.322 [http-nio-8383-exec-10] TRACE o.s.security.web.FilterChainProxy - Invoking SecurityContextHolderAwareRequestFilter (11/15)
2026-08-12 04:25:25.322 [http-nio-8383-exec-9] TRACE o.s.security.web.FilterChainProxy - Invoking AuthorizationFilter (15/15)
2026-08-12 04:25:25.322 [http-nio-8383-exec-10] TRACE o.s.security.web.FilterChainProxy - Invoking AnonymousAuthenticationFilter (12/15)
2026-08-12 04:25:25.323 [http-nio-8383-exec-10] TRACE o.s.security.web.FilterChainProxy - Invoking SessionManagementFilter (13/15)
2026-08-12 04:25:25.323 [http-nio-8383-exec-9] TRACE o.s.s.w.a.i.RequestMatcherDelegatingAuthorizationManager - Authorizing GET /api/products/list?category=&keyword=&sellerId=&page=0&size=50&sort=reviewCount,desc
2026-08-12 04:25:25.323 [http-nio-8383-exec-10] TRACE o.s.s.w.c.SupplierDeferredSecurityContext - Created SecurityContextImpl [Null authentication]
2026-08-12 04:25:25.323 [http-nio-8383-exec-9] TRACE o.s.s.w.a.i.RequestMatcherDelegatingAuthorizationManager - Checking authorization on GET /api/products/list?category=&keyword=&sellerId=&page=0&size=50&sort=reviewCount,desc using org.springframework.security.config.annotation.web.configurers.AuthorizeHttpRequestsConfigurer$$Lambda/0x000001e742def428@32a15f82
2026-08-12 04:25:25.323 [http-nio-8383-exec-10] TRACE o.s.s.w.a.AnonymousAuthenticationFilter - Set SecurityContextHolder to AnonymousAuthenticationToken [Principal=anonymousUser, Credentials=[PROTECTED], Authenticated=true, Details=WebAuthenticationDetails [RemoteIpAddress=0:0:0:0:0:0:0:1, SessionId=null], Granted Authorities=[ROLE_ANONYMOUS]]
2026-08-12 04:25:25.323 [http-nio-8383-exec-9] DEBUG o.s.security.web.FilterChainProxy - Secured GET /api/products/list?category=&keyword=&sellerId=&page=0&size=50&sort=reviewCount,desc
2026-08-12 04:25:25.323 [http-nio-8383-exec-10] TRACE o.s.security.web.FilterChainProxy - Invoking ExceptionTranslationFilter (14/15)
2026-08-12 04:25:25.323 [http-nio-8383-exec-10] TRACE o.s.security.web.FilterChainProxy - Invoking AuthorizationFilter (15/15)
2026-08-12 04:25:25.323 [http-nio-8383-exec-10] TRACE o.s.s.w.a.i.RequestMatcherDelegatingAuthorizationManager - Authorizing GET /api/products/list?category=&keyword=&sellerId=&page=0&size=20&sort=createdAt,desc
2026-08-12 04:25:25.324 [http-nio-8383-exec-10] TRACE o.s.s.w.a.i.RequestMatcherDelegatingAuthorizationManager - Checking authorization on GET /api/products/list?category=&keyword=&sellerId=&page=0&size=20&sort=createdAt,desc using org.springframework.security.config.annotation.web.configurers.AuthorizeHttpRequestsConfigurer$$Lambda/0x000001e742def428@32a15f82
2026-08-12 04:25:25.324 [http-nio-8383-exec-10] DEBUG o.s.security.web.FilterChainProxy - Secured GET /api/products/list?category=&keyword=&sellerId=&page=0&size=20&sort=createdAt,desc
2026-08-12 04:25:25.326 [http-nio-8383-exec-8] TRACE o.s.s.w.h.writers.HstsHeaderWriter - Not injecting HSTS header since it did not match request to [Is Secure]
2026-08-12 04:25:25.327 [http-nio-8383-exec-9] INFO  c.s.s.service.product.ProductService - 카테고리: , 키워드: , 판매자: null 로 검색 진행
2026-08-12 04:25:25.328 [http-nio-8383-exec-10] INFO  c.s.s.service.product.ProductService - 카테고리: , 키워드: , 판매자: null 로 검색 진행
2026-08-12 04:25:25.346 [http-nio-8383-exec-9] TRACE o.s.s.w.h.writers.HstsHeaderWriter - Not injecting HSTS header since it did not match request to [Is Secure]
2026-08-12 04:25:25.346 [http-nio-8383-exec-10] TRACE o.s.s.w.h.writers.HstsHeaderWriter - Not injecting HSTS header since it did not match request to [Is Secure]
2026-08-12 04:30:00.013 [scheduling-1] INFO  c.s.s.s.board.PostSyncScheduler - ==== Redis -> DB 동기화 스케줄러 시작 ====
2026-08-12 04:30:00.136 [scheduling-1] INFO  c.s.s.s.board.PostSyncScheduler - ==== Redis -> DB 동기화 완료 ====
2026-08-12 04:30:36.390 [background-preinit] INFO  o.h.validator.internal.util.Version - HV000001: Hibernate Validator 8.0.1.Final
2026-08-12 04:30:36.447 [restartedMain] INFO  c.s.s.SleepyBackendApplication - Starting SleepyBackendApplication using Java 21.0.5 with PID 18936 (C:\Users\USER\Desktop\sleepy-backend\sleepy-backend\build\classes\java\main started by USER in C:\Users\USER\Desktop\sleepy-backend\sleepy-backend)
2026-08-12 04:30:36.448 [restartedMain] INFO  c.s.s.SleepyBackendApplication - No active profile set, falling back to 1 default profile: "default"
2026-08-12 04:30:36.520 [restartedMain] INFO  o.s.b.d.e.DevToolsPropertyDefaultsPostProcessor - Devtools property defaults active! Set 'spring.devtools.add-properties' to 'false' to disable
2026-08-12 04:30:36.520 [restartedMain] INFO  o.s.b.d.e.DevToolsPropertyDefaultsPostProcessor - For additional web related logging consider setting the 'logging.level.web' property to 'DEBUG'
2026-08-12 04:30:38.035 [restartedMain] INFO  o.s.d.r.c.RepositoryConfigurationDelegate - Multiple Spring Data modules found, entering strict repository configuration mode
2026-08-12 04:30:38.038 [restartedMain] INFO  o.s.d.r.c.RepositoryConfigurationDelegate - Bootstrapping Spring Data JPA repositories in DEFAULT mode.
2026-08-12 04:30:38.332 [restartedMain] INFO  o.s.d.r.c.RepositoryConfigurationExtensionSupport - Spring Data JPA - Could not safely identify store assignment for repository candidate interface com.sleepyproject.sleepy_backend.repository.redis.BlackListedTokenRepository; If you want this repository to be a JPA repository, consider annotating your entities with one of these annotations: jakarta.persistence.Entity, jakarta.persistence.MappedSuperclass (preferred), or consider extending one of the following types with your repository: org.springframework.data.jpa.repository.JpaRepository
2026-08-12 04:30:38.335 [restartedMain] INFO  o.s.d.r.c.RepositoryConfigurationExtensionSupport - Spring Data JPA - Could not safely identify store assignment for repository candidate interface com.sleepyproject.sleepy_backend.repository.redis.RefreshTokenRepository; If you want this repository to be a JPA repository, consider annotating your entities with one of these annotations: jakarta.persistence.Entity, jakarta.persistence.MappedSuperclass (preferred), or consider extending one of the following types with your repository: org.springframework.data.jpa.repository.JpaRepository
2026-08-12 04:30:38.413 [restartedMain] INFO  o.s.d.r.c.RepositoryConfigurationDelegate - Finished Spring Data repository scanning in 364 ms. Found 16 JPA repository interfaces.
2026-08-12 04:30:38.433 [restartedMain] INFO  o.s.d.r.c.RepositoryConfigurationDelegate - Multiple Spring Data modules found, entering strict repository configuration mode
2026-08-12 04:30:38.435 [restartedMain] INFO  o.s.d.r.c.RepositoryConfigurationDelegate - Bootstrapping Spring Data Redis repositories in DEFAULT mode.
2026-08-12 04:30:38.475 [restartedMain] INFO  o.s.d.r.c.RepositoryConfigurationExtensionSupport - Spring Data Redis - Could not safely identify store assignment for repository candidate interface com.sleepyproject.sleepy_backend.domain.member.BrandScrapRepository; If you want this repository to be a Redis repository, consider annotating your entities with one of these annotations: org.springframework.data.redis.core.RedisHash (preferred), or consider extending one of the following types with your repository: org.springframework.data.keyvalue.repository.KeyValueRepository
2026-08-12 04:30:38.476 [restartedMain] INFO  o.s.d.r.c.RepositoryConfigurationExtensionSupport - Spring Data Redis - Could not safely identify store assignment for repository candidate interface com.sleepyproject.sleepy_backend.repository.board.CommentRepository; If you want this repository to be a Redis repository, consider annotating your entities with one of these annotations: org.springframework.data.redis.core.RedisHash (preferred), or consider extending one of the following types with your repository: org.springframework.data.keyvalue.repository.KeyValueRepository
2026-08-12 04:30:38.477 [restartedMain] INFO  o.s.d.r.c.RepositoryConfigurationExtensionSupport - Spring Data Redis - Could not safely identify store assignment for repository candidate interface com.sleepyproject.sleepy_backend.repository.board.PostLikeRepository; If you want this repository to be a Redis repository, consider annotating your entities with one of these annotations: org.springframework.data.redis.core.RedisHash (preferred), or consider extending one of the following types with your repository: org.springframework.data.keyvalue.repository.KeyValueRepository
2026-08-12 04:30:38.478 [restartedMain] INFO  o.s.d.r.c.RepositoryConfigurationExtensionSupport - Spring Data Redis - Could not safely identify store assignment for repository candidate interface com.sleepyproject.sleepy_backend.repository.board.PostRepository; If you want this repository to be a Redis repository, consider annotating your entities with one of these annotations: org.springframework.data.redis.core.RedisHash (preferred), or consider extending one of the following types with your repository: org.springframework.data.keyvalue.repository.KeyValueRepository
2026-08-12 04:30:38.480 [restartedMain] INFO  o.s.d.r.c.RepositoryConfigurationExtensionSupport - Spring Data Redis - Could not safely identify store assignment for repository candidate interface com.sleepyproject.sleepy_backend.repository.inquiry.InquiryRepository; If you want this repository to be a Redis repository, consider annotating your entities with one of these annotations: org.springframework.data.redis.core.RedisHash (preferred), or consider extending one of the following types with your repository: org.springframework.data.keyvalue.repository.KeyValueRepository
2026-08-12 04:30:38.481 [restartedMain] INFO  o.s.d.r.c.RepositoryConfigurationExtensionSupport - Spring Data Redis - Could not safely identify store assignment for repository candidate interface com.sleepyproject.sleepy_backend.repository.like.LikeRepository; If you want this repository to be a Redis repository, consider annotating your entities with one of these annotations: org.springframework.data.redis.core.RedisHash (preferred), or consider extending one of the following types with your repository: org.springframework.data.keyvalue.repository.KeyValueRepository
2026-08-12 04:30:38.481 [restartedMain] INFO  o.s.d.r.c.RepositoryConfigurationExtensionSupport - Spring Data Redis - Could not safely identify store assignment for repository candidate interface com.sleepyproject.sleepy_backend.repository.member.MemberRepository; If you want this repository to be a Redis repository, consider annotating your entities with one of these annotations: org.springframework.data.redis.core.RedisHash (preferred), or consider extending one of the following types with your repository: org.springframework.data.keyvalue.repository.KeyValueRepository
2026-08-12 04:30:38.481 [restartedMain] INFO  o.s.d.r.c.RepositoryConfigurationExtensionSupport - Spring Data Redis - Could not safely identify store assignment for repository candidate interface com.sleepyproject.sleepy_backend.repository.NotificationRepository; If you want this repository to be a Redis repository, consider annotating your entities with one of these annotations: org.springframework.data.redis.core.RedisHash (preferred), or consider extending one of the following types with your repository: org.springframework.data.keyvalue.repository.KeyValueRepository
2026-08-12 04:30:38.482 [restartedMain] INFO  o.s.d.r.c.RepositoryConfigurationExtensionSupport - Spring Data Redis - Could not safely identify store assignment for repository candidate interface com.sleepyproject.sleepy_backend.repository.product.ProductRepository; If you want this repository to be a Redis repository, consider annotating your entities with one of these annotations: org.springframework.data.redis.core.RedisHash (preferred), or consider extending one of the following types with your repository: org.springframework.data.keyvalue.repository.KeyValueRepository
2026-08-12 04:30:38.482 [restartedMain] INFO  o.s.d.r.c.RepositoryConfigurationExtensionSupport - Spring Data Redis - Could not safely identify store assignment for repository candidate interface com.sleepyproject.sleepy_backend.repository.product.ProductTagRepository; If you want this repository to be a Redis repository, consider annotating your entities with one of these annotations: org.springframework.data.redis.core.RedisHash (preferred), or consider extending one of the following types with your repository: org.springframework.data.keyvalue.repository.KeyValueRepository
2026-08-12 04:30:38.482 [restartedMain] INFO  o.s.d.r.c.RepositoryConfigurationExtensionSupport - Spring Data Redis - Could not safely identify store assignment for repository candidate interface com.sleepyproject.sleepy_backend.repository.product.TagRepository; If you want this repository to be a Redis repository, consider annotating your entities with one of these annotations: org.springframework.data.redis.core.RedisHash (preferred), or consider extending one of the following types with your repository: org.springframework.data.keyvalue.repository.KeyValueRepository
2026-08-12 04:30:38.483 [restartedMain] INFO  o.s.d.r.c.RepositoryConfigurationExtensionSupport - Spring Data Redis - Could not safely identify store assignment for repository candidate interface com.sleepyproject.sleepy_backend.repository.product.WishlistRepository; If you want this repository to be a Redis repository, consider annotating your entities with one of these annotations: org.springframework.data.redis.core.RedisHash (preferred), or consider extending one of the following types with your repository: org.springframework.data.keyvalue.repository.KeyValueRepository
2026-08-12 04:30:38.484 [restartedMain] INFO  o.s.d.r.c.RepositoryConfigurationExtensionSupport - Spring Data Redis - Could not safely identify store assignment for repository candidate interface com.sleepyproject.sleepy_backend.repository.report.ReportRepository; If you want this repository to be a Redis repository, consider annotating your entities with one of these annotations: org.springframework.data.redis.core.RedisHash (preferred), or consider extending one of the following types with your repository: org.springframework.data.keyvalue.repository.KeyValueRepository
2026-08-12 04:30:38.485 [restartedMain] INFO  o.s.d.r.c.RepositoryConfigurationExtensionSupport - Spring Data Redis - Could not safely identify store assignment for repository candidate interface com.sleepyproject.sleepy_backend.repository.review.ReviewReportRepository; If you want this repository to be a Redis repository, consider annotating your entities with one of these annotations: org.springframework.data.redis.core.RedisHash (preferred), or consider extending one of the following types with your repository: org.springframework.data.keyvalue.repository.KeyValueRepository
2026-08-12 04:30:38.486 [restartedMain] INFO  o.s.d.r.c.RepositoryConfigurationExtensionSupport - Spring Data Redis - Could not safely identify store assignment for repository candidate interface com.sleepyproject.sleepy_backend.repository.review.ReviewRepository; If you want this repository to be a Redis repository, consider annotating your entities with one of these annotations: org.springframework.data.redis.core.RedisHash (preferred), or consider extending one of the following types with your repository: org.springframework.data.keyvalue.repository.KeyValueRepository
2026-08-12 04:30:38.486 [restartedMain] INFO  o.s.d.r.c.RepositoryConfigurationExtensionSupport - Spring Data Redis - Could not safely identify store assignment for repository candidate interface com.sleepyproject.sleepy_backend.repository.seller.SellerApplicationRepository; If you want this repository to be a Redis repository, consider annotating your entities with one of these annotations: org.springframework.data.redis.core.RedisHash (preferred), or consider extending one of the following types with your repository: org.springframework.data.keyvalue.repository.KeyValueRepository
2026-08-12 04:30:38.510 [restartedMain] INFO  o.s.d.r.c.RepositoryConfigurationDelegate - Finished Spring Data repository scanning in 63 ms. Found 2 Redis repository interfaces.
2026-08-12 04:30:39.962 [restartedMain] INFO  o.s.b.w.e.tomcat.TomcatWebServer - Tomcat initialized with port 8383 (http)
2026-08-12 04:30:39.981 [restartedMain] INFO  o.a.coyote.http11.Http11NioProtocol - Initializing ProtocolHandler ["http-nio-8383"]
2026-08-12 04:30:39.989 [restartedMain] INFO  o.a.catalina.core.StandardService - Starting service [Tomcat]
2026-08-12 04:30:39.990 [restartedMain] INFO  o.a.catalina.core.StandardEngine - Starting Servlet engine: [Apache Tomcat/10.1.31]
2026-08-12 04:30:40.073 [restartedMain] INFO  o.a.c.c.C.[Tomcat].[localhost].[/] - Initializing Spring embedded WebApplicationContext
2026-08-12 04:30:40.075 [restartedMain] INFO  o.s.b.w.s.c.ServletWebServerApplicationContext - Root WebApplicationContext: initialization completed in 3553 ms
2026-08-12 04:30:40.423 [restartedMain] INFO  com.zaxxer.hikari.HikariDataSource - HikariPool-1 - Starting...
2026-08-12 04:30:40.810 [restartedMain] INFO  com.zaxxer.hikari.pool.HikariPool - HikariPool-1 - Added connection com.mysql.cj.jdbc.ConnectionImpl@6592aee
2026-08-12 04:30:40.813 [restartedMain] INFO  com.zaxxer.hikari.HikariDataSource - HikariPool-1 - Start completed.
2026-08-12 04:30:40.868 [restartedMain] INFO  org.flywaydb.core.FlywayExecutor - Database: jdbc:mysql://localhost:3306/sleepy (MySQL 8.0)
2026-08-12 04:30:40.922 [restartedMain] INFO  o.f.c.i.s.JdbcTableSchemaHistory - Repair of failed migration in Schema History table `sleepy`.`flyway_schema_history` not necessary. No failed migration detected.
2026-08-12 04:30:40.963 [restartedMain] INFO  o.f.core.internal.command.DbRepair - Successfully repaired schema history table `sleepy`.`flyway_schema_history` (execution time 00:00.068s).
2026-08-12 04:30:41.012 [restartedMain] INFO  o.f.core.internal.command.DbValidate - Successfully validated 13 migrations (execution time 00:00.028s)
2026-08-12 04:30:41.028 [restartedMain] INFO  o.f.core.internal.command.DbMigrate - Current version of schema `sleepy`: 13
2026-08-12 04:30:41.033 [restartedMain] INFO  o.f.core.internal.command.DbMigrate - Schema `sleepy` is up to date. No migration necessary.
2026-08-12 04:30:41.164 [restartedMain] INFO  o.h.jpa.internal.util.LogHelper - HHH000204: Processing PersistenceUnitInfo [name: default]
2026-08-12 04:30:41.282 [restartedMain] INFO  org.hibernate.Version - HHH000412: Hibernate ORM core version 6.5.3.Final
2026-08-12 04:30:41.347 [restartedMain] INFO  o.h.c.i.RegionFactoryInitiator - HHH000026: Second-level cache disabled
2026-08-12 04:30:41.821 [restartedMain] INFO  o.s.o.j.p.SpringPersistenceUnitInfo - No LoadTimeWeaver setup: ignoring JPA class transformer
2026-08-12 04:30:41.900 [restartedMain] WARN  org.hibernate.orm.deprecation - HHH90000025: MySQL8Dialect does not need to be specified explicitly using 'hibernate.dialect' (remove the property setting and it will be selected by default)
2026-08-12 04:30:41.902 [restartedMain] WARN  org.hibernate.orm.deprecation - HHH90000026: MySQL8Dialect has been deprecated; use org.hibernate.dialect.MySQLDialect instead
2026-08-12 04:30:43.547 [restartedMain] INFO  o.h.e.t.j.p.i.JtaPlatformInitiator - HHH000489: No JTA platform available (set 'hibernate.transaction.jta.platform' to enable JTA platform integration)
2026-08-12 04:30:43.885 [restartedMain] INFO  o.s.o.j.LocalContainerEntityManagerFactoryBean - Initialized JPA EntityManagerFactory for persistence unit 'default'
2026-08-12 04:30:44.739 [restartedMain] INFO  o.s.b.d.a.OptionalLiveReloadServer - LiveReload server is running on port 35729
2026-08-12 04:30:44.781 [restartedMain] INFO  o.s.d.j.r.query.QueryEnhancerFactory - Hibernate is in classpath; If applicable, HQL parser will be used.
2026-08-12 04:30:47.382 [restartedMain] WARN  o.s.b.a.o.j.JpaBaseConfiguration$JpaWebConfiguration - spring.jpa.open-in-view is enabled by default. Therefore, database queries may be performed during view rendering. Explicitly configure spring.jpa.open-in-view to disable this warning
2026-08-12 04:30:47.487 [restartedMain] TRACE o.s.s.c.a.a.c.AuthenticationConfiguration$EnableGlobalAuthenticationAutowiredConfigurer - Eagerly initializing {org.springframework.boot.autoconfigure.security.servlet.SpringBootWebSecurityConfiguration$WebSecurityEnablerConfiguration=org.springframework.boot.autoconfigure.security.servlet.SpringBootWebSecurityConfiguration$WebSecurityEnablerConfiguration@413822c4}
2026-08-12 04:30:47.490 [restartedMain] DEBUG o.s.s.c.a.a.c.AuthenticationConfiguration$DefaultPasswordEncoderAuthenticationManagerBuilder - No authenticationProviders and no parentAuthenticationManager defined. Returning null.
2026-08-12 04:30:47.946 [restartedMain] DEBUG o.s.s.web.DefaultSecurityFilterChain - Will secure any request with filters: DisableEncodeUrlFilter, WebAsyncManagerIntegrationFilter, SecurityContextHolderFilter, HeaderWriterFilter, CorsFilter, LogoutFilter, OAuth2AuthorizationRequestRedirectFilter, OAuth2LoginAuthenticationFilter, JwtFilter, RequestCacheAwareFilter, SecurityContextHolderAwareRequestFilter, AnonymousAuthenticationFilter, SessionManagementFilter, ExceptionTranslationFilter, AuthorizationFilter
2026-08-12 04:30:48.529 [restartedMain] INFO  o.a.coyote.http11.Http11NioProtocol - Starting ProtocolHandler ["http-nio-8383"]
2026-08-12 04:30:48.540 [restartedMain] WARN  o.s.b.w.s.c.AnnotationConfigServletWebServerApplicationContext - Exception encountered during context initialization - cancelling refresh attempt: org.springframework.context.ApplicationContextException: Failed to start bean 'webServerStartStop'
2026-08-12 04:30:48.558 [restartedMain] INFO  o.s.o.j.LocalContainerEntityManagerFactoryBean - Closing JPA EntityManagerFactory for persistence unit 'default'
2026-08-12 04:30:48.561 [restartedMain] INFO  com.zaxxer.hikari.HikariDataSource - HikariPool-1 - Shutdown initiated...
2026-08-12 04:30:48.570 [restartedMain] INFO  com.zaxxer.hikari.HikariDataSource - HikariPool-1 - Shutdown completed.
2026-08-12 04:30:48.586 [restartedMain] INFO  o.s.b.a.l.ConditionEvaluationReportLogger - 

Error starting ApplicationContext. To display the condition evaluation report re-run your application with 'debug' enabled.
2026-08-12 04:30:48.613 [restartedMain] ERROR o.s.b.d.LoggingFailureAnalysisReporter - 

***************************
APPLICATION FAILED TO START
***************************

Description:

Web server failed to start. Port 8383 was already in use.

Action:

Identify and stop the process that's listening on port 8383 or configure this application to listen on another port.

2026-08-12 04:32:30.789 [background-preinit] INFO  o.h.validator.internal.util.Version - HV000001: Hibernate Validator 8.0.1.Final
2026-08-12 04:32:30.848 [restartedMain] INFO  c.s.s.SleepyBackendApplication - Starting SleepyBackendApplication using Java 21.0.5 with PID 15532 (C:\Users\USER\Desktop\sleepy-backend\sleepy-backend\build\classes\java\main started by USER in C:\Users\USER\Desktop\sleepy-backend\sleepy-backend)
2026-08-12 04:32:30.849 [restartedMain] INFO  c.s.s.SleepyBackendApplication - No active profile set, falling back to 1 default profile: "default"
2026-08-12 04:32:30.916 [restartedMain] INFO  o.s.b.d.e.DevToolsPropertyDefaultsPostProcessor - Devtools property defaults active! Set 'spring.devtools.add-properties' to 'false' to disable
2026-08-12 04:32:30.917 [restartedMain] INFO  o.s.b.d.e.DevToolsPropertyDefaultsPostProcessor - For additional web related logging consider setting the 'logging.level.web' property to 'DEBUG'
2026-08-12 04:32:32.471 [restartedMain] INFO  o.s.d.r.c.RepositoryConfigurationDelegate - Multiple Spring Data modules found, entering strict repository configuration mode
2026-08-12 04:32:32.473 [restartedMain] INFO  o.s.d.r.c.RepositoryConfigurationDelegate - Bootstrapping Spring Data JPA repositories in DEFAULT mode.
2026-08-12 04:32:32.768 [restartedMain] INFO  o.s.d.r.c.RepositoryConfigurationExtensionSupport - Spring Data JPA - Could not safely identify store assignment for repository candidate interface com.sleepyproject.sleepy_backend.repository.redis.BlackListedTokenRepository; If you want this repository to be a JPA repository, consider annotating your entities with one of these annotations: jakarta.persistence.Entity, jakarta.persistence.MappedSuperclass (preferred), or consider extending one of the following types with your repository: org.springframework.data.jpa.repository.JpaRepository
2026-08-12 04:32:32.774 [restartedMain] INFO  o.s.d.r.c.RepositoryConfigurationExtensionSupport - Spring Data JPA - Could not safely identify store assignment for repository candidate interface com.sleepyproject.sleepy_backend.repository.redis.RefreshTokenRepository; If you want this repository to be a JPA repository, consider annotating your entities with one of these annotations: jakarta.persistence.Entity, jakarta.persistence.MappedSuperclass (preferred), or consider extending one of the following types with your repository: org.springframework.data.jpa.repository.JpaRepository
2026-08-12 04:32:32.851 [restartedMain] INFO  o.s.d.r.c.RepositoryConfigurationDelegate - Finished Spring Data repository scanning in 367 ms. Found 16 JPA repository interfaces.
2026-08-12 04:32:32.870 [restartedMain] INFO  o.s.d.r.c.RepositoryConfigurationDelegate - Multiple Spring Data modules found, entering strict repository configuration mode
2026-08-12 04:32:32.871 [restartedMain] INFO  o.s.d.r.c.RepositoryConfigurationDelegate - Bootstrapping Spring Data Redis repositories in DEFAULT mode.
2026-08-12 04:32:32.903 [restartedMain] INFO  o.s.d.r.c.RepositoryConfigurationExtensionSupport - Spring Data Redis - Could not safely identify store assignment for repository candidate interface com.sleepyproject.sleepy_backend.domain.member.BrandScrapRepository; If you want this repository to be a Redis repository, consider annotating your entities with one of these annotations: org.springframework.data.redis.core.RedisHash (preferred), or consider extending one of the following types with your repository: org.springframework.data.keyvalue.repository.KeyValueRepository
2026-08-12 04:32:32.903 [restartedMain] INFO  o.s.d.r.c.RepositoryConfigurationExtensionSupport - Spring Data Redis - Could not safely identify store assignment for repository candidate interface com.sleepyproject.sleepy_backend.repository.board.CommentRepository; If you want this repository to be a Redis repository, consider annotating your entities with one of these annotations: org.springframework.data.redis.core.RedisHash (preferred), or consider extending one of the following types with your repository: org.springframework.data.keyvalue.repository.KeyValueRepository
2026-08-12 04:32:32.904 [restartedMain] INFO  o.s.d.r.c.RepositoryConfigurationExtensionSupport - Spring Data Redis - Could not safely identify store assignment for repository candidate interface com.sleepyproject.sleepy_backend.repository.board.PostLikeRepository; If you want this repository to be a Redis repository, consider annotating your entities with one of these annotations: org.springframework.data.redis.core.RedisHash (preferred), or consider extending one of the following types with your repository: org.springframework.data.keyvalue.repository.KeyValueRepository
2026-08-12 04:32:32.905 [restartedMain] INFO  o.s.d.r.c.RepositoryConfigurationExtensionSupport - Spring Data Redis - Could not safely identify store assignment for repository candidate interface com.sleepyproject.sleepy_backend.repository.board.PostRepository; If you want this repository to be a Redis repository, consider annotating your entities with one of these annotations: org.springframework.data.redis.core.RedisHash (preferred), or consider extending one of the following types with your repository: org.springframework.data.keyvalue.repository.KeyValueRepository
2026-08-12 04:32:32.906 [restartedMain] INFO  o.s.d.r.c.RepositoryConfigurationExtensionSupport - Spring Data Redis - Could not safely identify store assignment for repository candidate interface com.sleepyproject.sleepy_backend.repository.inquiry.InquiryRepository; If you want this repository to be a Redis repository, consider annotating your entities with one of these annotations: org.springframework.data.redis.core.RedisHash (preferred), or consider extending one of the following types with your repository: org.springframework.data.keyvalue.repository.KeyValueRepository
2026-08-12 04:32:32.906 [restartedMain] INFO  o.s.d.r.c.RepositoryConfigurationExtensionSupport - Spring Data Redis - Could not safely identify store assignment for repository candidate interface com.sleepyproject.sleepy_backend.repository.like.LikeRepository; If you want this repository to be a Redis repository, consider annotating your entities with one of these annotations: org.springframework.data.redis.core.RedisHash (preferred), or consider extending one of the following types with your repository: org.springframework.data.keyvalue.repository.KeyValueRepository
2026-08-12 04:32:32.906 [restartedMain] INFO  o.s.d.r.c.RepositoryConfigurationExtensionSupport - Spring Data Redis - Could not safely identify store assignment for repository candidate interface com.sleepyproject.sleepy_backend.repository.member.MemberRepository; If you want this repository to be a Redis repository, consider annotating your entities with one of these annotations: org.springframework.data.redis.core.RedisHash (preferred), or consider extending one of the following types with your repository: org.springframework.data.keyvalue.repository.KeyValueRepository
2026-08-12 04:32:32.907 [restartedMain] INFO  o.s.d.r.c.RepositoryConfigurationExtensionSupport - Spring Data Redis - Could not safely identify store assignment for repository candidate interface com.sleepyproject.sleepy_backend.repository.NotificationRepository; If you want this repository to be a Redis repository, consider annotating your entities with one of these annotations: org.springframework.data.redis.core.RedisHash (preferred), or consider extending one of the following types with your repository: org.springframework.data.keyvalue.repository.KeyValueRepository
2026-08-12 04:32:32.907 [restartedMain] INFO  o.s.d.r.c.RepositoryConfigurationExtensionSupport - Spring Data Redis - Could not safely identify store assignment for repository candidate interface com.sleepyproject.sleepy_backend.repository.product.ProductRepository; If you want this repository to be a Redis repository, consider annotating your entities with one of these annotations: org.springframework.data.redis.core.RedisHash (preferred), or consider extending one of the following types with your repository: org.springframework.data.keyvalue.repository.KeyValueRepository
2026-08-12 04:32:32.907 [restartedMain] INFO  o.s.d.r.c.RepositoryConfigurationExtensionSupport - Spring Data Redis - Could not safely identify store assignment for repository candidate interface com.sleepyproject.sleepy_backend.repository.product.ProductTagRepository; If you want this repository to be a Redis repository, consider annotating your entities with one of these annotations: org.springframework.data.redis.core.RedisHash (preferred), or consider extending one of the following types with your repository: org.springframework.data.keyvalue.repository.KeyValueRepository
2026-08-12 04:32:32.907 [restartedMain] INFO  o.s.d.r.c.RepositoryConfigurationExtensionSupport - Spring Data Redis - Could not safely identify store assignment for repository candidate interface com.sleepyproject.sleepy_backend.repository.product.TagRepository; If you want this repository to be a Redis repository, consider annotating your entities with one of these annotations: org.springframework.data.redis.core.RedisHash (preferred), or consider extending one of the following types with your repository: org.springframework.data.keyvalue.repository.KeyValueRepository
2026-08-12 04:32:32.907 [restartedMain] INFO  o.s.d.r.c.RepositoryConfigurationExtensionSupport - Spring Data Redis - Could not safely identify store assignment for repository candidate interface com.sleepyproject.sleepy_backend.repository.product.WishlistRepository; If you want this repository to be a Redis repository, consider annotating your entities with one of these annotations: org.springframework.data.redis.core.RedisHash (preferred), or consider extending one of the following types with your repository: org.springframework.data.keyvalue.repository.KeyValueRepository
2026-08-12 04:32:32.909 [restartedMain] INFO  o.s.d.r.c.RepositoryConfigurationExtensionSupport - Spring Data Redis - Could not safely identify store assignment for repository candidate interface com.sleepyproject.sleepy_backend.repository.report.ReportRepository; If you want this repository to be a Redis repository, consider annotating your entities with one of these annotations: org.springframework.data.redis.core.RedisHash (preferred), or consider extending one of the following types with your repository: org.springframework.data.keyvalue.repository.KeyValueRepository
2026-08-12 04:32:32.909 [restartedMain] INFO  o.s.d.r.c.RepositoryConfigurationExtensionSupport - Spring Data Redis - Could not safely identify store assignment for repository candidate interface com.sleepyproject.sleepy_backend.repository.review.ReviewReportRepository; If you want this repository to be a Redis repository, consider annotating your entities with one of these annotations: org.springframework.data.redis.core.RedisHash (preferred), or consider extending one of the following types with your repository: org.springframework.data.keyvalue.repository.KeyValueRepository
2026-08-12 04:32:32.909 [restartedMain] INFO  o.s.d.r.c.RepositoryConfigurationExtensionSupport - Spring Data Redis - Could not safely identify store assignment for repository candidate interface com.sleepyproject.sleepy_backend.repository.review.ReviewRepository; If you want this repository to be a Redis repository, consider annotating your entities with one of these annotations: org.springframework.data.redis.core.RedisHash (preferred), or consider extending one of the following types with your repository: org.springframework.data.keyvalue.repository.KeyValueRepository
2026-08-12 04:32:32.909 [restartedMain] INFO  o.s.d.r.c.RepositoryConfigurationExtensionSupport - Spring Data Redis - Could not safely identify store assignment for repository candidate interface com.sleepyproject.sleepy_backend.repository.seller.SellerApplicationRepository; If you want this repository to be a Redis repository, consider annotating your entities with one of these annotations: org.springframework.data.redis.core.RedisHash (preferred), or consider extending one of the following types with your repository: org.springframework.data.keyvalue.repository.KeyValueRepository
2026-08-12 04:32:32.932 [restartedMain] INFO  o.s.d.r.c.RepositoryConfigurationDelegate - Finished Spring Data repository scanning in 52 ms. Found 2 Redis repository interfaces.
2026-08-12 04:32:34.080 [restartedMain] INFO  o.s.b.w.e.tomcat.TomcatWebServer - Tomcat initialized with port 8383 (http)
2026-08-12 04:32:34.095 [restartedMain] INFO  o.a.coyote.http11.Http11NioProtocol - Initializing ProtocolHandler ["http-nio-8383"]
2026-08-12 04:32:34.101 [restartedMain] INFO  o.a.catalina.core.StandardService - Starting service [Tomcat]
2026-08-12 04:32:34.102 [restartedMain] INFO  o.a.catalina.core.StandardEngine - Starting Servlet engine: [Apache Tomcat/10.1.31]
2026-08-12 04:32:34.159 [restartedMain] INFO  o.a.c.c.C.[Tomcat].[localhost].[/] - Initializing Spring embedded WebApplicationContext
2026-08-12 04:32:34.161 [restartedMain] INFO  o.s.b.w.s.c.ServletWebServerApplicationContext - Root WebApplicationContext: initialization completed in 3243 ms
2026-08-12 04:32:34.484 [restartedMain] INFO  com.zaxxer.hikari.HikariDataSource - HikariPool-1 - Starting...
2026-08-12 04:32:34.948 [restartedMain] INFO  com.zaxxer.hikari.pool.HikariPool - HikariPool-1 - Added connection com.mysql.cj.jdbc.ConnectionImpl@7b75df45
2026-08-12 04:32:34.951 [restartedMain] INFO  com.zaxxer.hikari.HikariDataSource - HikariPool-1 - Start completed.
2026-08-12 04:32:35.010 [restartedMain] INFO  org.flywaydb.core.FlywayExecutor - Database: jdbc:mysql://localhost:3306/sleepy (MySQL 8.0)
2026-08-12 04:32:35.075 [restartedMain] INFO  o.f.c.i.s.JdbcTableSchemaHistory - Repair of failed migration in Schema History table `sleepy`.`flyway_schema_history` not necessary. No failed migration detected.
2026-08-12 04:32:35.113 [restartedMain] INFO  o.f.core.internal.command.DbRepair - Successfully repaired schema history table `sleepy`.`flyway_schema_history` (execution time 00:00.067s).
2026-08-12 04:32:35.170 [restartedMain] INFO  o.f.core.internal.command.DbValidate - Successfully validated 13 migrations (execution time 00:00.033s)
2026-08-12 04:32:35.188 [restartedMain] INFO  o.f.core.internal.command.DbMigrate - Current version of schema `sleepy`: 13
2026-08-12 04:32:35.193 [restartedMain] INFO  o.f.core.internal.command.DbMigrate - Schema `sleepy` is up to date. No migration necessary.
2026-08-12 04:32:35.354 [restartedMain] INFO  o.h.jpa.internal.util.LogHelper - HHH000204: Processing PersistenceUnitInfo [name: default]
2026-08-12 04:32:35.464 [restartedMain] INFO  org.hibernate.Version - HHH000412: Hibernate ORM core version 6.5.3.Final
2026-08-12 04:32:35.516 [restartedMain] INFO  o.h.c.i.RegionFactoryInitiator - HHH000026: Second-level cache disabled
2026-08-12 04:32:36.103 [restartedMain] INFO  o.s.o.j.p.SpringPersistenceUnitInfo - No LoadTimeWeaver setup: ignoring JPA class transformer
2026-08-12 04:32:36.212 [restartedMain] WARN  org.hibernate.orm.deprecation - HHH90000025: MySQL8Dialect does not need to be specified explicitly using 'hibernate.dialect' (remove the property setting and it will be selected by default)
2026-08-12 04:32:36.214 [restartedMain] WARN  org.hibernate.orm.deprecation - HHH90000026: MySQL8Dialect has been deprecated; use org.hibernate.dialect.MySQLDialect instead
2026-08-12 04:32:38.105 [restartedMain] INFO  o.h.e.t.j.p.i.JtaPlatformInitiator - HHH000489: No JTA platform available (set 'hibernate.transaction.jta.platform' to enable JTA platform integration)
2026-08-12 04:32:38.504 [restartedMain] INFO  o.s.o.j.LocalContainerEntityManagerFactoryBean - Initialized JPA EntityManagerFactory for persistence unit 'default'
2026-08-12 04:32:39.460 [restartedMain] INFO  o.s.b.d.a.OptionalLiveReloadServer - LiveReload server is running on port 35729
2026-08-12 04:32:39.512 [restartedMain] INFO  o.s.d.j.r.query.QueryEnhancerFactory - Hibernate is in classpath; If applicable, HQL parser will be used.
2026-08-12 04:32:42.298 [restartedMain] WARN  o.s.b.a.o.j.JpaBaseConfiguration$JpaWebConfiguration - spring.jpa.open-in-view is enabled by default. Therefore, database queries may be performed during view rendering. Explicitly configure spring.jpa.open-in-view to disable this warning
2026-08-12 04:32:42.411 [restartedMain] TRACE o.s.s.c.a.a.c.AuthenticationConfiguration$EnableGlobalAuthenticationAutowiredConfigurer - Eagerly initializing {org.springframework.boot.autoconfigure.security.servlet.SpringBootWebSecurityConfiguration$WebSecurityEnablerConfiguration=org.springframework.boot.autoconfigure.security.servlet.SpringBootWebSecurityConfiguration$WebSecurityEnablerConfiguration@2d423dc9}
2026-08-12 04:32:42.415 [restartedMain] DEBUG o.s.s.c.a.a.c.AuthenticationConfiguration$DefaultPasswordEncoderAuthenticationManagerBuilder - No authenticationProviders and no parentAuthenticationManager defined. Returning null.
2026-08-12 04:32:42.870 [restartedMain] DEBUG o.s.s.web.DefaultSecurityFilterChain - Will secure any request with filters: DisableEncodeUrlFilter, WebAsyncManagerIntegrationFilter, SecurityContextHolderFilter, HeaderWriterFilter, CorsFilter, LogoutFilter, OAuth2AuthorizationRequestRedirectFilter, OAuth2LoginAuthenticationFilter, JwtFilter, RequestCacheAwareFilter, SecurityContextHolderAwareRequestFilter, AnonymousAuthenticationFilter, SessionManagementFilter, ExceptionTranslationFilter, AuthorizationFilter
2026-08-12 04:32:43.425 [restartedMain] INFO  o.a.coyote.http11.Http11NioProtocol - Starting ProtocolHandler ["http-nio-8383"]
2026-08-12 04:32:43.449 [restartedMain] INFO  o.s.b.w.e.tomcat.TomcatWebServer - Tomcat started on port 8383 (http) with context path '/'
2026-08-12 04:32:43.463 [restartedMain] INFO  c.s.s.SleepyBackendApplication - Started SleepyBackendApplication in 13.347 seconds (process running for 14.175)
